o Hek_klein.002_Circle.088
v -1.9032 0.25 -1.9032
v -0.5968 0.25 -1.9032
v -0.5968 0.25 -0.5968
v -1.9032 0.25 -0.5968
v -1.75 1 -1.75
v -0.75 1 -1.75
v -0.75 1 -0.75
v -1.75 1 -0.75
v -1.9032 0 -1.9032
v -0.5968 0 -1.9032
v -0.5968 0 -0.5968
v -1.9032 0 -0.5968
v -1.425 7.1 0.9967
v -1.085 7.1 0.9967
v -1.085 7 0.9967
v -1.425 7 0.9967
v -1.135 7 0.9967
v -1.135 7.1 0.9967
v -1.375 7 0.9967
v -1.375 7.1 0.9967
v -1.425 4.05 0.9967
v -1.085 4.05 0.9967
v -1.085 3.95 0.9967
v -1.425 3.95 0.9967
v -1.135 3.95 0.9967
v -1.135 4.05 0.9967
v -1.375 3.95 0.9967
v -1.375 4.05 0.9967
v -1 4.05 -1
v -1.5 5.5 -1.425
v -1 5.5 -1.425
v -1 5 -1.425
v -1.5 5 -1.425
v -1.5 6.95 -1.425
v -1 6.95 -1.425
v -1 7.1 -1.5
v -1 6.05 -1.5
v -1 5.05 -1.5
v -1.5 5.05 -1.5
v -1.5 6.05 -1.5
v -1.5 7.1 -1.5
v -1.5 6.5 -1.425
v -1 6.5 -1.425
v -1.5 6.55 -1.425
v -1 6.55 -1.425
v -1 7.1 -1
v -1 6.05 -1
v -1 5.05 -1
v -1 5.55 -1.425
v -1.5 5.55 -1.425
v -1.5 7.1 -1
v -1.5 6.05 -1
v -1.5 5.05 -1
v -1 4.55 -1.5
v -1 4.55 -1
v -1.5 4.55 -1
v -1.5 4.55 -1.5
v -1.5 5 -1.5
v -1.5 5 -1
v -1 5 -1
v -1 5 -1.5
v -1 6.55 -1.5
v -1.5 6.55 -1.5
v -1 6.55 -1
v -1.5 6.55 -1
v -1.5 4.5 -1.425
v -1 4.5 -1.425
v -1.5 4.55 -1.425
v -1 4.55 -1.425
v -1.5 6.95 -1.5
v -1.5 6.95 -1
v -1 6.95 -1
v -1 6.95 -1.5
v -1.5 5.5 -1.5
v -1.5 5.5 -1
v -1 5.5 -1.5
v -1 5.5 -1
v -1.5 6 -1.085
v -1.5 5.5 -1.085
v -1.5 6.5 -1.085
v -1.5 6.55 -1.085
v -1.5 5.05 -1.425
v -1.5 6.05 -1.425
v -1.5 7.1 -1.425
v -1 5.05 -1.425
v -1.5 5.55 -1
v -1 5.55 -1
v -1.5 5.55 -1.5
v -1 5.55 -1.5
v -1 6.05 -1.425
v -1 7.1 -1.425
v -1 4.5 -1.5
v -1 4.5 -1
v -1.5 4.5 -1
v -1.5 4.5 -1.5
v -1 6 -1.425
v -1.5 6 -1.425
v -1 6 -1.5
v -1 6 -1
v -1.5 6 -1
v -1.5 6 -1.5
v -1 6.5 -1
v -1 6.5 -1.5
v -1.5 6.5 -1
v -1.5 6.5 -1.5
v -1.085 5.5 -1.5
v -1.085 4.55 -1
v -1.085 5 -1
v -1.085 5.5 -1
v -1.085 6.5 -1
v -1.085 6.95 -1
v -1.5 5.55 -1.085
v -1.5 4.5 -1.085
v -1.425 6.95 -1
v -1.425 5 -1.5
v -1.425 7.1 -1
v -1.425 6.05 -1
v -1.425 7.1 -1.5
v -1.425 6.05 -1.5
v -1.085 7.1 -1
v -1.085 4.05 -1
v -1.425 5.5 -1.5
v -1.425 6 -1.5
v -1.425 6 -1
v -1.425 4.5 -1
v -1.425 5.55 -1.5
v -1.425 5.05 -1.5
v -1.085 6.55 -1
v -1.085 5.55 -1
v -1.5 6.05 -1.085
v -1.5 7.1 -1.085
v -1 6 -1.085
v -1.5 4.05 -1.085
v -1.085 5.05 -1
v -1.085 6.05 -1
v -1.425 6.5 -1
v -1.425 6.95 -1.5
v -1.425 5.55 -1
v -1.425 6.55 -1
v -1.085 4.55 -1.5
v -1.085 4.5 -1.5
v -1 6.05 -1.085
v -1 5.05 -1.085
v -1 4.55 -1.085
v -1 4.5 -1.085
v -1.085 6.5 -1.5
v -1.085 6.55 -1.5
v -1.425 6.55 -1.5
v -1.425 6.5 -1.5
v -1.425 5 -1
v -1.425 5.5 -1
v -1 5.55 -1.085
v -1 6.55 -1.085
v -1 6.5 -1.085
v -1 6.95 -1.085
v -1.085 4.5 -1
v -1.085 6 -1.5
v -1.085 6.95 -1.5
v -1.085 6 -1
v -1.5 5 -1.085
v -1.5 6.95 -1.085
v -1 7.1 -1.085
v -1 5 -1.085
v -1 5.5 -1.085
v -1.5 4.55 -1.085
v -1.5 5.05 -1.085
v -1.425 4.5 -1.5
v -1.425 4.55 -1
v -1.425 4.55 -1.5
v -1.425 5.05 -1
v -1.085 5.05 -1.5
v -1.085 5.55 -1.5
v -1.085 6.05 -1.5
v -1.085 5 -1.5
v -1.085 7.1 -1.5
v -1.085 4.05 -1.5
v -1.5 5.1 -1.5
v -1.5 5.1 -1.425
v -1 5.1 -1.425
v -1.5 5.1 -1
v -1 5.1 -1.5
v -1 5.1 -1
v -1 5.1 -1.085
v -1.5 5.1 -1.085
v -1.425 5.1 -1.5
v -1.425 5.1 -1
v -1.085 5.1 -1.5
v -1.085 5.1 -1
v -1 5.6 -1
v -1.5 5.6 -1
v -1.5 5.6 -1.425
v -1 5.6 -1.425
v -1.425 4.1 -1.5
v -1.5 4.1 -1.085
v -1.085 4.1 -1.5
v -1.085 4.1 -1
v -1.085 5.6 -1
v -1.085 5.6 -1.5
v -1.425 5.6 -1.5
v -1.425 5.6 -1
v -1.5 5.6 -1.085
v -1 5.6 -1.085
v -1 5.6 -1.5
v -1.5 5.6 -1.5
v -1.5 4.1 -1.425
v -1 4.1 -1.425
v -1 4.1 -1.085
v -1.425 4.1 -1
v -1 4.6 -1.085
v -1.5 4.6 -1.085
v -1 4.6 -1.5
v -1.5 4.6 -1.5
v -1.085 4.6 -1
v -1.085 4.6 -1.5
v -1.425 4.6 -1
v -1.425 4.6 -1.5
v -1 4.6 -1
v -1.5 4.6 -1
v -1 4.6 -1.425
v -1.5 4.6 -1.425
v -1.5 4.1 -1.5
v -1.5 4.1 -1
v -1 4.1 -1
v -1 4.1 -1.5
v -1.5 6.1 -1.5
v -1.5 6.1 -1.425
v -1 6.1 -1.425
v -1.5 6.1 -1
v -1 6.1 -1.5
v -1 6.1 -1
v -1 6.1 -1.085
v -1.5 6.1 -1.085
v -1.425 6.1 -1.5
v -1.425 6.1 -1
v -1.085 6.1 -1.5
v -1.085 6.1 -1
v -1.425 7 -1
v -1.425 7 -1.5
v -1.085 7 -1.5
v -1.085 7 -1
v -1.5 6.15 -1.5
v -1.5 6.15 -1.425
v -1 6.15 -1.425
v -1.5 6.15 -1
v -1.5 4.65 -1
v -1.5 4.65 -1.425
v -1 4.65 -1.425
v -1 4.65 -1
v -1.425 5.15 -1.5
v -1.425 5.15 -1
v -1.085 5.15 -1.5
v -1.085 5.15 -1
v -1.5 7 -1.5
v -1.5 7 -1.425
v -1 7 -1.085
v -1.5 7 -1.085
v -1.085 6.6 -1
v -1.085 6.6 -1.5
v -1.425 6.6 -1
v -1 6.6 -1.085
v -1.085 4.65 -1.5
v -1.425 4.65 -1.5
v -1.425 4.65 -1
v -1.085 4.65 -1
v -1.5 6.6 -1.085
v -1.425 6.6 -1.5
v -1.5 6.6 -1.5
v -1.5 6.6 -1
v -1 5.15 -1.5
v -1 5.15 -1
v -1 5.15 -1.085
v -1.5 5.15 -1.085
v -1 7 -1.425
v -1 7 -1.5
v -1 7 -1
v -1.5 7 -1
v -1 6.65 -1.5
v -1 6.65 -1.425
v -1.5 6.65 -1.425
v -1 6.65 -1
v -1.5 5.15 -1.5
v -1.5 5.15 -1.425
v -1 5.15 -1.425
v -1.5 5.15 -1
v -1.5 5.65 -1.085
v -1 5.65 -1.085
v -1 5.65 -1.5
v -1.5 5.65 -1.5
v -1 6.15 -1.5
v -1 6.15 -1
v -1 6.15 -1.085
v -1.5 6.15 -1.085
v -1 5.65 -1
v -1.5 5.65 -1
v -1.5 5.65 -1.425
v -1 5.65 -1.425
v -1 6.6 -1
v -1 6.6 -1.5
v -1.5 6.6 -1.425
v -1 6.6 -1.425
v -1.085 6.15 -1
v -1.085 6.15 -1.5
v -1.425 6.15 -1
v -1.425 6.15 -1.5
v -1 4.65 -1.085
v -1 4.65 -1.5
v -1.5 4.65 -1.5
v -1.5 4.65 -1.085
v -1.425 5.65 -1
v -1.085 5.65 -1
v -1.425 5.65 -1.5
v -1.085 5.65 -1.5
v -1.5 6.65 -1.085
v -1.5 6.65 -1.5
v -1.5 6.65 -1
v -1.425 6.65 -1.5
v -1.085 6.65 -1.5
v -1 6.65 -1.085
v -1.425 6.65 -1
v -1.085 6.65 -1
v -1.375 7 -1
v -1.375 7.1 -1
v -1.135 7 -1
v -1.135 7.1 -1
v -1 7 -1.135
v -1 7.1 -1.135
v -1 7 -1.375
v -1 7.1 -1.375
v -1.5 1 -1.5
v -1 1 -1.5
v -1 1 -1
v -1.5 1 -1
v -1.5 2.45 -1.425
v -1 2.45 -1.425
v -1 1.95 -1.425
v -1.5 1.95 -1.425
v -1.5 3.9 -1.425
v -1 3.9 -1.425
v -1 4.05 -1.5
v -1 3 -1.5
v -1 2 -1.5
v -1.5 2 -1.5
v -1.5 3 -1.5
v -1.5 4.05 -1.5
v -1.5 3.45 -1.425
v -1 3.45 -1.425
v -1.5 3.5 -1.425
v -1 3.5 -1.425
v -1 3 -1
v -1 2 -1
v -1 2.5 -1.425
v -1.5 2.5 -1.425
v -1.5 4.05 -1
v -1.5 3 -1
v -1.5 2 -1
v -1 1.5 -1.5
v -1 1.5 -1
v -1.5 1.5 -1
v -1.5 1.5 -1.5
v -1.5 1.95 -1.5
v -1.5 1.95 -1
v -1 1.95 -1
v -1 1.95 -1.5
v -1 3.5 -1.5
v -1.5 3.5 -1.5
v -1 3.5 -1
v -1.5 3.5 -1
v -1.5 1.45 -1.425
v -1 1.45 -1.425
v -1.5 1.5 -1.425
v -1 1.5 -1.425
v -1.5 3.9 -1.5
v -1.5 3.9 -1
v -1 3.9 -1
v -1 3.9 -1.5
v -1.5 2.45 -1.5
v -1.5 2.45 -1
v -1 2.45 -1.5
v -1 2.45 -1
v -1.5 2.95 -1.085
v -1.5 2.45 -1.085
v -1.5 3.45 -1.085
v -1.5 3.5 -1.085
v -1.5 2 -1.425
v -1.5 3 -1.425
v -1.5 4.05 -1.425
v -1 2 -1.425
v -1.5 2.5 -1
v -1 2.5 -1
v -1.5 2.5 -1.5
v -1 2.5 -1.5
v -1 3 -1.425
v -1 4.05 -1.425
v -1.5 1 -1.425
v -1 1 -1.425
v -1 1.45 -1.5
v -1 1.45 -1
v -1.5 1.45 -1
v -1.5 1.45 -1.5
v -1 2.95 -1.425
v -1.5 2.95 -1.425
v -1 2.95 -1.5
v -1 2.95 -1
v -1.5 2.95 -1
v -1.5 2.95 -1.5
v -1 3.45 -1
v -1 3.45 -1.5
v -1.5 3.45 -1
v -1.5 3.45 -1.5
v -1.085 2.45 -1.5
v -1.085 1.5 -1
v -1.085 1.95 -1
v -1.085 2.45 -1
v -1.085 3.45 -1
v -1.085 3.9 -1
v -1.5 2.5 -1.085
v -1.5 1.45 -1.085
v -1.425 3.9 -1
v -1.425 1.95 -1.5
v -1.425 4.05 -1
v -1.425 3 -1
v -1.425 4.05 -1.5
v -1.425 3 -1.5
v -1.085 1 -1
v -1.425 2.45 -1.5
v -1.425 2.95 -1.5
v -1.425 2.95 -1
v -1.425 1.45 -1
v -1.425 2.5 -1.5
v -1.425 2 -1.5
v -1.085 3.5 -1
v -1.085 2.5 -1
v -1.5 3 -1.085
v -1 2.95 -1.085
v -1.5 1 -1.085
v -1.085 2 -1
v -1.085 3 -1
v -1.425 3.45 -1
v -1.425 3.9 -1.5
v -1.425 2.5 -1
v -1.425 3.5 -1
v -1.085 1.5 -1.5
v -1.085 1.45 -1.5
v -1.425 1 -1.5
v -1.425 1 -1
v -1 3 -1.085
v -1 2 -1.085
v -1 1.5 -1.085
v -1 1.45 -1.085
v -1.085 3.45 -1.5
v -1.085 3.5 -1.5
v -1.425 3.5 -1.5
v -1.425 3.45 -1.5
v -1.425 1.95 -1
v -1.425 2.45 -1
v -1 2.5 -1.085
v -1 3.5 -1.085
v -1 3.45 -1.085
v -1 3.9 -1.085
v -1.085 1.45 -1
v -1.085 2.95 -1.5
v -1.085 3.9 -1.5
v -1.085 2.95 -1
v -1.5 1.95 -1.085
v -1.5 3.9 -1.085
v -1 1 -1.085
v -1 4.05 -1.085
v -1 1.95 -1.085
v -1 2.45 -1.085
v -1.5 1.5 -1.085
v -1.5 2 -1.085
v -1.425 1.45 -1.5
v -1.425 1.5 -1
v -1.425 1.5 -1.5
v -1.425 2 -1
v -1.085 2 -1.5
v -1.085 2.5 -1.5
v -1.085 3 -1.5
v -1.085 1.95 -1.5
v -1.085 1 -1.5
v -1.5 2.05 -1.5
v -1.5 2.05 -1.425
v -1 2.05 -1.425
v -1.5 2.05 -1
v -1 2.05 -1.5
v -1 2.05 -1
v -1 2.05 -1.085
v -1.5 2.05 -1.085
v -1.425 2.05 -1.5
v -1.425 2.05 -1
v -1.085 2.05 -1.5
v -1.085 2.05 -1
v -1 2.55 -1
v -1.5 2.55 -1
v -1.5 2.55 -1.425
v -1 2.55 -1.425
v -1.425 1.05 -1.5
v -1.5 1.05 -1.085
v -1.085 1.05 -1.5
v -1.085 1.05 -1
v -1.085 2.55 -1
v -1.085 2.55 -1.5
v -1.425 2.55 -1.5
v -1.425 2.55 -1
v -1.5 2.55 -1.085
v -1 2.55 -1.085
v -1 2.55 -1.5
v -1.5 2.55 -1.5
v -1.5 1.05 -1.425
v -1 1.05 -1.425
v -1 1.05 -1.085
v -1.425 1.05 -1
v -1 1.55 -1.085
v -1.5 1.55 -1.085
v -1 1.55 -1.5
v -1.5 1.55 -1.5
v -1.085 1.55 -1
v -1.085 1.55 -1.5
v -1.425 1.55 -1
v -1.425 1.55 -1.5
v -1 1.55 -1
v -1.5 1.55 -1
v -1 1.55 -1.425
v -1.5 1.55 -1.425
v -1.5 1.05 -1.5
v -1.5 1.05 -1
v -1 1.05 -1
v -1 1.05 -1.5
v -1.5 3.05 -1.5
v -1.5 3.05 -1.425
v -1 3.05 -1.425
v -1.5 3.05 -1
v -1 3.05 -1.5
v -1 3.05 -1
v -1 3.05 -1.085
v -1.5 3.05 -1.085
v -1.425 3.05 -1.5
v -1.425 3.05 -1
v -1.085 3.05 -1.5
v -1.085 3.05 -1
v -1.425 3.95 -1
v -1.425 3.95 -1.5
v -1.085 3.95 -1.5
v -1.085 3.95 -1
v -1.5 3.1 -1.5
v -1.5 3.1 -1.425
v -1 3.1 -1.425
v -1.5 3.1 -1
v -1.5 1.6 -1
v -1.5 1.6 -1.425
v -1 1.6 -1.425
v -1 1.6 -1
v -1.425 2.1 -1.5
v -1.425 2.1 -1
v -1.085 2.1 -1.5
v -1.085 2.1 -1
v -1.5 3.95 -1.5
v -1.5 3.95 -1.425
v -1 3.95 -1.085
v -1.5 3.95 -1.085
v -1.085 3.55 -1
v -1.085 3.55 -1.5
v -1.425 3.55 -1
v -1 3.55 -1.085
v -1.085 1.6 -1.5
v -1.425 1.6 -1.5
v -1.425 1.6 -1
v -1.085 1.6 -1
v -1.5 3.55 -1.085
v -1.425 3.55 -1.5
v -1.5 3.55 -1.5
v -1.5 3.55 -1
v -1 2.1 -1.5
v -1 2.1 -1
v -1 2.1 -1.085
v -1.5 2.1 -1.085
v -1 3.95 -1.425
v -1 3.95 -1.5
v -1 3.95 -1
v -1.5 3.95 -1
v -1 3.6 -1.5
v -1 3.6 -1.425
v -1.5 3.6 -1.425
v -1 3.6 -1
v -1.5 2.1 -1.5
v -1.5 2.1 -1.425
v -1 2.1 -1.425
v -1.5 2.1 -1
v -1.5 2.6 -1.085
v -1 2.6 -1.085
v -1 2.6 -1.5
v -1.5 2.6 -1.5
v -1 3.1 -1.5
v -1 3.1 -1
v -1 3.1 -1.085
v -1.5 3.1 -1.085
v -1 2.6 -1
v -1.5 2.6 -1
v -1.5 2.6 -1.425
v -1 2.6 -1.425
v -1 3.55 -1
v -1 3.55 -1.5
v -1.5 3.55 -1.425
v -1 3.55 -1.425
v -1.085 3.1 -1
v -1.085 3.1 -1.5
v -1.425 3.1 -1
v -1.425 3.1 -1.5
v -1 1.6 -1.085
v -1 1.6 -1.5
v -1.5 1.6 -1.5
v -1.5 1.6 -1.085
v -1.425 2.6 -1
v -1.085 2.6 -1
v -1.425 2.6 -1.5
v -1.085 2.6 -1.5
v -1.5 3.6 -1.085
v -1.5 3.6 -1.5
v -1.5 3.6 -1
v -1.425 3.6 -1.5
v -1.085 3.6 -1.5
v -1 3.6 -1.085
v -1.425 3.6 -1
v -1.085 3.6 -1
v -1.375 3.95 -1
v -1.375 4.05 -1
v -1.135 3.95 -1
v -1.135 4.05 -1
v -1 3.95 -1.135
v -1 4.05 -1.135
v -1 3.95 -1.375
v -1 4.05 -1.375
v -0.6781 6.5835 -0.678
v -0.7631 6.5835 -0.678
v -0.6781 6.5835 -0.7631
v -0.7631 6.6335 -0.678
v -0.6781 6.6335 -0.7631
v -0.6781 6.6335 -0.678
v -0.2894 4.1463 -0.2894
v -0.3744 4.1563 -0.2894
v -0.2894 4.1563 -0.3744
v -0.3744 4.0563 -0.2894
v -0.2894 4.0563 -0.3744
v -0.2894 4.0663 -0.2894
v -1 7.15 -1.5
v -1.5 7.15 -1.5
v -1 7.15 -1
v -1.5 7.15 -1
v -1.5 7.15 -1.425
v -1 7.15 -1.425
v -1.425 7.15 -1
v -1.425 7.15 -1.5
v -1.085 7.15 -1
v -1.5 7.15 -1.085
v -1 7.15 -1.085
v -1.085 7.15 -1.5
v -1.375 7.15 -1
v -1.135 7.15 -1
v -1 7.15 -1.135
v -1 7.15 -1.375
v -1.0441 7.15 -1.4441
v -1.4441 7.15 -1.4441
v -1.0441 7.15 -1.0441
v -1.4441 7.15 -1.0441
v -1.4441 7.15 -1.3841
v -1.0441 7.15 -1.3841
v -1.3841 7.15 -1.0441
v -1.3841 7.15 -1.4441
v -1.1121 7.15 -1.0441
v -1.4441 7.15 -1.1121
v -1.0441 7.15 -1.1121
v -1.1121 7.15 -1.4441
v -1.3441 7.15 -1.0441
v -1.1521 7.15 -1.0441
v -1.0441 7.15 -1.1521
v -1.0441 7.15 -1.3441
v -1.0441 7.13 -1.4441
v -1.4441 7.13 -1.4441
v -1.0441 7.13 -1.0441
v -1.4441 7.13 -1.0441
v -1.4441 7.13 -1.3841
v -1.0441 7.13 -1.3841
v -1.3841 7.13 -1.0441
v -1.3841 7.13 -1.4441
v -1.1121 7.13 -1.0441
v -1.4441 7.13 -1.1121
v -1.0441 7.13 -1.1121
v -1.1121 7.13 -1.4441
v -1.3441 7.13 -1.0441
v -1.1521 7.13 -1.0441
v -1.0441 7.13 -1.1521
v -1.0441 7.13 -1.3441
v 1.9032 0.25 -1.9032
v 1.9032 0.25 -0.5968
v 0.5968 0.25 -0.5968
v 0.5968 0.25 -1.9032
v 1.75 1 -1.75
v 1.75 1 -0.75
v 0.75 1 -0.75
v 0.75 1 -1.75
v 1.9032 0 -1.9032
v 1.9032 0 -0.5968
v 0.5968 0 -0.5968
v 0.5968 0 -1.9032
v -0.9967 7.1 -1.425
v -0.9967 7.1 -1.085
v -0.9967 7 -1.085
v -0.9967 7 -1.425
v -0.9967 7 -1.135
v -0.9967 7.1 -1.135
v -0.9967 7 -1.375
v -0.9967 7.1 -1.375
v -0.9967 4.05 -1.425
v -0.9967 4.05 -1.085
v -0.9967 3.95 -1.085
v -0.9967 3.95 -1.425
v -0.9967 3.95 -1.135
v -0.9967 4.05 -1.135
v -0.9967 3.95 -1.375
v -0.9967 4.05 -1.375
v 1 4.05 -1
v 1.425 5.5 -1.5
v 1.425 5.5 -1
v 1.425 5 -1
v 1.425 5 -1.5
v 1.425 6.95 -1.5
v 1.425 6.95 -1
v 1.5 7.1 -1
v 1.5 6.05 -1
v 1.5 5.05 -1
v 1.5 5.05 -1.5
v 1.5 6.05 -1.5
v 1.5 7.1 -1.5
v 1.425 6.5 -1.5
v 1.425 6.5 -1
v 1.425 6.55 -1.5
v 1.425 6.55 -1
v 1 7.1 -1
v 1 6.05 -1
v 1 5.05 -1
v 1.425 5.55 -1
v 1.425 5.55 -1.5
v 1 7.1 -1.5
v 1 6.05 -1.5
v 1 5.05 -1.5
v 1.5 4.55 -1
v 1 4.55 -1
v 1 4.55 -1.5
v 1.5 4.55 -1.5
v 1.5 5 -1.5
v 1 5 -1.5
v 1 5 -1
v 1.5 5 -1
v 1.5 6.55 -1
v 1.5 6.55 -1.5
v 1 6.55 -1
v 1 6.55 -1.5
v 1.425 4.5 -1.5
v 1.425 4.5 -1
v 1.425 4.55 -1.5
v 1.425 4.55 -1
v 1.5 6.95 -1.5
v 1 6.95 -1.5
v 1 6.95 -1
v 1.5 6.95 -1
v 1.5 5.5 -1.5
v 1 5.5 -1.5
v 1.5 5.5 -1
v 1 5.5 -1
v 1.085 6 -1.5
v 1.085 5.5 -1.5
v 1.085 6.5 -1.5
v 1.085 6.55 -1.5
v 1.425 5.05 -1.5
v 1.425 6.05 -1.5
v 1.425 7.1 -1.5
v 1.425 5.05 -1
v 1 5.55 -1.5
v 1 5.55 -1
v 1.5 5.55 -1.5
v 1.5 5.55 -1
v 1.425 6.05 -1
v 1.425 7.1 -1
v 1.5 4.5 -1
v 1 4.5 -1
v 1 4.5 -1.5
v 1.5 4.5 -1.5
v 1.425 6 -1
v 1.425 6 -1.5
v 1.5 6 -1
v 1 6 -1
v 1 6 -1.5
v 1.5 6 -1.5
v 1 6.5 -1
v 1.5 6.5 -1
v 1 6.5 -1.5
v 1.5 6.5 -1.5
v 1.5 5.5 -1.085
v 1 4.55 -1.085
v 1 5 -1.085
v 1 5.5 -1.085
v 1 6.5 -1.085
v 1 6.95 -1.085
v 1.085 5.55 -1.5
v 1.085 4.5 -1.5
v 1 6.95 -1.425
v 1.5 5 -1.425
v 1 7.1 -1.425
v 1 6.05 -1.425
v 1.5 7.1 -1.425
v 1.5 6.05 -1.425
v 1 7.1 -1.085
v 1 4.05 -1.085
v 1.5 5.5 -1.425
v 1.5 6 -1.425
v 1 6 -1.425
v 1 4.5 -1.425
v 1.5 5.55 -1.425
v 1.5 5.05 -1.425
v 1 6.55 -1.085
v 1 5.55 -1.085
v 1.085 6.05 -1.5
v 1.085 7.1 -1.5
v 1.085 6 -1
v 1.085 4.05 -1.5
v 1 5.05 -1.085
v 1 6.05 -1.085
v 1 6.5 -1.425
v 1.5 6.95 -1.425
v 1 5.55 -1.425
v 1 6.55 -1.425
v 1.5 4.55 -1.085
v 1.5 4.5 -1.085
v 1.085 6.05 -1
v 1.085 5.05 -1
v 1.085 4.55 -1
v 1.085 4.5 -1
v 1.5 6.5 -1.085
v 1.5 6.55 -1.085
v 1.5 6.55 -1.425
v 1.5 6.5 -1.425
v 1 5 -1.425
v 1 5.5 -1.425
v 1.085 5.55 -1
v 1.085 6.55 -1
v 1.085 6.5 -1
v 1.085 6.95 -1
v 1 4.5 -1.085
v 1.5 6 -1.085
v 1.5 6.95 -1.085
v 1 6 -1.085
v 1.085 5 -1.5
v 1.085 6.95 -1.5
v 1.085 7.1 -1
v 1.085 5 -1
v 1.085 5.5 -1
v 1.085 4.55 -1.5
v 1.085 5.05 -1.5
v 1.5 4.5 -1.425
v 1 4.55 -1.425
v 1.5 4.55 -1.425
v 1 5.05 -1.425
v 1.5 5.05 -1.085
v 1.5 5.55 -1.085
v 1.5 6.05 -1.085
v 1.5 5 -1.085
v 1.5 7.1 -1.085
v 1.5 4.05 -1.085
v 1.5 5.1 -1.5
v 1.425 5.1 -1.5
v 1.425 5.1 -1
v 1 5.1 -1.5
v 1.5 5.1 -1
v 1 5.1 -1
v 1.085 5.1 -1
v 1.085 5.1 -1.5
v 1.5 5.1 -1.425
v 1 5.1 -1.425
v 1.5 5.1 -1.085
v 1 5.1 -1.085
v 1 5.6 -1
v 1 5.6 -1.5
v 1.425 5.6 -1.5
v 1.425 5.6 -1
v 1.5 4.1 -1.425
v 1.085 4.1 -1.5
v 1.5 4.1 -1.085
v 1 4.1 -1.085
v 1 5.6 -1.085
v 1.5 5.6 -1.085
v 1.5 5.6 -1.425
v 1 5.6 -1.425
v 1.085 5.6 -1.5
v 1.085 5.6 -1
v 1.5 5.6 -1
v 1.5 5.6 -1.5
v 1.425 4.1 -1.5
v 1.425 4.1 -1
v 1.085 4.1 -1
v 1 4.1 -1.425
v 1.085 4.6 -1
v 1.085 4.6 -1.5
v 1.5 4.6 -1
v 1.5 4.6 -1.5
v 1 4.6 -1.085
v 1.5 4.6 -1.085
v 1 4.6 -1.425
v 1.5 4.6 -1.425
v 1 4.6 -1
v 1 4.6 -1.5
v 1.425 4.6 -1
v 1.425 4.6 -1.5
v 1.5 4.1 -1.5
v 1 4.1 -1.5
v 1 4.1 -1
v 1.5 4.1 -1
v 1.5 6.1 -1.5
v 1.425 6.1 -1.5
v 1.425 6.1 -1
v 1 6.1 -1.5
v 1.5 6.1 -1
v 1 6.1 -1
v 1.085 6.1 -1
v 1.085 6.1 -1.5
v 1.5 6.1 -1.425
v 1 6.1 -1.425
v 1.5 6.1 -1.085
v 1 6.1 -1.085
v 1 7 -1.425
v 1.5 7 -1.425
v 1.5 7 -1.085
v 1 7 -1.085
v 1.5 6.15 -1.5
v 1.425 6.15 -1.5
v 1.425 6.15 -1
v 1 6.15 -1.5
v 1 4.65 -1.5
v 1.425 4.65 -1.5
v 1.425 4.65 -1
v 1 4.65 -1
v 1.5 5.15 -1.425
v 1 5.15 -1.425
v 1.5 5.15 -1.085
v 1 5.15 -1.085
v 1.5 7 -1.5
v 1.425 7 -1.5
v 1.085 7 -1
v 1.085 7 -1.5
v 1 6.6 -1.085
v 1.5 6.6 -1.085
v 1 6.6 -1.425
v 1.085 6.6 -1
v 1.5 4.65 -1.085
v 1.5 4.65 -1.425
v 1 4.65 -1.425
v 1 4.65 -1.085
v 1.085 6.6 -1.5
v 1.5 6.6 -1.425
v 1.5 6.6 -1.5
v 1 6.6 -1.5
v 1.5 5.15 -1
v 1 5.15 -1
v 1.085 5.15 -1
v 1.085 5.15 -1.5
v 1.425 7 -1
v 1.5 7 -1
v 1 7 -1
v 1 7 -1.5
v 1.5 6.65 -1
v 1.425 6.65 -1
v 1.425 6.65 -1.5
v 1 6.65 -1
v 1.5 5.15 -1.5
v 1.425 5.15 -1.5
v 1.425 5.15 -1
v 1 5.15 -1.5
v 1.085 5.65 -1.5
v 1.085 5.65 -1
v 1.5 5.65 -1
v 1.5 5.65 -1.5
v 1.5 6.15 -1
v 1 6.15 -1
v 1.085 6.15 -1
v 1.085 6.15 -1.5
v 1 5.65 -1
v 1 5.65 -1.5
v 1.425 5.65 -1.5
v 1.425 5.65 -1
v 1 6.6 -1
v 1.5 6.6 -1
v 1.425 6.6 -1.5
v 1.425 6.6 -1
v 1 6.15 -1.085
v 1.5 6.15 -1.085
v 1 6.15 -1.425
v 1.5 6.15 -1.425
v 1.085 4.65 -1
v 1.5 4.65 -1
v 1.5 4.65 -1.5
v 1.085 4.65 -1.5
v 1 5.65 -1.425
v 1 5.65 -1.085
v 1.5 5.65 -1.425
v 1.5 5.65 -1.085
v 1.085 6.65 -1.5
v 1.5 6.65 -1.5
v 1 6.65 -1.5
v 1.5 6.65 -1.425
v 1.5 6.65 -1.085
v 1.085 6.65 -1
v 1 6.65 -1.425
v 1 6.65 -1.085
v 1 7 -1.375
v 1 7.1 -1.375
v 1 7 -1.135
v 1 7.1 -1.135
v 1.135 7 -1
v 1.135 7.1 -1
v 1.375 7 -1
v 1.375 7.1 -1
v 1.5 1 -1.5
v 1.5 1 -1
v 1 1 -1
v 1 1 -1.5
v 1.425 2.45 -1.5
v 1.425 2.45 -1
v 1.425 1.95 -1
v 1.425 1.95 -1.5
v 1.425 3.9 -1.5
v 1.425 3.9 -1
v 1.5 4.05 -1
v 1.5 3 -1
v 1.5 2 -1
v 1.5 2 -1.5
v 1.5 3 -1.5
v 1.5 4.05 -1.5
v 1.425 3.45 -1.5
v 1.425 3.45 -1
v 1.425 3.5 -1.5
v 1.425 3.5 -1
v 1 3 -1
v 1 2 -1
v 1.425 2.5 -1
v 1.425 2.5 -1.5
v 1 4.05 -1.5
v 1 3 -1.5
v 1 2 -1.5
v 1.5 1.5 -1
v 1 1.5 -1
v 1 1.5 -1.5
v 1.5 1.5 -1.5
v 1.5 1.95 -1.5
v 1 1.95 -1.5
v 1 1.95 -1
v 1.5 1.95 -1
v 1.5 3.5 -1
v 1.5 3.5 -1.5
v 1 3.5 -1
v 1 3.5 -1.5
v 1.425 1.45 -1.5
v 1.425 1.45 -1
v 1.425 1.5 -1.5
v 1.425 1.5 -1
v 1.5 3.9 -1.5
v 1 3.9 -1.5
v 1 3.9 -1
v 1.5 3.9 -1
v 1.5 2.45 -1.5
v 1 2.45 -1.5
v 1.5 2.45 -1
v 1 2.45 -1
v 1.085 2.95 -1.5
v 1.085 2.45 -1.5
v 1.085 3.45 -1.5
v 1.085 3.5 -1.5
v 1.425 2 -1.5
v 1.425 3 -1.5
v 1.425 4.05 -1.5
v 1.425 2 -1
v 1 2.5 -1.5
v 1 2.5 -1
v 1.5 2.5 -1.5
v 1.5 2.5 -1
v 1.425 3 -1
v 1.425 4.05 -1
v 1.425 1 -1.5
v 1.425 1 -1
v 1.5 1.45 -1
v 1 1.45 -1
v 1 1.45 -1.5
v 1.5 1.45 -1.5
v 1.425 2.95 -1
v 1.425 2.95 -1.5
v 1.5 2.95 -1
v 1 2.95 -1
v 1 2.95 -1.5
v 1.5 2.95 -1.5
v 1 3.45 -1
v 1.5 3.45 -1
v 1 3.45 -1.5
v 1.5 3.45 -1.5
v 1.5 2.45 -1.085
v 1 1.5 -1.085
v 1 1.95 -1.085
v 1 2.45 -1.085
v 1 3.45 -1.085
v 1 3.9 -1.085
v 1.085 2.5 -1.5
v 1.085 1.45 -1.5
v 1 3.9 -1.425
v 1.5 1.95 -1.425
v 1 4.05 -1.425
v 1 3 -1.425
v 1.5 4.05 -1.425
v 1.5 3 -1.425
v 1 1 -1.085
v 1.5 2.45 -1.425
v 1.5 2.95 -1.425
v 1 2.95 -1.425
v 1 1.45 -1.425
v 1.5 2.5 -1.425
v 1.5 2 -1.425
v 1 3.5 -1.085
v 1 2.5 -1.085
v 1.085 3 -1.5
v 1.085 2.95 -1
v 1.085 1 -1.5
v 1 2 -1.085
v 1 3 -1.085
v 1 3.45 -1.425
v 1.5 3.9 -1.425
v 1 2.5 -1.425
v 1 3.5 -1.425
v 1.5 1.5 -1.085
v 1.5 1.45 -1.085
v 1.5 1 -1.425
v 1 1 -1.425
v 1.085 3 -1
v 1.085 2 -1
v 1.085 1.5 -1
v 1.085 1.45 -1
v 1.5 3.45 -1.085
v 1.5 3.5 -1.085
v 1.5 3.5 -1.425
v 1.5 3.45 -1.425
v 1 1.95 -1.425
v 1 2.45 -1.425
v 1.085 2.5 -1
v 1.085 3.5 -1
v 1.085 3.45 -1
v 1.085 3.9 -1
v 1 1.45 -1.085
v 1.5 2.95 -1.085
v 1.5 3.9 -1.085
v 1 2.95 -1.085
v 1.085 1.95 -1.5
v 1.085 3.9 -1.5
v 1.085 1 -1
v 1.085 4.05 -1
v 1.085 1.95 -1
v 1.085 2.45 -1
v 1.085 1.5 -1.5
v 1.085 2 -1.5
v 1.5 1.45 -1.425
v 1 1.5 -1.425
v 1.5 1.5 -1.425
v 1 2 -1.425
v 1.5 2 -1.085
v 1.5 2.5 -1.085
v 1.5 3 -1.085
v 1.5 1.95 -1.085
v 1.5 1 -1.085
v 1.5 2.05 -1.5
v 1.425 2.05 -1.5
v 1.425 2.05 -1
v 1 2.05 -1.5
v 1.5 2.05 -1
v 1 2.05 -1
v 1.085 2.05 -1
v 1.085 2.05 -1.5
v 1.5 2.05 -1.425
v 1 2.05 -1.425
v 1.5 2.05 -1.085
v 1 2.05 -1.085
v 1 2.55 -1
v 1 2.55 -1.5
v 1.425 2.55 -1.5
v 1.425 2.55 -1
v 1.5 1.05 -1.425
v 1.085 1.05 -1.5
v 1.5 1.05 -1.085
v 1 1.05 -1.085
v 1 2.55 -1.085
v 1.5 2.55 -1.085
v 1.5 2.55 -1.425
v 1 2.55 -1.425
v 1.085 2.55 -1.5
v 1.085 2.55 -1
v 1.5 2.55 -1
v 1.5 2.55 -1.5
v 1.425 1.05 -1.5
v 1.425 1.05 -1
v 1.085 1.05 -1
v 1 1.05 -1.425
v 1.085 1.55 -1
v 1.085 1.55 -1.5
v 1.5 1.55 -1
v 1.5 1.55 -1.5
v 1 1.55 -1.085
v 1.5 1.55 -1.085
v 1 1.55 -1.425
v 1.5 1.55 -1.425
v 1 1.55 -1
v 1 1.55 -1.5
v 1.425 1.55 -1
v 1.425 1.55 -1.5
v 1.5 1.05 -1.5
v 1 1.05 -1.5
v 1 1.05 -1
v 1.5 1.05 -1
v 1.5 3.05 -1.5
v 1.425 3.05 -1.5
v 1.425 3.05 -1
v 1 3.05 -1.5
v 1.5 3.05 -1
v 1 3.05 -1
v 1.085 3.05 -1
v 1.085 3.05 -1.5
v 1.5 3.05 -1.425
v 1 3.05 -1.425
v 1.5 3.05 -1.085
v 1 3.05 -1.085
v 1 3.95 -1.425
v 1.5 3.95 -1.425
v 1.5 3.95 -1.085
v 1 3.95 -1.085
v 1.5 3.1 -1.5
v 1.425 3.1 -1.5
v 1.425 3.1 -1
v 1 3.1 -1.5
v 1 1.6 -1.5
v 1.425 1.6 -1.5
v 1.425 1.6 -1
v 1 1.6 -1
v 1.5 2.1 -1.425
v 1 2.1 -1.425
v 1.5 2.1 -1.085
v 1 2.1 -1.085
v 1.5 3.95 -1.5
v 1.425 3.95 -1.5
v 1.085 3.95 -1
v 1.085 3.95 -1.5
v 1 3.55 -1.085
v 1.5 3.55 -1.085
v 1 3.55 -1.425
v 1.085 3.55 -1
v 1.5 1.6 -1.085
v 1.5 1.6 -1.425
v 1 1.6 -1.425
v 1 1.6 -1.085
v 1.085 3.55 -1.5
v 1.5 3.55 -1.425
v 1.5 3.55 -1.5
v 1 3.55 -1.5
v 1.5 2.1 -1
v 1 2.1 -1
v 1.085 2.1 -1
v 1.085 2.1 -1.5
v 1.425 3.95 -1
v 1.5 3.95 -1
v 1 3.95 -1
v 1 3.95 -1.5
v 1.5 3.6 -1
v 1.425 3.6 -1
v 1.425 3.6 -1.5
v 1 3.6 -1
v 1.5 2.1 -1.5
v 1.425 2.1 -1.5
v 1.425 2.1 -1
v 1 2.1 -1.5
v 1.085 2.6 -1.5
v 1.085 2.6 -1
v 1.5 2.6 -1
v 1.5 2.6 -1.5
v 1.5 3.1 -1
v 1 3.1 -1
v 1.085 3.1 -1
v 1.085 3.1 -1.5
v 1 2.6 -1
v 1 2.6 -1.5
v 1.425 2.6 -1.5
v 1.425 2.6 -1
v 1 3.55 -1
v 1.5 3.55 -1
v 1.425 3.55 -1.5
v 1.425 3.55 -1
v 1 3.1 -1.085
v 1.5 3.1 -1.085
v 1 3.1 -1.425
v 1.5 3.1 -1.425
v 1.085 1.6 -1
v 1.5 1.6 -1
v 1.5 1.6 -1.5
v 1.085 1.6 -1.5
v 1 2.6 -1.425
v 1 2.6 -1.085
v 1.5 2.6 -1.425
v 1.5 2.6 -1.085
v 1.085 3.6 -1.5
v 1.5 3.6 -1.5
v 1 3.6 -1.5
v 1.5 3.6 -1.425
v 1.5 3.6 -1.085
v 1.085 3.6 -1
v 1 3.6 -1.425
v 1 3.6 -1.085
v 1 3.95 -1.375
v 1 4.05 -1.375
v 1 3.95 -1.135
v 1 4.05 -1.135
v 1.135 3.95 -1
v 1.135 4.05 -1
v 1.375 3.95 -1
v 1.375 4.05 -1
v 0.6781 6.5835 -0.6781
v 0.6781 6.5835 -0.7631
v 0.7631 6.5835 -0.6781
v 0.6781 6.6335 -0.7631
v 0.7631 6.6335 -0.6781
v 0.6781 6.6335 -0.6781
v 0.2894 4.1463 -0.2894
v 0.2894 4.1563 -0.3744
v 0.3744 4.1563 -0.2894
v 0.2894 4.0563 -0.3744
v 0.3744 4.0563 -0.2894
v 0.2894 4.0663 -0.2894
v 1.5 7.15 -1
v 1.5 7.15 -1.5
v 1 7.15 -1
v 1 7.15 -1.5
v 1.425 7.15 -1.5
v 1.425 7.15 -1
v 1 7.15 -1.425
v 1.5 7.15 -1.425
v 1 7.15 -1.085
v 1.085 7.15 -1.5
v 1.085 7.15 -1
v 1.5 7.15 -1.085
v 1 7.15 -1.375
v 1 7.15 -1.135
v 1.135 7.15 -1
v 1.375 7.15 -1
v 1.4441 7.15 -1.0441
v 1.4441 7.15 -1.4441
v 1.0441 7.15 -1.0441
v 1.0441 7.15 -1.4441
v 1.3841 7.15 -1.4441
v 1.3841 7.15 -1.0441
v 1.0441 7.15 -1.3841
v 1.4441 7.15 -1.3841
v 1.0441 7.15 -1.1121
v 1.1121 7.15 -1.4441
v 1.1121 7.15 -1.0441
v 1.4441 7.15 -1.1121
v 1.0441 7.15 -1.3441
v 1.0441 7.15 -1.1521
v 1.1521 7.15 -1.0441
v 1.3441 7.15 -1.0441
v 1.4441 7.13 -1.0441
v 1.4441 7.13 -1.4441
v 1.0441 7.13 -1.0441
v 1.0441 7.13 -1.4441
v 1.3841 7.13 -1.4441
v 1.3841 7.13 -1.0441
v 1.0441 7.13 -1.3841
v 1.4441 7.13 -1.3841
v 1.0441 7.13 -1.1121
v 1.1121 7.13 -1.4441
v 1.1121 7.13 -1.0441
v 1.4441 7.13 -1.1121
v 1.0441 7.13 -1.3441
v 1.0441 7.13 -1.1521
v 1.1521 7.13 -1.0441
v 1.3441 7.13 -1.0441
v 1.9032 0.25 1.9032
v 0.5968 0.25 1.9032
v 0.5968 0.25 0.5968
v 1.9032 0.25 0.5968
v 1.75 1 1.75
v 0.75 1 1.75
v 0.75 1 0.75
v 1.75 1 0.75
v 1.9032 0 1.9032
v 0.5968 0 1.9032
v 0.5968 0 0.5968
v 1.9032 0 0.5968
v 1.425 7.1 -0.9967
v 1.085 7.1 -0.9967
v 1.085 7 -0.9967
v 1.425 7 -0.9967
v 1.135 7 -0.9967
v 1.135 7.1 -0.9967
v 1.375 7 -0.9967
v 1.375 7.1 -0.9967
v 1.425 4.05 -0.9967
v 1.085 4.05 -0.9967
v 1.085 3.95 -0.9967
v 1.425 3.95 -0.9967
v 1.135 3.95 -0.9967
v 1.135 4.05 -0.9967
v 1.375 3.95 -0.9967
v 1.375 4.05 -0.9967
v 1 4.05 1
v 1.5 5.5 1.425
v 1 5.5 1.425
v 1 5 1.425
v 1.5 5 1.425
v 1.5 6.95 1.425
v 1 6.95 1.425
v 1 7.1 1.5
v 1 6.05 1.5
v 1 5.05 1.5
v 1.5 5.05 1.5
v 1.5 6.05 1.5
v 1.5 7.1 1.5
v 1.5 6.5 1.425
v 1 6.5 1.425
v 1.5 6.55 1.425
v 1 6.55 1.425
v 1 7.1 1
v 1 6.05 1
v 1 5.05 1
v 1 5.55 1.425
v 1.5 5.55 1.425
v 1.5 7.1 1
v 1.5 6.05 1
v 1.5 5.05 1
v 1 4.55 1.5
v 1 4.55 1
v 1.5 4.55 1
v 1.5 4.55 1.5
v 1.5 5 1.5
v 1.5 5 1
v 1 5 1
v 1 5 1.5
v 1 6.55 1.5
v 1.5 6.55 1.5
v 1 6.55 1
v 1.5 6.55 1
v 1.5 4.5 1.425
v 1 4.5 1.425
v 1.5 4.55 1.425
v 1 4.55 1.425
v 1.5 6.95 1.5
v 1.5 6.95 1
v 1 6.95 1
v 1 6.95 1.5
v 1.5 5.5 1.5
v 1.5 5.5 1
v 1 5.5 1.5
v 1 5.5 1
v 1.5 6 1.085
v 1.5 5.5 1.085
v 1.5 6.5 1.085
v 1.5 6.55 1.085
v 1.5 5.05 1.425
v 1.5 6.05 1.425
v 1.5 7.1 1.425
v 1 5.05 1.425
v 1.5 5.55 1
v 1 5.55 1
v 1.5 5.55 1.5
v 1 5.55 1.5
v 1 6.05 1.425
v 1 7.1 1.425
v 1 4.5 1.5
v 1 4.5 1
v 1.5 4.5 1
v 1.5 4.5 1.5
v 1 6 1.425
v 1.5 6 1.425
v 1 6 1.5
v 1 6 1
v 1.5 6 1
v 1.5 6 1.5
v 1 6.5 1
v 1 6.5 1.5
v 1.5 6.5 1
v 1.5 6.5 1.5
v 1.085 5.5 1.5
v 1.085 4.55 1
v 1.085 5 1
v 1.085 5.5 1
v 1.085 6.5 1
v 1.085 6.95 1
v 1.5 5.55 1.085
v 1.5 4.5 1.085
v 1.425 6.95 1
v 1.425 5 1.5
v 1.425 7.1 1
v 1.425 6.05 1
v 1.425 7.1 1.5
v 1.425 6.05 1.5
v 1.085 7.1 1
v 1.085 4.05 1
v 1.425 5.5 1.5
v 1.425 6 1.5
v 1.425 6 1
v 1.425 4.5 1
v 1.425 5.55 1.5
v 1.425 5.05 1.5
v 1.085 6.55 1
v 1.085 5.55 1
v 1.5 6.05 1.085
v 1.5 7.1 1.085
v 1 6 1.085
v 1.5 4.05 1.085
v 1.085 5.05 1
v 1.085 6.05 1
v 1.425 6.5 1
v 1.425 6.95 1.5
v 1.425 5.55 1
v 1.425 6.55 1
v 1.085 4.55 1.5
v 1.085 4.5 1.5
v 1 6.05 1.085
v 1 5.05 1.085
v 1 4.55 1.085
v 1 4.5 1.085
v 1.085 6.5 1.5
v 1.085 6.55 1.5
v 1.425 6.55 1.5
v 1.425 6.5 1.5
v 1.425 5 1
v 1.425 5.5 1
v 1 5.55 1.085
v 1 6.55 1.085
v 1 6.5 1.085
v 1 6.95 1.085
v 1.085 4.5 1
v 1.085 6 1.5
v 1.085 6.95 1.5
v 1.085 6 1
v 1.5 5 1.085
v 1.5 6.95 1.085
v 1 7.1 1.085
v 1 5 1.085
v 1 5.5 1.085
v 1.5 4.55 1.085
v 1.5 5.05 1.085
v 1.425 4.5 1.5
v 1.425 4.55 1
v 1.425 4.55 1.5
v 1.425 5.05 1
v 1.085 5.05 1.5
v 1.085 5.55 1.5
v 1.085 6.05 1.5
v 1.085 5 1.5
v 1.085 7.1 1.5
v 1.085 4.05 1.5
v 1.5 5.1 1.5
v 1.5 5.1 1.425
v 1 5.1 1.425
v 1.5 5.1 1
v 1 5.1 1.5
v 1 5.1 1
v 1 5.1 1.085
v 1.5 5.1 1.085
v 1.425 5.1 1.5
v 1.425 5.1 1
v 1.085 5.1 1.5
v 1.085 5.1 1
v 1 5.6 1
v 1.5 5.6 1
v 1.5 5.6 1.425
v 1 5.6 1.425
v 1.425 4.1 1.5
v 1.5 4.1 1.085
v 1.085 4.1 1.5
v 1.085 4.1 1
v 1.085 5.6 1
v 1.085 5.6 1.5
v 1.425 5.6 1.5
v 1.425 5.6 1
v 1.5 5.6 1.085
v 1 5.6 1.085
v 1 5.6 1.5
v 1.5 5.6 1.5
v 1.5 4.1 1.425
v 1 4.1 1.425
v 1 4.1 1.085
v 1.425 4.1 1
v 1 4.6 1.085
v 1.5 4.6 1.085
v 1 4.6 1.5
v 1.5 4.6 1.5
v 1.085 4.6 1
v 1.085 4.6 1.5
v 1.425 4.6 1
v 1.425 4.6 1.5
v 1 4.6 1
v 1.5 4.6 1
v 1 4.6 1.425
v 1.5 4.6 1.425
v 1.5 4.1 1.5
v 1.5 4.1 1
v 1 4.1 1
v 1 4.1 1.5
v 1.5 6.1 1.5
v 1.5 6.1 1.425
v 1 6.1 1.425
v 1.5 6.1 1
v 1 6.1 1.5
v 1 6.1 1
v 1 6.1 1.085
v 1.5 6.1 1.085
v 1.425 6.1 1.5
v 1.425 6.1 1
v 1.085 6.1 1.5
v 1.085 6.1 1
v 1.425 7 1
v 1.425 7 1.5
v 1.085 7 1.5
v 1.085 7 1
v 1.5 6.15 1.5
v 1.5 6.15 1.425
v 1 6.15 1.425
v 1.5 6.15 1
v 1.5 4.65 1
v 1.5 4.65 1.425
v 1 4.65 1.425
v 1 4.65 1
v 1.425 5.15 1.5
v 1.425 5.15 1
v 1.085 5.15 1.5
v 1.085 5.15 1
v 1.5 7 1.5
v 1.5 7 1.425
v 1 7 1.085
v 1.5 7 1.085
v 1.085 6.6 1
v 1.085 6.6 1.5
v 1.425 6.6 1
v 1 6.6 1.085
v 1.085 4.65 1.5
v 1.425 4.65 1.5
v 1.425 4.65 1
v 1.085 4.65 1
v 1.5 6.6 1.085
v 1.425 6.6 1.5
v 1.5 6.6 1.5
v 1.5 6.6 1
v 1 5.15 1.5
v 1 5.15 1
v 1 5.15 1.085
v 1.5 5.15 1.085
v 1 7 1.425
v 1 7 1.5
v 1 7 1
v 1.5 7 1
v 1 6.65 1.5
v 1 6.65 1.425
v 1.5 6.65 1.425
v 1 6.65 1
v 1.5 5.15 1.5
v 1.5 5.15 1.425
v 1 5.15 1.425
v 1.5 5.15 1
v 1.5 5.65 1.085
v 1 5.65 1.085
v 1 5.65 1.5
v 1.5 5.65 1.5
v 1 6.15 1.5
v 1 6.15 1
v 1 6.15 1.085
v 1.5 6.15 1.085
v 1 5.65 1
v 1.5 5.65 1
v 1.5 5.65 1.425
v 1 5.65 1.425
v 1 6.6 1
v 1 6.6 1.5
v 1.5 6.6 1.425
v 1 6.6 1.425
v 1.085 6.15 1
v 1.085 6.15 1.5
v 1.425 6.15 1
v 1.425 6.15 1.5
v 1 4.65 1.085
v 1 4.65 1.5
v 1.5 4.65 1.5
v 1.5 4.65 1.085
v 1.425 5.65 1
v 1.085 5.65 1
v 1.425 5.65 1.5
v 1.085 5.65 1.5
v 1.5 6.65 1.085
v 1.5 6.65 1.5
v 1.5 6.65 1
v 1.425 6.65 1.5
v 1.085 6.65 1.5
v 1 6.65 1.085
v 1.425 6.65 1
v 1.085 6.65 1
v 1.375 7 1
v 1.375 7.1 1
v 1.135 7 1
v 1.135 7.1 1
v 1 7 1.135
v 1 7.1 1.135
v 1 7 1.375
v 1 7.1 1.375
v 1.5 1 1.5
v 1 1 1.5
v 1 1 1
v 1.5 1 1
v 1.5 2.45 1.425
v 1 2.45 1.425
v 1 1.95 1.425
v 1.5 1.95 1.425
v 1.5 3.9 1.425
v 1 3.9 1.425
v 1 4.05 1.5
v 1 3 1.5
v 1 2 1.5
v 1.5 2 1.5
v 1.5 3 1.5
v 1.5 4.05 1.5
v 1.5 3.45 1.425
v 1 3.45 1.425
v 1.5 3.5 1.425
v 1 3.5 1.425
v 1 3 1
v 1 2 1
v 1 2.5 1.425
v 1.5 2.5 1.425
v 1.5 4.05 1
v 1.5 3 1
v 1.5 2 1
v 1 1.5 1.5
v 1 1.5 1
v 1.5 1.5 1
v 1.5 1.5 1.5
v 1.5 1.95 1.5
v 1.5 1.95 1
v 1 1.95 1
v 1 1.95 1.5
v 1 3.5 1.5
v 1.5 3.5 1.5
v 1 3.5 1
v 1.5 3.5 1
v 1.5 1.45 1.425
v 1 1.45 1.425
v 1.5 1.5 1.425
v 1 1.5 1.425
v 1.5 3.9 1.5
v 1.5 3.9 1
v 1 3.9 1
v 1 3.9 1.5
v 1.5 2.45 1.5
v 1.5 2.45 1
v 1 2.45 1.5
v 1 2.45 1
v 1.5 2.95 1.085
v 1.5 2.45 1.085
v 1.5 3.45 1.085
v 1.5 3.5 1.085
v 1.5 2 1.425
v 1.5 3 1.425
v 1.5 4.05 1.425
v 1 2 1.425
v 1.5 2.5 1
v 1 2.5 1
v 1.5 2.5 1.5
v 1 2.5 1.5
v 1 3 1.425
v 1 4.05 1.425
v 1.5 1 1.425
v 1 1 1.425
v 1 1.45 1.5
v 1 1.45 1
v 1.5 1.45 1
v 1.5 1.45 1.5
v 1 2.95 1.425
v 1.5 2.95 1.425
v 1 2.95 1.5
v 1 2.95 1
v 1.5 2.95 1
v 1.5 2.95 1.5
v 1 3.45 1
v 1 3.45 1.5
v 1.5 3.45 1
v 1.5 3.45 1.5
v 1.085 2.45 1.5
v 1.085 1.5 1
v 1.085 1.95 1
v 1.085 2.45 1
v 1.085 3.45 1
v 1.085 3.9 1
v 1.5 2.5 1.085
v 1.5 1.45 1.085
v 1.425 3.9 1
v 1.425 1.95 1.5
v 1.425 4.05 1
v 1.425 3 1
v 1.425 4.05 1.5
v 1.425 3 1.5
v 1.085 1 1
v 1.425 2.45 1.5
v 1.425 2.95 1.5
v 1.425 2.95 1
v 1.425 1.45 1
v 1.425 2.5 1.5
v 1.425 2 1.5
v 1.085 3.5 1
v 1.085 2.5 1
v 1.5 3 1.085
v 1 2.95 1.085
v 1.5 1 1.085
v 1.085 2 1
v 1.085 3 1
v 1.425 3.45 1
v 1.425 3.9 1.5
v 1.425 2.5 1
v 1.425 3.5 1
v 1.085 1.5 1.5
v 1.085 1.45 1.5
v 1.425 1 1.5
v 1.425 1 1
v 1 3 1.085
v 1 2 1.085
v 1 1.5 1.085
v 1 1.45 1.085
v 1.085 3.45 1.5
v 1.085 3.5 1.5
v 1.425 3.5 1.5
v 1.425 3.45 1.5
v 1.425 1.95 1
v 1.425 2.45 1
v 1 2.5 1.085
v 1 3.5 1.085
v 1 3.45 1.085
v 1 3.9 1.085
v 1.085 1.45 1
v 1.085 2.95 1.5
v 1.085 3.9 1.5
v 1.085 2.95 1
v 1.5 1.95 1.085
v 1.5 3.9 1.085
v 1 1 1.085
v 1 4.05 1.085
v 1 1.95 1.085
v 1 2.45 1.085
v 1.5 1.5 1.085
v 1.5 2 1.085
v 1.425 1.45 1.5
v 1.425 1.5 1
v 1.425 1.5 1.5
v 1.425 2 1
v 1.085 2 1.5
v 1.085 2.5 1.5
v 1.085 3 1.5
v 1.085 1.95 1.5
v 1.085 1 1.5
v 1.5 2.05 1.5
v 1.5 2.05 1.425
v 1 2.05 1.425
v 1.5 2.05 1
v 1 2.05 1.5
v 1 2.05 1
v 1 2.05 1.085
v 1.5 2.05 1.085
v 1.425 2.05 1.5
v 1.425 2.05 1
v 1.085 2.05 1.5
v 1.085 2.05 1
v 1 2.55 1
v 1.5 2.55 1
v 1.5 2.55 1.425
v 1 2.55 1.425
v 1.425 1.05 1.5
v 1.5 1.05 1.085
v 1.085 1.05 1.5
v 1.085 1.05 1
v 1.085 2.55 1
v 1.085 2.55 1.5
v 1.425 2.55 1.5
v 1.425 2.55 1
v 1.5 2.55 1.085
v 1 2.55 1.085
v 1 2.55 1.5
v 1.5 2.55 1.5
v 1.5 1.05 1.425
v 1 1.05 1.425
v 1 1.05 1.085
v 1.425 1.05 1
v 1 1.55 1.085
v 1.5 1.55 1.085
v 1 1.55 1.5
v 1.5 1.55 1.5
v 1.085 1.55 1
v 1.085 1.55 1.5
v 1.425 1.55 1
v 1.425 1.55 1.5
v 1 1.55 1
v 1.5 1.55 1
v 1 1.55 1.425
v 1.5 1.55 1.425
v 1.5 1.05 1.5
v 1.5 1.05 1
v 1 1.05 1
v 1 1.05 1.5
v 1.5 3.05 1.5
v 1.5 3.05 1.425
v 1 3.05 1.425
v 1.5 3.05 1
v 1 3.05 1.5
v 1 3.05 1
v 1 3.05 1.085
v 1.5 3.05 1.085
v 1.425 3.05 1.5
v 1.425 3.05 1
v 1.085 3.05 1.5
v 1.085 3.05 1
v 1.425 3.95 1
v 1.425 3.95 1.5
v 1.085 3.95 1.5
v 1.085 3.95 1
v 1.5 3.1 1.5
v 1.5 3.1 1.425
v 1 3.1 1.425
v 1.5 3.1 1
v 1.5 1.6 1
v 1.5 1.6 1.425
v 1 1.6 1.425
v 1 1.6 1
v 1.425 2.1 1.5
v 1.425 2.1 1
v 1.085 2.1 1.5
v 1.085 2.1 1
v 1.5 3.95 1.5
v 1.5 3.95 1.425
v 1 3.95 1.085
v 1.5 3.95 1.085
v 1.085 3.55 1
v 1.085 3.55 1.5
v 1.425 3.55 1
v 1 3.55 1.085
v 1.085 1.6 1.5
v 1.425 1.6 1.5
v 1.425 1.6 1
v 1.085 1.6 1
v 1.5 3.55 1.085
v 1.425 3.55 1.5
v 1.5 3.55 1.5
v 1.5 3.55 1
v 1 2.1 1.5
v 1 2.1 1
v 1 2.1 1.085
v 1.5 2.1 1.085
v 1 3.95 1.425
v 1 3.95 1.5
v 1 3.95 1
v 1.5 3.95 1
v 1 3.6 1.5
v 1 3.6 1.425
v 1.5 3.6 1.425
v 1 3.6 1
v 1.5 2.1 1.5
v 1.5 2.1 1.425
v 1 2.1 1.425
v 1.5 2.1 1
v 1.5 2.6 1.085
v 1 2.6 1.085
v 1 2.6 1.5
v 1.5 2.6 1.5
v 1 3.1 1.5
v 1 3.1 1
v 1 3.1 1.085
v 1.5 3.1 1.085
v 1 2.6 1
v 1.5 2.6 1
v 1.5 2.6 1.425
v 1 2.6 1.425
v 1 3.55 1
v 1 3.55 1.5
v 1.5 3.55 1.425
v 1 3.55 1.425
v 1.085 3.1 1
v 1.085 3.1 1.5
v 1.425 3.1 1
v 1.425 3.1 1.5
v 1 1.6 1.085
v 1 1.6 1.5
v 1.5 1.6 1.5
v 1.5 1.6 1.085
v 1.425 2.6 1
v 1.085 2.6 1
v 1.425 2.6 1.5
v 1.085 2.6 1.5
v 1.5 3.6 1.085
v 1.5 3.6 1.5
v 1.5 3.6 1
v 1.425 3.6 1.5
v 1.085 3.6 1.5
v 1 3.6 1.085
v 1.425 3.6 1
v 1.085 3.6 1
v 1.375 3.95 1
v 1.375 4.05 1
v 1.135 3.95 1
v 1.135 4.05 1
v 1 3.95 1.135
v 1 4.05 1.135
v 1 3.95 1.375
v 1 4.05 1.375
v 0.6781 6.5835 0.6781
v 0.7631 6.5835 0.678
v 0.6781 6.5835 0.7631
v 0.7631 6.6335 0.678
v 0.6781 6.6335 0.7631
v 0.6781 6.6335 0.6781
v 0.2894 4.1463 0.2894
v 0.3744 4.1563 0.2894
v 0.2894 4.1563 0.3744
v 0.3744 4.0563 0.2894
v 0.2894 4.0563 0.3744
v 0.2894 4.0663 0.2894
v 1 7.15 1.5
v 1.5 7.15 1.5
v 1 7.15 1
v 1.5 7.15 1
v 1.5 7.15 1.425
v 1 7.15 1.425
v 1.425 7.15 1
v 1.425 7.15 1.5
v 1.085 7.15 1
v 1.5 7.15 1.085
v 1 7.15 1.085
v 1.085 7.15 1.5
v 1.375 7.15 1
v 1.135 7.15 1
v 1 7.15 1.135
v 1 7.15 1.375
v 1.0441 7.15 1.4441
v 1.4441 7.15 1.4441
v 1.0441 7.15 1.0441
v 1.4441 7.15 1.0441
v 1.4441 7.15 1.3841
v 1.0441 7.15 1.3841
v 1.3841 7.15 1.0441
v 1.3841 7.15 1.4441
v 1.1121 7.15 1.0441
v 1.4441 7.15 1.1121
v 1.0441 7.15 1.1121
v 1.1121 7.15 1.4441
v 1.3441 7.15 1.0441
v 1.1521 7.15 1.0441
v 1.0441 7.15 1.1521
v 1.0441 7.15 1.3441
v 1.0441 7.13 1.4441
v 1.4441 7.13 1.4441
v 1.0441 7.13 1.0441
v 1.4441 7.13 1.0441
v 1.4441 7.13 1.3841
v 1.0441 7.13 1.3841
v 1.3841 7.13 1.0441
v 1.3841 7.13 1.4441
v 1.1121 7.13 1.0441
v 1.4441 7.13 1.1121
v 1.0441 7.13 1.1121
v 1.1121 7.13 1.4441
v 1.3441 7.13 1.0441
v 1.1521 7.13 1.0441
v 1.0441 7.13 1.1521
v 1.0441 7.13 1.3441
v -1.9032 0.25 1.9032
v -1.9032 0.25 0.5968
v -0.5968 0.25 0.5968
v -0.5968 0.25 1.9032
v -1.75 1 1.75
v -1.75 1 0.75
v -0.75 1 0.75
v -0.75 1 1.75
v -1.9032 0 1.9032
v -1.9032 0 0.5968
v -0.5968 0 0.5968
v -0.5968 0 1.9032
v 0.9967 7.1 1.425
v 0.9967 7.1 1.085
v 0.9967 7 1.085
v 0.9967 7 1.425
v 0.9967 7 1.135
v 0.9967 7.1 1.135
v 0.9967 7 1.375
v 0.9967 7.1 1.375
v 0.9967 4.05 1.425
v 0.9967 4.05 1.085
v 0.9967 3.95 1.085
v 0.9967 3.95 1.425
v 0.9967 3.95 1.135
v 0.9967 4.05 1.135
v 0.9967 3.95 1.375
v 0.9967 4.05 1.375
v -1 4.05 1
v -1.425 5.5 1.5
v -1.425 5.5 1
v -1.425 5 1
v -1.425 5 1.5
v -1.425 6.95 1.5
v -1.425 6.95 1
v -1.5 7.1 1
v -1.5 6.05 1
v -1.5 5.05 1
v -1.5 5.05 1.5
v -1.5 6.05 1.5
v -1.5 7.1 1.5
v -1.425 6.5 1.5
v -1.425 6.5 1
v -1.425 6.55 1.5
v -1.425 6.55 1
v -1 7.1 1
v -1 6.05 1
v -1 5.05 1
v -1.425 5.55 1
v -1.425 5.55 1.5
v -1 7.1 1.5
v -1 6.05 1.5
v -1 5.05 1.5
v -1.5 4.55 1
v -1 4.55 1
v -1 4.55 1.5
v -1.5 4.55 1.5
v -1.5 5 1.5
v -1 5 1.5
v -1 5 1
v -1.5 5 1
v -1.5 6.55 1
v -1.5 6.55 1.5
v -1 6.55 1
v -1 6.55 1.5
v -1.425 4.5 1.5
v -1.425 4.5 1
v -1.425 4.55 1.5
v -1.425 4.55 1
v -1.5 6.95 1.5
v -1 6.95 1.5
v -1 6.95 1
v -1.5 6.95 1
v -1.5 5.5 1.5
v -1 5.5 1.5
v -1.5 5.5 1
v -1 5.5 1
v -1.085 6 1.5
v -1.085 5.5 1.5
v -1.085 6.5 1.5
v -1.085 6.55 1.5
v -1.425 5.05 1.5
v -1.425 6.05 1.5
v -1.425 7.1 1.5
v -1.425 5.05 1
v -1 5.55 1.5
v -1 5.55 1
v -1.5 5.55 1.5
v -1.5 5.55 1
v -1.425 6.05 1
v -1.425 7.1 1
v -1.5 4.5 1
v -1 4.5 1
v -1 4.5 1.5
v -1.5 4.5 1.5
v -1.425 6 1
v -1.425 6 1.5
v -1.5 6 1
v -1 6 1
v -1 6 1.5
v -1.5 6 1.5
v -1 6.5 1
v -1.5 6.5 1
v -1 6.5 1.5
v -1.5 6.5 1.5
v -1.5 5.5 1.085
v -1 4.55 1.085
v -1 5 1.085
v -1 5.5 1.085
v -1 6.5 1.085
v -1 6.95 1.085
v -1.085 5.55 1.5
v -1.085 4.5 1.5
v -1 6.95 1.425
v -1.5 5 1.425
v -1 7.1 1.425
v -1 6.05 1.425
v -1.5 7.1 1.425
v -1.5 6.05 1.425
v -1 7.1 1.085
v -1 4.05 1.085
v -1.5 5.5 1.425
v -1.5 6 1.425
v -1 6 1.425
v -1 4.5 1.425
v -1.5 5.55 1.425
v -1.5 5.05 1.425
v -1 6.55 1.085
v -1 5.55 1.085
v -1.085 6.05 1.5
v -1.085 7.1 1.5
v -1.085 6 1
v -1.085 4.05 1.5
v -1 5.05 1.085
v -1 6.05 1.085
v -1 6.5 1.425
v -1.5 6.95 1.425
v -1 5.55 1.425
v -1 6.55 1.425
v -1.5 4.55 1.085
v -1.5 4.5 1.085
v -1.085 6.05 1
v -1.085 5.05 1
v -1.085 4.55 1
v -1.085 4.5 1
v -1.5 6.5 1.085
v -1.5 6.55 1.085
v -1.5 6.55 1.425
v -1.5 6.5 1.425
v -1 5 1.425
v -1 5.5 1.425
v -1.085 5.55 1
v -1.085 6.55 1
v -1.085 6.5 1
v -1.085 6.95 1
v -1 4.5 1.085
v -1.5 6 1.085
v -1.5 6.95 1.085
v -1 6 1.085
v -1.085 5 1.5
v -1.085 6.95 1.5
v -1.085 7.1 1
v -1.085 5 1
v -1.085 5.5 1
v -1.085 4.55 1.5
v -1.085 5.05 1.5
v -1.5 4.5 1.425
v -1 4.55 1.425
v -1.5 4.55 1.425
v -1 5.05 1.425
v -1.5 5.05 1.085
v -1.5 5.55 1.085
v -1.5 6.05 1.085
v -1.5 5 1.085
v -1.5 7.1 1.085
v -1.5 4.05 1.085
v -1.5 5.1 1.5
v -1.425 5.1 1.5
v -1.425 5.1 1
v -1 5.1 1.5
v -1.5 5.1 1
v -1 5.1 1
v -1.085 5.1 1
v -1.085 5.1 1.5
v -1.5 5.1 1.425
v -1 5.1 1.425
v -1.5 5.1 1.085
v -1 5.1 1.085
v -1 5.6 1
v -1 5.6 1.5
v -1.425 5.6 1.5
v -1.425 5.6 1
v -1.5 4.1 1.425
v -1.085 4.1 1.5
v -1.5 4.1 1.085
v -1 4.1 1.085
v -1 5.6 1.085
v -1.5 5.6 1.085
v -1.5 5.6 1.425
v -1 5.6 1.425
v -1.085 5.6 1.5
v -1.085 5.6 1
v -1.5 5.6 1
v -1.5 5.6 1.5
v -1.425 4.1 1.5
v -1.425 4.1 1
v -1.085 4.1 1
v -1 4.1 1.425
v -1.085 4.6 1
v -1.085 4.6 1.5
v -1.5 4.6 1
v -1.5 4.6 1.5
v -1 4.6 1.085
v -1.5 4.6 1.085
v -1 4.6 1.425
v -1.5 4.6 1.425
v -1 4.6 1
v -1 4.6 1.5
v -1.425 4.6 1
v -1.425 4.6 1.5
v -1.5 4.1 1.5
v -1 4.1 1.5
v -1 4.1 1
v -1.5 4.1 1
v -1.5 6.1 1.5
v -1.425 6.1 1.5
v -1.425 6.1 1
v -1 6.1 1.5
v -1.5 6.1 1
v -1 6.1 1
v -1.085 6.1 1
v -1.085 6.1 1.5
v -1.5 6.1 1.425
v -1 6.1 1.425
v -1.5 6.1 1.085
v -1 6.1 1.085
v -1 7 1.425
v -1.5 7 1.425
v -1.5 7 1.085
v -1 7 1.085
v -1.5 6.15 1.5
v -1.425 6.15 1.5
v -1.425 6.15 1
v -1 6.15 1.5
v -1 4.65 1.5
v -1.425 4.65 1.5
v -1.425 4.65 1
v -1 4.65 1
v -1.5 5.15 1.425
v -1 5.15 1.425
v -1.5 5.15 1.085
v -1 5.15 1.085
v -1.5 7 1.5
v -1.425 7 1.5
v -1.085 7 1
v -1.085 7 1.5
v -1 6.6 1.085
v -1.5 6.6 1.085
v -1 6.6 1.425
v -1.085 6.6 1
v -1.5 4.65 1.085
v -1.5 4.65 1.425
v -1 4.65 1.425
v -1 4.65 1.085
v -1.085 6.6 1.5
v -1.5 6.6 1.425
v -1.5 6.6 1.5
v -1 6.6 1.5
v -1.5 5.15 1
v -1 5.15 1
v -1.085 5.15 1
v -1.085 5.15 1.5
v -1.425 7 1
v -1.5 7 1
v -1 7 1
v -1 7 1.5
v -1.5 6.65 1
v -1.425 6.65 1
v -1.425 6.65 1.5
v -1 6.65 1
v -1.5 5.15 1.5
v -1.425 5.15 1.5
v -1.425 5.15 1
v -1 5.15 1.5
v -1.085 5.65 1.5
v -1.085 5.65 1
v -1.5 5.65 1
v -1.5 5.65 1.5
v -1.5 6.15 1
v -1 6.15 1
v -1.085 6.15 1
v -1.085 6.15 1.5
v -1 5.65 1
v -1 5.65 1.5
v -1.425 5.65 1.5
v -1.425 5.65 1
v -1 6.6 1
v -1.5 6.6 1
v -1.425 6.6 1.5
v -1.425 6.6 1
v -1 6.15 1.085
v -1.5 6.15 1.085
v -1 6.15 1.425
v -1.5 6.15 1.425
v -1.085 4.65 1
v -1.5 4.65 1
v -1.5 4.65 1.5
v -1.085 4.65 1.5
v -1 5.65 1.425
v -1 5.65 1.085
v -1.5 5.65 1.425
v -1.5 5.65 1.085
v -1.085 6.65 1.5
v -1.5 6.65 1.5
v -1 6.65 1.5
v -1.5 6.65 1.425
v -1.5 6.65 1.085
v -1.085 6.65 1
v -1 6.65 1.425
v -1 6.65 1.085
v -1 7 1.375
v -1 7.1 1.375
v -1 7 1.135
v -1 7.1 1.135
v -1.135 7 1
v -1.135 7.1 1
v -1.375 7 1
v -1.375 7.1 1
v -1.5 1 1.5
v -1.5 1 1
v -1 1 1
v -1 1 1.5
v -1.425 2.45 1.5
v -1.425 2.45 1
v -1.425 1.95 1
v -1.425 1.95 1.5
v -1.425 3.9 1.5
v -1.425 3.9 1
v -1.5 4.05 1
v -1.5 3 1
v -1.5 2 1
v -1.5 2 1.5
v -1.5 3 1.5
v -1.5 4.05 1.5
v -1.425 3.45 1.5
v -1.425 3.45 1
v -1.425 3.5 1.5
v -1.425 3.5 1
v -1 3 1
v -1 2 1
v -1.425 2.5 1
v -1.425 2.5 1.5
v -1 4.05 1.5
v -1 3 1.5
v -1 2 1.5
v -1.5 1.5 1
v -1 1.5 1
v -1 1.5 1.5
v -1.5 1.5 1.5
v -1.5 1.95 1.5
v -1 1.95 1.5
v -1 1.95 1
v -1.5 1.95 1
v -1.5 3.5 1
v -1.5 3.5 1.5
v -1 3.5 1
v -1 3.5 1.5
v -1.425 1.45 1.5
v -1.425 1.45 1
v -1.425 1.5 1.5
v -1.425 1.5 1
v -1.5 3.9 1.5
v -1 3.9 1.5
v -1 3.9 1
v -1.5 3.9 1
v -1.5 2.45 1.5
v -1 2.45 1.5
v -1.5 2.45 1
v -1 2.45 1
v -1.085 2.95 1.5
v -1.085 2.45 1.5
v -1.085 3.45 1.5
v -1.085 3.5 1.5
v -1.425 2 1.5
v -1.425 3 1.5
v -1.425 4.05 1.5
v -1.425 2 1
v -1 2.5 1.5
v -1 2.5 1
v -1.5 2.5 1.5
v -1.5 2.5 1
v -1.425 3 1
v -1.425 4.05 1
v -1.425 1 1.5
v -1.425 1 1
v -1.5 1.45 1
v -1 1.45 1
v -1 1.45 1.5
v -1.5 1.45 1.5
v -1.425 2.95 1
v -1.425 2.95 1.5
v -1.5 2.95 1
v -1 2.95 1
v -1 2.95 1.5
v -1.5 2.95 1.5
v -1 3.45 1
v -1.5 3.45 1
v -1 3.45 1.5
v -1.5 3.45 1.5
v -1.5 2.45 1.085
v -1 1.5 1.085
v -1 1.95 1.085
v -1 2.45 1.085
v -1 3.45 1.085
v -1 3.9 1.085
v -1.085 2.5 1.5
v -1.085 1.45 1.5
v -1 3.9 1.425
v -1.5 1.95 1.425
v -1 4.05 1.425
v -1 3 1.425
v -1.5 4.05 1.425
v -1.5 3 1.425
v -1 1 1.085
v -1.5 2.45 1.425
v -1.5 2.95 1.425
v -1 2.95 1.425
v -1 1.45 1.425
v -1.5 2.5 1.425
v -1.5 2 1.425
v -1 3.5 1.085
v -1 2.5 1.085
v -1.085 3 1.5
v -1.085 2.95 1
v -1.085 1 1.5
v -1 2 1.085
v -1 3 1.085
v -1 3.45 1.425
v -1.5 3.9 1.425
v -1 2.5 1.425
v -1 3.5 1.425
v -1.5 1.5 1.085
v -1.5 1.45 1.085
v -1.5 1 1.425
v -1 1 1.425
v -1.085 3 1
v -1.085 2 1
v -1.085 1.5 1
v -1.085 1.45 1
v -1.5 3.45 1.085
v -1.5 3.5 1.085
v -1.5 3.5 1.425
v -1.5 3.45 1.425
v -1 1.95 1.425
v -1 2.45 1.425
v -1.085 2.5 1
v -1.085 3.5 1
v -1.085 3.45 1
v -1.085 3.9 1
v -1 1.45 1.085
v -1.5 2.95 1.085
v -1.5 3.9 1.085
v -1 2.95 1.085
v -1.085 1.95 1.5
v -1.085 3.9 1.5
v -1.085 1 1
v -1.085 4.05 1
v -1.085 1.95 1
v -1.085 2.45 1
v -1.085 1.5 1.5
v -1.085 2 1.5
v -1.5 1.45 1.425
v -1 1.5 1.425
v -1.5 1.5 1.425
v -1 2 1.425
v -1.5 2 1.085
v -1.5 2.5 1.085
v -1.5 3 1.085
v -1.5 1.95 1.085
v -1.5 1 1.085
v -1.5 2.05 1.5
v -1.425 2.05 1.5
v -1.425 2.05 1
v -1 2.05 1.5
v -1.5 2.05 1
v -1 2.05 1
v -1.085 2.05 1
v -1.085 2.05 1.5
v -1.5 2.05 1.425
v -1 2.05 1.425
v -1.5 2.05 1.085
v -1 2.05 1.085
v -1 2.55 1
v -1 2.55 1.5
v -1.425 2.55 1.5
v -1.425 2.55 1
v -1.5 1.05 1.425
v -1.085 1.05 1.5
v -1.5 1.05 1.085
v -1 1.05 1.085
v -1 2.55 1.085
v -1.5 2.55 1.085
v -1.5 2.55 1.425
v -1 2.55 1.425
v -1.085 2.55 1.5
v -1.085 2.55 1
v -1.5 2.55 1
v -1.5 2.55 1.5
v -1.425 1.05 1.5
v -1.425 1.05 1
v -1.085 1.05 1
v -1 1.05 1.425
v -1.085 1.55 1
v -1.085 1.55 1.5
v -1.5 1.55 1
v -1.5 1.55 1.5
v -1 1.55 1.085
v -1.5 1.55 1.085
v -1 1.55 1.425
v -1.5 1.55 1.425
v -1 1.55 1
v -1 1.55 1.5
v -1.425 1.55 1
v -1.425 1.55 1.5
v -1.5 1.05 1.5
v -1 1.05 1.5
v -1 1.05 1
v -1.5 1.05 1
v -1.5 3.05 1.5
v -1.425 3.05 1.5
v -1.425 3.05 1
v -1 3.05 1.5
v -1.5 3.05 1
v -1 3.05 1
v -1.085 3.05 1
v -1.085 3.05 1.5
v -1.5 3.05 1.425
v -1 3.05 1.425
v -1.5 3.05 1.085
v -1 3.05 1.085
v -1 3.95 1.425
v -1.5 3.95 1.425
v -1.5 3.95 1.085
v -1 3.95 1.085
v -1.5 3.1 1.5
v -1.425 3.1 1.5
v -1.425 3.1 1
v -1 3.1 1.5
v -1 1.6 1.5
v -1.425 1.6 1.5
v -1.425 1.6 1
v -1 1.6 1
v -1.5 2.1 1.425
v -1 2.1 1.425
v -1.5 2.1 1.085
v -1 2.1 1.085
v -1.5 3.95 1.5
v -1.425 3.95 1.5
v -1.085 3.95 1
v -1.085 3.95 1.5
v -1 3.55 1.085
v -1.5 3.55 1.085
v -1 3.55 1.425
v -1.085 3.55 1
v -1.5 1.6 1.085
v -1.5 1.6 1.425
v -1 1.6 1.425
v -1 1.6 1.085
v -1.085 3.55 1.5
v -1.5 3.55 1.425
v -1.5 3.55 1.5
v -1 3.55 1.5
v -1.5 2.1 1
v -1 2.1 1
v -1.085 2.1 1
v -1.085 2.1 1.5
v -1.425 3.95 1
v -1.5 3.95 1
v -1 3.95 1
v -1 3.95 1.5
v -1.5 3.6 1
v -1.425 3.6 1
v -1.425 3.6 1.5
v -1 3.6 1
v -1.5 2.1 1.5
v -1.425 2.1 1.5
v -1.425 2.1 1
v -1 2.1 1.5
v -1.085 2.6 1.5
v -1.085 2.6 1
v -1.5 2.6 1
v -1.5 2.6 1.5
v -1.5 3.1 1
v -1 3.1 1
v -1.085 3.1 1
v -1.085 3.1 1.5
v -1 2.6 1
v -1 2.6 1.5
v -1.425 2.6 1.5
v -1.425 2.6 1
v -1 3.55 1
v -1.5 3.55 1
v -1.425 3.55 1.5
v -1.425 3.55 1
v -1 3.1 1.085
v -1.5 3.1 1.085
v -1 3.1 1.425
v -1.5 3.1 1.425
v -1.085 1.6 1
v -1.5 1.6 1
v -1.5 1.6 1.5
v -1.085 1.6 1.5
v -1 2.6 1.425
v -1 2.6 1.085
v -1.5 2.6 1.425
v -1.5 2.6 1.085
v -1.085 3.6 1.5
v -1.5 3.6 1.5
v -1 3.6 1.5
v -1.5 3.6 1.425
v -1.5 3.6 1.085
v -1.085 3.6 1
v -1 3.6 1.425
v -1 3.6 1.085
v -1 3.95 1.375
v -1 4.05 1.375
v -1 3.95 1.135
v -1 4.05 1.135
v -1.135 3.95 1
v -1.135 4.05 1
v -1.375 3.95 1
v -1.375 4.05 1
v -0.6781 6.5835 0.6781
v -0.6781 6.5835 0.7631
v -0.7631 6.5835 0.6781
v -0.6781 6.6335 0.7631
v -0.7631 6.6335 0.6781
v -0.6781 6.6335 0.6781
v -0.2894 4.1463 0.2894
v -0.2894 4.1563 0.3744
v -0.3744 4.1563 0.2894
v -0.2894 4.0563 0.3744
v -0.3744 4.0563 0.2894
v -0.2894 4.0663 0.2894
v -1.5 7.15 1
v -1.5 7.15 1.5
v -1 7.15 1
v -1 7.15 1.5
v -1.425 7.15 1.5
v -1.425 7.15 1
v -1 7.15 1.425
v -1.5 7.15 1.425
v -1 7.15 1.085
v -1.085 7.15 1.5
v -1.085 7.15 1
v -1.5 7.15 1.085
v -1 7.15 1.375
v -1 7.15 1.135
v -1.135 7.15 1
v -1.375 7.15 1
v -1.4441 7.15 1.0441
v -1.4441 7.15 1.4441
v -1.0441 7.15 1.0441
v -1.0441 7.15 1.4441
v -1.3841 7.15 1.4441
v -1.3841 7.15 1.0441
v -1.0441 7.15 1.3841
v -1.4441 7.15 1.3841
v -1.0441 7.15 1.1121
v -1.1121 7.15 1.4441
v -1.1121 7.15 1.0441
v -1.4441 7.15 1.1121
v -1.0441 7.15 1.3441
v -1.0441 7.15 1.1521
v -1.1521 7.15 1.0441
v -1.3441 7.15 1.0441
v -1.4441 7.13 1.0441
v -1.4441 7.13 1.4441
v -1.0441 7.13 1.0441
v -1.0441 7.13 1.4441
v -1.3841 7.13 1.4441
v -1.3841 7.13 1.0441
v -1.0441 7.13 1.3841
v -1.4441 7.13 1.3841
v -1.0441 7.13 1.1121
v -1.1121 7.13 1.4441
v -1.1121 7.13 1.0441
v -1.4441 7.13 1.1121
v -1.0441 7.13 1.3441
v -1.0441 7.13 1.1521
v -1.1521 7.13 1.0441
v -1.3441 7.13 1.0441
v -2.5597 8.3002 -1.4612
v -2.5311 8.2891 -1.5113
v -2.5275 8.2308 -1.5176
v -2.5539 8.2058 -1.4714
v -2.5738 8.2488 -1.4365
v -3.0342 8.3002 -1.7322
v -3.0056 8.2891 -1.7823
v -3.002 8.2308 -1.7886
v -3.0284 8.2058 -1.7424
v -3.0483 8.2488 -1.7075
v -3.0828 8.3229 -1.7477
v -3.0399 8.3062 -1.8229
v -3.0345 8.2187 -1.8324
v -3.0741 8.1813 -1.763
v -3.104 8.2457 -1.7107
v -3.3735 8.3229 -1.9138
v -3.3306 8.3062 -1.9889
v -3.3252 8.2187 -1.9984
v -3.3648 8.1813 -1.929
v -3.3947 8.2457 -1.8767
v -3.3418 8.2851 -1.9693
v -3.367 8.2949 -1.9251
v -3.3386 8.2336 -1.9749
v -3.3619 8.2116 -1.9341
v -3.3795 8.2495 -1.9034
v -3.1968 8.2851 -1.8865
v -3.2221 8.2949 -1.8423
v -3.1937 8.2336 -1.8921
v -3.2169 8.2116 -1.8513
v -3.2345 8.2495 -1.8206
v -2.9176 8.3002 0.5172
v -2.9284 8.2891 0.4605
v -2.9297 8.2308 0.4534
v -2.9198 8.2058 0.5057
v -2.9123 8.2488 0.5451
v -3.4544 8.3002 0.6191
v -3.4652 8.2891 0.5624
v -3.4665 8.2308 0.5552
v -3.4566 8.2058 0.6075
v -3.4491 8.2488 0.647
v -3.5015 8.3229 0.6388
v -3.5177 8.3062 0.5537
v -3.5197 8.2187 0.5431
v -3.5048 8.1813 0.6215
v -3.4936 8.2457 0.6807
v -3.8304 8.3229 0.7012
v -3.8466 8.3062 0.6161
v -3.8486 8.2187 0.6055
v -3.8337 8.1813 0.6839
v -3.8225 8.2457 0.7431
v -3.8424 8.2851 0.6383
v -3.8329 8.2949 0.6883
v -3.8435 8.2336 0.632
v -3.8348 8.2116 0.6782
v -3.8282 8.2495 0.713
v -3.6783 8.2851 0.6072
v -3.6689 8.2949 0.6572
v -3.6795 8.2336 0.6009
v -3.6708 8.2116 0.647
v -3.6642 8.2495 0.6818
v -1.9123 8.3002 2.2477
v -1.9565 8.2891 2.2106
v -1.9621 8.2308 2.2059
v -1.9213 8.2058 2.2401
v -1.8906 8.2488 2.266
v -2.2637 8.3002 2.6662
v -2.3079 8.2891 2.629
v -2.3134 8.2308 2.6244
v -2.2727 8.2058 2.6586
v -2.2419 8.2488 2.6844
v -2.2877 8.3229 2.7112
v -2.354 8.3062 2.6556
v -2.3623 8.2187 2.6486
v -2.3012 8.1813 2.6999
v -2.255 8.2457 2.7386
v -2.5029 8.3229 2.9676
v -2.5692 8.3062 2.912
v -2.5776 8.2187 2.905
v -2.5164 8.1813 2.9563
v -2.4703 8.2457 2.995
v -2.552 8.2851 2.9265
v -2.513 8.2949 2.9592
v -2.5568 8.2336 2.9224
v -2.5209 8.2116 2.9526
v -2.4938 8.2495 2.9753
v -2.4446 8.2851 2.7986
v -2.4056 8.2949 2.8314
v -2.4495 8.2336 2.7945
v -2.4136 8.2116 2.8247
v -2.3864 8.2495 2.8475
v 1.9004 8.3002 2.2599
v 1.8567 8.2891 2.2976
v 1.8512 8.2308 2.3023
v 1.8916 8.2058 2.2676
v 1.922 8.2488 2.2414
v 2.2572 8.3002 2.6738
v 2.2135 8.2891 2.7114
v 2.208 8.2308 2.7162
v 2.2484 8.2058 2.6814
v 2.2788 8.2488 2.6552
v 2.2979 8.3229 2.7047
v 2.2323 8.3062 2.7612
v 2.2241 8.2187 2.7683
v 2.2846 8.1813 2.7162
v 2.3302 8.2457 2.6768
v 2.5165 8.3229 2.9582
v 2.4509 8.3062 3.0148
v 2.4427 8.2187 3.0219
v 2.5032 8.1813 2.9697
v 2.5488 8.2457 2.9304
v 2.468 8.285 3
v 2.5066 8.2949 2.9668
v 2.4632 8.2336 3.0042
v 2.4987 8.2116 2.9735
v 2.5255 8.2495 2.9504
v 2.359 8.285 2.8736
v 2.3976 8.2949 2.8403
v 2.3542 8.2336 2.8778
v 2.3897 8.2116 2.8471
v 2.4165 8.2495 2.824
v 2.9163 8.3002 0.5004
v 2.9048 8.2891 0.557
v 2.9034 8.2308 0.5641
v 2.914 8.2058 0.5119
v 2.922 8.2488 0.4726
v 3.4518 8.3002 0.6091
v 3.4403 8.2891 0.6656
v 3.4389 8.2308 0.6727
v 3.4495 8.2058 0.6206
v 3.4575 8.2488 0.5812
v 3.5029 8.3229 0.6086
v 3.4857 8.3062 0.6935
v 3.4835 8.2187 0.7041
v 3.4994 8.1813 0.6259
v 3.5114 8.2457 0.5668
v 3.831 8.3229 0.6752
v 3.8137 8.3062 0.76
v 3.8116 8.2187 0.7707
v 3.8275 8.1813 0.6924
v 3.8394 8.2457 0.6334
v 3.8182 8.285 0.7379
v 3.8284 8.2949 0.688
v 3.817 8.2336 0.7442
v 3.8263 8.2116 0.6982
v 3.8333 8.2495 0.6635
v 3.6546 8.285 0.7047
v 3.6648 8.2949 0.6548
v 3.6534 8.2336 0.711
v 3.6627 8.2116 0.665
v 3.6697 8.2495 0.6303
v 2.5444 8.3002 -1.5031
v 2.5723 8.2891 -1.4526
v 2.5758 8.2308 -1.4463
v 2.5501 8.2058 -1.4929
v 2.5307 8.2488 -1.528
v 3.0227 8.3002 -1.7673
v 3.0506 8.2891 -1.7168
v 3.0541 8.2308 -1.7105
v 3.0284 8.2058 -1.7571
v 3.009 8.2488 -1.7922
v 3.0613 8.3229 -1.8008
v 3.1032 8.3062 -1.725
v 3.1084 8.2187 -1.7155
v 3.0698 8.1813 -1.7854
v 3.0407 8.2457 -1.8381
v 3.3543 8.3229 -1.9626
v 3.3962 8.3062 -1.8868
v 3.4015 8.2187 -1.8773
v 3.3628 8.1813 -1.9472
v 3.3337 8.2457 -1.9999
v 3.3853 8.285 -1.9066
v 3.3607 8.2949 -1.9511
v 3.3884 8.2336 -1.901
v 3.3657 8.2116 -1.9421
v 3.3486 8.2495 -1.9731
v 3.2392 8.285 -1.8259
v 3.2145 8.2949 -1.8704
v 3.2422 8.2336 -1.8203
v 3.2195 8.2116 -1.8614
v 3.2024 8.2495 -1.8924
v 0.9807 8.3002 -2.7975
v 1.035 8.2891 -2.7779
v 1.0418 8.2308 -2.7755
v 0.9918 8.2058 -2.7936
v 0.954 8.2488 -2.8072
v 1.1665 8.3002 -3.3114
v 1.2208 8.2891 -3.2918
v 1.2276 8.2308 -3.2893
v 1.1776 8.2058 -3.3074
v 1.1398 8.2488 -3.3211
v 1.1736 8.3229 -3.362
v 1.255 8.3062 -3.3325
v 1.2652 8.2187 -3.3288
v 1.1901 8.1813 -3.356
v 1.1335 8.2457 -3.3765
v 1.2874 8.3229 -3.6768
v 1.3688 8.3062 -3.6473
v 1.3791 8.2187 -3.6436
v 1.304 8.1813 -3.6708
v 1.2473 8.2457 -3.6913
v 1.3476 8.285 -3.655
v 1.2997 8.2949 -3.6723
v 1.3536 8.2336 -3.6528
v 1.3095 8.2116 -3.6688
v 1.2762 8.2495 -3.6809
v 1.2908 8.285 -3.498
v 1.243 8.2949 -3.5153
v 1.2968 8.2336 -3.4959
v 1.2527 8.2116 -3.5118
v 1.2194 8.2495 -3.5239
v -1.0598 8.3002 -2.7484
v -1.0055 8.2891 -2.7679
v -0.9987 8.2308 -2.7704
v -1.0488 8.2058 -2.7524
v -1.0866 8.2488 -2.7388
v -1.2446 8.3002 -3.2626
v -1.1903 8.2891 -3.2821
v -1.1835 8.2308 -3.2846
v -1.2336 8.2058 -3.2666
v -1.2714 8.2488 -3.253
v -1.2715 8.3229 -3.3061
v -1.19 8.3062 -3.3353
v -1.1798 8.2187 -3.339
v -1.2549 8.1813 -3.312
v -1.3116 8.2457 -3.2916
v -1.3847 8.3229 -3.6211
v -1.3033 8.3062 -3.6504
v -1.293 8.2187 -3.654
v -1.3682 8.1813 -3.627
v -1.4248 8.2457 -3.6067
v -1.3245 8.285 -3.6427
v -1.3724 8.2949 -3.6255
v -1.3185 8.2336 -3.6449
v -1.3627 8.2116 -3.629
v -1.396 8.2495 -3.617
v -1.268 8.285 -3.4856
v -1.3159 8.2949 -3.4684
v -1.262 8.2336 -3.4878
v -1.3062 8.2116 -3.4719
v -1.3395 8.2495 -3.4599
v 0.0212 8.3002 2.9776
v -0.0365 8.2891 2.9776
v -0.0438 8.2308 2.9776
v 0.0095 8.2058 2.9776
v 0.0496 8.2488 2.9776
v 0.0212 8.3002 3.524
v -0.0365 8.2891 3.524
v -0.0438 8.2308 3.524
v 0.0095 8.2058 3.524
v 0.0496 8.2488 3.524
v 0.0318 8.3229 3.5739
v -0.0548 8.3062 3.5739
v -0.0657 8.2187 3.5739
v 0.0142 8.1813 3.5739
v 0.0744 8.2457 3.5739
v 0.0318 8.3229 3.9087
v -0.0548 8.3062 3.9087
v -0.0657 8.2187 3.9087
v 0.0142 8.1813 3.9087
v 0.0744 8.2457 3.9087
v -0.0322 8.2851 3.9087
v 0.0187 8.2949 3.9087
v -0.0386 8.2336 3.9087
v 0.0084 8.2116 3.9087
v 0.0438 8.2495 3.9087
v -0.0322 8.2851 3.7418
v 0.0187 8.2949 3.7418
v -0.0386 8.2336 3.7418
v 0.0083 8.2116 3.7418
v 0.0438 8.2495 3.7418
v -0.5563 11.6974 0.9592
v -0.5686 11.6974 0.9614
v -0.5729 11.6974 0.9731
v -0.5649 11.6974 0.9827
v -0.5525 11.6974 0.9805
v -0.5483 11.6974 0.9688
v -0.5563 11.9474 0.9592
v -0.5686 11.9474 0.9614
v -0.5729 11.9474 0.9731
v -0.5649 11.9474 0.9827
v -0.5525 11.9474 0.9805
v -0.5483 11.9474 0.9688
v -0.5606 11.9562 0.971
v -0.5649 11.8974 0.9827
v -0.5649 11.8724 0.9827
v -0.5649 11.7724 0.9827
v -0.5649 11.7474 0.9827
v -0.5525 11.7474 0.9805
v -0.5525 11.7724 0.9805
v -0.5525 11.8724 0.9805
v -0.5525 11.8974 0.9805
v -0.5563 11.8974 0.9592
v -0.5563 11.8724 0.9592
v -0.5563 11.7724 0.9592
v -0.5563 11.7474 0.9592
v -0.5483 11.7474 0.9688
v -0.5483 11.7724 0.9688
v -0.5483 11.8724 0.9688
v -0.5483 11.8974 0.9688
v -0.5686 11.7474 0.9614
v -0.5686 11.7724 0.9614
v -0.5686 11.8724 0.9614
v -0.5686 11.8974 0.9614
v -0.5729 11.8974 0.9731
v -0.5729 11.8724 0.9731
v -0.5729 11.7724 0.9731
v -0.5729 11.7474 0.9731
v -0.1903 11.7474 1.1124
v -0.1903 11.7724 1.1124
v -0.1903 11.8724 1.1124
v -0.1903 11.8974 1.1124
v -0.186 11.7474 1.1006
v -0.186 11.7724 1.1006
v -0.186 11.8724 1.1006
v -0.186 11.8974 1.1006
v -0.8508 11.6974 0.7111
v -0.8631 11.6974 0.7089
v -0.8712 11.6974 0.7185
v -0.8669 11.6974 0.7302
v -0.8546 11.6974 0.7324
v -0.8466 11.6974 0.7228
v -0.8508 11.9474 0.7111
v -0.8631 11.9474 0.7089
v -0.8712 11.9474 0.7185
v -0.8669 11.9474 0.7302
v -0.8546 11.9474 0.7324
v -0.8466 11.9474 0.7228
v -0.8589 11.9562 0.7206
v -0.8669 11.8974 0.7302
v -0.8669 11.8724 0.7302
v -0.8669 11.7724 0.7302
v -0.8669 11.7474 0.7302
v -0.8546 11.7474 0.7324
v -0.8546 11.7724 0.7324
v -0.8546 11.8724 0.7324
v -0.8546 11.8974 0.7324
v -0.8508 11.8974 0.7111
v -0.8508 11.8724 0.7111
v -0.8508 11.7724 0.7111
v -0.8508 11.7474 0.7111
v -0.8466 11.7474 0.7228
v -0.8466 11.7724 0.7228
v -0.8466 11.8724 0.7228
v -0.8466 11.8974 0.7228
v -0.8631 11.7474 0.7089
v -0.8631 11.7724 0.7089
v -0.8631 11.8724 0.7089
v -0.8631 11.8974 0.7089
v -0.8712 11.8974 0.7185
v -0.8712 11.8724 0.7185
v -0.8712 11.7724 0.7185
v -0.8712 11.7474 0.7185
v -0.5593 11.7474 0.9802
v -0.5593 11.7724 0.9802
v -0.5593 11.8724 0.9802
v -0.5593 11.8974 0.9802
v -0.5513 11.7474 0.9706
v -0.5513 11.7724 0.9706
v -0.5513 11.8724 0.9706
v -0.5513 11.8974 0.9706
v -1.0425 11.6974 0.3775
v -1.0534 11.6974 0.3712
v -1.0642 11.6974 0.3775
v -1.0642 11.6974 0.39
v -1.0534 11.6974 0.3962
v -1.0425 11.6974 0.39
v -1.0425 11.9474 0.3775
v -1.0534 11.9474 0.3712
v -1.0642 11.9474 0.3775
v -1.0642 11.9474 0.39
v -1.0534 11.9474 0.3962
v -1.0425 11.9474 0.39
v -1.0534 11.9562 0.3837
v -1.0642 11.8974 0.39
v -1.0642 11.8724 0.39
v -1.0642 11.7724 0.39
v -1.0642 11.7474 0.39
v -1.0534 11.7474 0.3962
v -1.0534 11.7724 0.3962
v -1.0534 11.8724 0.3962
v -1.0534 11.8974 0.3962
v -1.0425 11.8974 0.3775
v -1.0425 11.8724 0.3775
v -1.0425 11.7724 0.3775
v -1.0425 11.7474 0.3775
v -1.0425 11.7474 0.39
v -1.0425 11.7724 0.39
v -1.0425 11.8724 0.39
v -1.0425 11.8974 0.39
v -1.0534 11.7474 0.3712
v -1.0534 11.7724 0.3712
v -1.0534 11.8724 0.3712
v -1.0534 11.8974 0.3712
v -1.0642 11.8974 0.3775
v -1.0642 11.8724 0.3775
v -1.0642 11.7724 0.3775
v -1.0642 11.7474 0.3775
v -0.8606 11.7474 0.73
v -0.8606 11.7724 0.73
v -0.8606 11.8724 0.73
v -0.8606 11.8974 0.73
v -0.8498 11.7474 0.7238
v -0.8498 11.7724 0.7238
v -0.8498 11.8724 0.7238
v -0.8498 11.8974 0.7238
v -1.1089 11.6974 -0.002
v -1.1169 11.6974 -0.0115
v -1.1293 11.6974 -0.0094
v -1.1335 11.6974 0.0024
v -1.1255 11.6974 0.012
v -1.1132 11.6974 0.0098
v -1.1089 11.9474 -0.002
v -1.1169 11.9474 -0.0115
v -1.1293 11.9474 -0.0094
v -1.1335 11.9474 0.0024
v -1.1255 11.9474 0.012
v -1.1132 11.9474 0.0098
v -1.1212 11.9562 0.0002
v -1.1335 11.8974 0.0024
v -1.1335 11.8724 0.0024
v -1.1335 11.7724 0.0024
v -1.1335 11.7474 0.0024
v -1.1255 11.7474 0.012
v -1.1255 11.7724 0.012
v -1.1255 11.8724 0.012
v -1.1255 11.8974 0.012
v -1.1089 11.8974 -0.002
v -1.1089 11.8724 -0.002
v -1.1089 11.7724 -0.002
v -1.1089 11.7474 -0.002
v -1.1132 11.7474 0.0098
v -1.1132 11.7724 0.0098
v -1.1132 11.8724 0.0098
v -1.1132 11.8974 0.0098
v -1.1169 11.7474 -0.0115
v -1.1169 11.7724 -0.0115
v -1.1169 11.8724 -0.0115
v -1.1169 11.8974 -0.0115
v -1.1293 11.8974 -0.0094
v -1.1293 11.8724 -0.0094
v -1.1293 11.7724 -0.0094
v -1.1293 11.7474 -0.0094
v -1.0586 11.7474 0.3916
v -1.0586 11.7724 0.3916
v -1.0586 11.8724 0.3916
v -1.0586 11.8974 0.3916
v -1.0463 11.7474 0.3894
v -1.0463 11.7724 0.3894
v -1.0463 11.8724 0.3894
v -1.0463 11.8974 0.3894
v -1.0414 11.6974 -0.3815
v -1.0457 11.6974 -0.3933
v -1.058 11.6974 -0.3954
v -1.066 11.6974 -0.3858
v -1.0617 11.6974 -0.3741
v -1.0494 11.6974 -0.3719
v -1.0414 11.9474 -0.3815
v -1.0457 11.9474 -0.3933
v -1.058 11.9474 -0.3954
v -1.066 11.9474 -0.3858
v -1.0617 11.9474 -0.3741
v -1.0494 11.9474 -0.3719
v -1.0537 11.9562 -0.3837
v -1.066 11.8974 -0.3858
v -1.066 11.8724 -0.3858
v -1.066 11.7724 -0.3858
v -1.066 11.7474 -0.3858
v -1.0617 11.7474 -0.3741
v -1.0617 11.7724 -0.3741
v -1.0617 11.8724 -0.3741
v -1.0617 11.8974 -0.3741
v -1.0414 11.8974 -0.3815
v -1.0414 11.8724 -0.3815
v -1.0414 11.7724 -0.3815
v -1.0414 11.7474 -0.3815
v -1.0494 11.7474 -0.3719
v -1.0494 11.7724 -0.3719
v -1.0494 11.8724 -0.3719
v -1.0494 11.8974 -0.3719
v -1.0457 11.7474 -0.3933
v -1.0457 11.7724 -0.3933
v -1.0457 11.8724 -0.3933
v -1.0457 11.8974 -0.3933
v -1.058 11.8974 -0.3954
v -1.058 11.8724 -0.3954
v -1.058 11.7724 -0.3954
v -1.058 11.7474 -0.3954
v -1.1287 11.7474 0.0055
v -1.1287 11.7724 0.0055
v -1.1287 11.8724 0.0055
v -1.1287 11.8974 0.0055
v -1.1164 11.7474 0.0077
v -1.1164 11.7724 0.0077
v -1.1164 11.8724 0.0077
v -1.1164 11.8974 0.0077
v -0.8484 11.6974 -0.7141
v -0.8484 11.6974 -0.7266
v -0.8592 11.6974 -0.7328
v -0.87 11.6974 -0.7266
v -0.87 11.6974 -0.7141
v -0.8592 11.6974 -0.7078
v -0.8484 11.9474 -0.7141
v -0.8484 11.9474 -0.7266
v -0.8592 11.9474 -0.7328
v -0.87 11.9474 -0.7266
v -0.87 11.9474 -0.7141
v -0.8592 11.9474 -0.7078
v -0.8592 11.9562 -0.7203
v -0.87 11.8974 -0.7266
v -0.87 11.8724 -0.7266
v -0.87 11.7724 -0.7266
v -0.87 11.7474 -0.7266
v -0.87 11.7474 -0.7141
v -0.87 11.7724 -0.7141
v -0.87 11.8724 -0.7141
v -0.87 11.8974 -0.7141
v -0.8484 11.8974 -0.7141
v -0.8484 11.8724 -0.7141
v -0.8484 11.7724 -0.7141
v -0.8484 11.7474 -0.7141
v -0.8592 11.7474 -0.7078
v -0.8592 11.7724 -0.7078
v -0.8592 11.8724 -0.7078
v -0.8592 11.8974 -0.7078
v -0.8484 11.7474 -0.7266
v -0.8484 11.7724 -0.7266
v -0.8484 11.8724 -0.7266
v -0.8484 11.8974 -0.7266
v -0.8592 11.8974 -0.7328
v -0.8592 11.8724 -0.7328
v -0.8592 11.7724 -0.7328
v -0.8592 11.7474 -0.7328
v -1.0628 11.7474 -0.3803
v -1.0628 11.7724 -0.3803
v -1.0628 11.8724 -0.3803
v -1.0628 11.8974 -0.3803
v -1.0519 11.7474 -0.374
v -1.0519 11.7724 -0.374
v -1.0519 11.8724 -0.374
v -1.0519 11.8974 -0.374
v -0.5527 11.6974 -0.9618
v -0.5484 11.6974 -0.9735
v -0.5565 11.6974 -0.9831
v -0.5688 11.6974 -0.9809
v -0.5731 11.6974 -0.9692
v -0.565 11.6974 -0.9596
v -0.5527 11.9474 -0.9618
v -0.5484 11.9474 -0.9735
v -0.5565 11.9474 -0.9831
v -0.5688 11.9474 -0.9809
v -0.5731 11.9474 -0.9692
v -0.565 11.9474 -0.9596
v -0.5607 11.9562 -0.9714
v -0.5688 11.8974 -0.9809
v -0.5688 11.8724 -0.9809
v -0.5688 11.7724 -0.9809
v -0.5688 11.7474 -0.9809
v -0.5731 11.7474 -0.9692
v -0.5731 11.7724 -0.9692
v -0.5731 11.8724 -0.9692
v -0.5731 11.8974 -0.9692
v -0.5527 11.8974 -0.9618
v -0.5527 11.8724 -0.9618
v -0.5527 11.7724 -0.9618
v -0.5527 11.7474 -0.9618
v -0.565 11.7474 -0.9596
v -0.565 11.7724 -0.9596
v -0.565 11.8724 -0.9596
v -0.565 11.8974 -0.9596
v -0.5484 11.7474 -0.9735
v -0.5484 11.7724 -0.9735
v -0.5484 11.8724 -0.9735
v -0.5484 11.8974 -0.9735
v -0.5565 11.8974 -0.9831
v -0.5565 11.8724 -0.9831
v -0.5565 11.7724 -0.9831
v -0.5565 11.7474 -0.9831
v -0.8683 11.7474 -0.7214
v -0.8683 11.7724 -0.7214
v -0.8683 11.8724 -0.7214
v -0.8683 11.8974 -0.7214
v -0.8603 11.7474 -0.7118
v -0.8603 11.7724 -0.7118
v -0.8603 11.8724 -0.7118
v -0.8603 11.8974 -0.7118
v -0.1905 11.6974 -1.0924
v -0.1824 11.6974 -1.102
v -0.1867 11.6974 -1.1138
v -0.199 11.6974 -1.1159
v -0.2071 11.6974 -1.1064
v -0.2028 11.6974 -1.0946
v -0.1905 11.9474 -1.0924
v -0.1824 11.9474 -1.102
v -0.1867 11.9474 -1.1138
v -0.199 11.9474 -1.1159
v -0.2071 11.9474 -1.1064
v -0.2028 11.9474 -1.0946
v -0.1947 11.9562 -1.1042
v -0.199 11.8974 -1.1159
v -0.199 11.8724 -1.1159
v -0.199 11.7724 -1.1159
v -0.199 11.7474 -1.1159
v -0.2071 11.7474 -1.1064
v -0.2071 11.7724 -1.1064
v -0.2071 11.8724 -1.1064
v -0.2071 11.8974 -1.1064
v -0.1905 11.8974 -1.0924
v -0.1905 11.8724 -1.0924
v -0.1905 11.7724 -1.0924
v -0.1905 11.7474 -1.0924
v -0.2028 11.7474 -1.0946
v -0.2028 11.7724 -1.0946
v -0.2028 11.8724 -1.0946
v -0.2028 11.8974 -1.0946
v -0.1824 11.7474 -1.102
v -0.1824 11.7724 -1.102
v -0.1824 11.8724 -1.102
v -0.1824 11.8974 -1.102
v -0.1867 11.8974 -1.1138
v -0.1867 11.8724 -1.1138
v -0.1867 11.7724 -1.1138
v -0.1867 11.7474 -1.1138
v -0.5693 11.7474 -0.9745
v -0.5693 11.7724 -0.9745
v -0.5693 11.8724 -0.9745
v -0.5693 11.8974 -0.9745
v -0.565 11.7474 -0.9628
v -0.565 11.7724 -0.9628
v -0.565 11.8724 -0.9628
v -0.565 11.8974 -0.9628
v 0.1946 11.6974 -1.0918
v 0.2054 11.6974 -1.098
v 0.2054 11.6974 -1.1105
v 0.1946 11.6974 -1.1168
v 0.1838 11.6974 -1.1105
v 0.1838 11.6974 -1.098
v 0.1946 11.9474 -1.0918
v 0.2054 11.9474 -1.098
v 0.2054 11.9474 -1.1105
v 0.1946 11.9474 -1.1168
v 0.1838 11.9474 -1.1105
v 0.1838 11.9474 -1.098
v 0.1946 11.9562 -1.1043
v 0.1946 11.8974 -1.1168
v 0.1946 11.8724 -1.1168
v 0.1946 11.7724 -1.1168
v 0.1946 11.7474 -1.1168
v 0.1838 11.7474 -1.1105
v 0.1838 11.7724 -1.1105
v 0.1838 11.8724 -1.1105
v 0.1838 11.8974 -1.1105
v 0.1946 11.8974 -1.0918
v 0.1946 11.8724 -1.0918
v 0.1946 11.7724 -1.0918
v 0.1946 11.7474 -1.0918
v 0.1838 11.7474 -1.098
v 0.1838 11.7724 -1.098
v 0.1838 11.8724 -1.098
v 0.1838 11.8974 -1.098
v 0.2054 11.7474 -1.098
v 0.2054 11.7724 -1.098
v 0.2054 11.8724 -1.098
v 0.2054 11.8974 -1.098
v 0.2054 11.8974 -1.1105
v 0.2054 11.8724 -1.1105
v 0.2054 11.7724 -1.1105
v 0.2054 11.7474 -1.1105
v -0.2017 11.7474 -1.1105
v -0.2017 11.7724 -1.1105
v -0.2017 11.8724 -1.1105
v -0.2017 11.8974 -1.1105
v -0.2017 11.7474 -1.098
v -0.2017 11.7724 -1.098
v -0.2017 11.8724 -1.098
v -0.2017 11.8974 -1.098
v 0.5564 11.6974 -0.9593
v 0.5687 11.6974 -0.9614
v 0.5729 11.6974 -0.9732
v 0.5649 11.6974 -0.9828
v 0.5526 11.6974 -0.9806
v 0.5483 11.6974 -0.9689
v 0.5564 11.9474 -0.9593
v 0.5687 11.9474 -0.9614
v 0.5729 11.9474 -0.9732
v 0.5649 11.9474 -0.9828
v 0.5526 11.9474 -0.9806
v 0.5483 11.9474 -0.9689
v 0.5606 11.9562 -0.971
v 0.5649 11.8974 -0.9828
v 0.5649 11.8724 -0.9828
v 0.5649 11.7724 -0.9828
v 0.5649 11.7474 -0.9828
v 0.5526 11.7474 -0.9806
v 0.5526 11.7724 -0.9806
v 0.5526 11.8724 -0.9806
v 0.5526 11.8974 -0.9806
v 0.5564 11.8974 -0.9593
v 0.5564 11.8724 -0.9593
v 0.5564 11.7724 -0.9593
v 0.5564 11.7474 -0.9593
v 0.5483 11.7474 -0.9689
v 0.5483 11.7724 -0.9689
v 0.5483 11.8724 -0.9689
v 0.5483 11.8974 -0.9689
v 0.5687 11.7474 -0.9614
v 0.5687 11.7724 -0.9614
v 0.5687 11.8724 -0.9614
v 0.5687 11.8974 -0.9614
v 0.5729 11.8974 -0.9732
v 0.5729 11.8724 -0.9732
v 0.5729 11.7724 -0.9732
v 0.5729 11.7474 -0.9732
v 0.1904 11.7474 -1.1124
v 0.1904 11.7724 -1.1124
v 0.1904 11.8724 -1.1124
v 0.1904 11.8974 -1.1124
v 0.1861 11.7474 -1.1007
v 0.1861 11.7724 -1.1007
v 0.1861 11.8724 -1.1007
v 0.1861 11.8974 -1.1007
v 0.851 11.6974 -0.7109
v 0.8633 11.6974 -0.7087
v 0.8714 11.6974 -0.7183
v 0.8671 11.6974 -0.7301
v 0.8548 11.6974 -0.7322
v 0.8467 11.6974 -0.7227
v 0.851 11.9474 -0.7109
v 0.8633 11.9474 -0.7087
v 0.8714 11.9474 -0.7183
v 0.8671 11.9474 -0.7301
v 0.8548 11.9474 -0.7322
v 0.8467 11.9474 -0.7227
v 0.8591 11.9562 -0.7205
v 0.8671 11.8974 -0.7301
v 0.8671 11.8724 -0.7301
v 0.8671 11.7724 -0.7301
v 0.8671 11.7474 -0.7301
v 0.8548 11.7474 -0.7322
v 0.8548 11.7724 -0.7322
v 0.8548 11.8724 -0.7322
v 0.8548 11.8974 -0.7322
v 0.851 11.8974 -0.7109
v 0.851 11.8724 -0.7109
v 0.851 11.7724 -0.7109
v 0.851 11.7474 -0.7109
v 0.8467 11.7474 -0.7227
v 0.8467 11.7724 -0.7227
v 0.8467 11.8724 -0.7227
v 0.8467 11.8974 -0.7227
v 0.8633 11.7474 -0.7087
v 0.8633 11.7724 -0.7087
v 0.8633 11.8724 -0.7087
v 0.8633 11.8974 -0.7087
v 0.8714 11.8974 -0.7183
v 0.8714 11.8724 -0.7183
v 0.8714 11.7724 -0.7183
v 0.8714 11.7474 -0.7183
v 0.5595 11.7474 -0.98
v 0.5595 11.7724 -0.98
v 0.5595 11.8724 -0.98
v 0.5595 11.8974 -0.98
v 0.5515 11.7474 -0.9704
v 0.5515 11.7724 -0.9704
v 0.5515 11.8724 -0.9704
v 0.5515 11.8974 -0.9704
v 1.0423 11.6974 -0.3774
v 1.0531 11.6974 -0.3711
v 1.064 11.6974 -0.3774
v 1.064 11.6974 -0.3899
v 1.0531 11.6974 -0.3961
v 1.0423 11.6974 -0.3899
v 1.0423 11.9474 -0.3774
v 1.0531 11.9474 -0.3711
v 1.064 11.9474 -0.3774
v 1.064 11.9474 -0.3899
v 1.0531 11.9474 -0.3961
v 1.0423 11.9474 -0.3899
v 1.0531 11.9562 -0.3836
v 1.064 11.8974 -0.3899
v 1.064 11.8724 -0.3899
v 1.064 11.7724 -0.3899
v 1.064 11.7474 -0.3899
v 1.0531 11.7474 -0.3961
v 1.0531 11.7724 -0.3961
v 1.0531 11.8724 -0.3961
v 1.0531 11.8974 -0.3961
v 1.0423 11.8974 -0.3774
v 1.0423 11.8724 -0.3774
v 1.0423 11.7724 -0.3774
v 1.0423 11.7474 -0.3774
v 1.0423 11.7474 -0.3899
v 1.0423 11.7724 -0.3899
v 1.0423 11.8724 -0.3899
v 1.0423 11.8974 -0.3899
v 1.0531 11.7474 -0.3711
v 1.0531 11.7724 -0.3711
v 1.0531 11.8724 -0.3711
v 1.0531 11.8974 -0.3711
v 1.064 11.8974 -0.3774
v 1.064 11.8724 -0.3774
v 1.064 11.7724 -0.3774
v 1.064 11.7474 -0.3774
v 0.8604 11.7474 -0.7299
v 0.8604 11.7724 -0.7299
v 0.8604 11.8724 -0.7299
v 0.8604 11.8974 -0.7299
v 0.8496 11.7474 -0.7237
v 0.8496 11.7724 -0.7237
v 0.8496 11.8724 -0.7237
v 0.8496 11.8974 -0.7237
v 1.1089 11.6974 0.0024
v 1.1169 11.6974 0.012
v 1.1292 11.6974 0.0098
v 1.1335 11.6974 -0.002
v 1.1255 11.6974 -0.0115
v 1.1131 11.6974 -0.0094
v 1.1089 11.9474 0.0024
v 1.1169 11.9474 0.012
v 1.1292 11.9474 0.0098
v 1.1335 11.9474 -0.002
v 1.1255 11.9474 -0.0115
v 1.1131 11.9474 -0.0094
v 1.1212 11.9562 0.0002
v 1.1335 11.8974 -0.002
v 1.1335 11.8724 -0.002
v 1.1335 11.7724 -0.002
v 1.1335 11.7474 -0.002
v 1.1255 11.7474 -0.0115
v 1.1255 11.7724 -0.0115
v 1.1255 11.8724 -0.0115
v 1.1255 11.8974 -0.0115
v 1.1089 11.8974 0.0024
v 1.1089 11.8724 0.0024
v 1.1089 11.7724 0.0024
v 1.1089 11.7474 0.0024
v 1.1131 11.7474 -0.0094
v 1.1131 11.7724 -0.0094
v 1.1131 11.8724 -0.0094
v 1.1131 11.8974 -0.0094
v 1.1169 11.7474 0.012
v 1.1169 11.7724 0.012
v 1.1169 11.8724 0.012
v 1.1169 11.8974 0.012
v 1.1292 11.8974 0.0098
v 1.1292 11.8724 0.0098
v 1.1292 11.7724 0.0098
v 1.1292 11.7474 0.0098
v 1.0585 11.7474 -0.3911
v 1.0585 11.7724 -0.3911
v 1.0585 11.8724 -0.3911
v 1.0585 11.8974 -0.3911
v 1.0462 11.7474 -0.389
v 1.0462 11.7724 -0.389
v 1.0462 11.8724 -0.389
v 1.0462 11.8974 -0.389
v 1.041 11.6974 0.3809
v 1.0453 11.6974 0.3927
v 1.0576 11.6974 0.3949
v 1.0656 11.6974 0.3853
v 1.0613 11.6974 0.3735
v 1.049 11.6974 0.3714
v 1.041 11.9474 0.3809
v 1.0453 11.9474 0.3927
v 1.0576 11.9474 0.3949
v 1.0656 11.9474 0.3853
v 1.0613 11.9474 0.3735
v 1.049 11.9474 0.3714
v 1.0533 11.9562 0.3831
v 1.0656 11.8974 0.3853
v 1.0656 11.8724 0.3853
v 1.0656 11.7724 0.3853
v 1.0656 11.7474 0.3853
v 1.0613 11.7474 0.3735
v 1.0613 11.7724 0.3735
v 1.0613 11.8724 0.3735
v 1.0613 11.8974 0.3735
v 1.041 11.8974 0.3809
v 1.041 11.8724 0.3809
v 1.041 11.7724 0.3809
v 1.041 11.7474 0.3809
v 1.049 11.7474 0.3714
v 1.049 11.7724 0.3714
v 1.049 11.8724 0.3714
v 1.049 11.8974 0.3714
v 1.0453 11.7474 0.3927
v 1.0453 11.7724 0.3927
v 1.0453 11.8724 0.3927
v 1.0453 11.8974 0.3927
v 1.0576 11.8974 0.3949
v 1.0576 11.8724 0.3949
v 1.0576 11.7724 0.3949
v 1.0576 11.7474 0.3949
v 1.1283 11.7474 -0.0061
v 1.1283 11.7724 -0.0061
v 1.1283 11.8724 -0.0061
v 1.1283 11.8974 -0.0061
v 1.116 11.7474 -0.0082
v 1.116 11.7724 -0.0082
v 1.116 11.8724 -0.0082
v 1.116 11.8974 -0.0082
v 0.848 11.6974 0.7143
v 0.848 11.6974 0.7268
v 0.8588 11.6974 0.733
v 0.8696 11.6974 0.7268
v 0.8696 11.6974 0.7143
v 0.8588 11.6974 0.708
v 0.848 11.9474 0.7143
v 0.848 11.9474 0.7268
v 0.8588 11.9474 0.733
v 0.8696 11.9474 0.7268
v 0.8696 11.9474 0.7143
v 0.8588 11.9474 0.708
v 0.8588 11.9562 0.7205
v 0.8696 11.8974 0.7268
v 0.8696 11.8724 0.7268
v 0.8696 11.7724 0.7268
v 0.8696 11.7474 0.7268
v 0.8696 11.7474 0.7143
v 0.8696 11.7724 0.7143
v 0.8696 11.8724 0.7143
v 0.8696 11.8974 0.7143
v 0.848 11.8974 0.7143
v 0.848 11.8724 0.7143
v 0.848 11.7724 0.7143
v 0.848 11.7474 0.7143
v 0.8588 11.7474 0.708
v 0.8588 11.7724 0.708
v 0.8588 11.8724 0.708
v 0.8588 11.8974 0.708
v 0.848 11.7474 0.7268
v 0.848 11.7724 0.7268
v 0.848 11.8724 0.7268
v 0.848 11.8974 0.7268
v 0.8588 11.8974 0.733
v 0.8588 11.8724 0.733
v 0.8588 11.7724 0.733
v 0.8588 11.7474 0.733
v 1.0624 11.7474 0.3805
v 1.0624 11.7724 0.3805
v 1.0624 11.8724 0.3805
v 1.0624 11.8974 0.3805
v 1.0515 11.7474 0.3742
v 1.0515 11.7724 0.3742
v 1.0515 11.8724 0.3742
v 1.0515 11.8974 0.3742
v 0.553 11.6974 0.9619
v 0.5488 11.6974 0.9736
v 0.5568 11.6974 0.9832
v 0.5691 11.6974 0.981
v 0.5734 11.6974 0.9693
v 0.5653 11.6974 0.9597
v 0.553 11.9474 0.9619
v 0.5488 11.9474 0.9736
v 0.5568 11.9474 0.9832
v 0.5691 11.9474 0.981
v 0.5734 11.9474 0.9693
v 0.5653 11.9474 0.9597
v 0.5611 11.9562 0.9715
v 0.5691 11.8974 0.981
v 0.5691 11.8724 0.981
v 0.5691 11.7724 0.981
v 0.5691 11.7474 0.981
v 0.5734 11.7474 0.9693
v 0.5734 11.7724 0.9693
v 0.5734 11.8724 0.9693
v 0.5734 11.8974 0.9693
v 0.553 11.8974 0.9619
v 0.553 11.8724 0.9619
v 0.553 11.7724 0.9619
v 0.553 11.7474 0.9619
v 0.5653 11.7474 0.9597
v 0.5653 11.7724 0.9597
v 0.5653 11.8724 0.9597
v 0.5653 11.8974 0.9597
v 0.5488 11.7474 0.9736
v 0.5488 11.7724 0.9736
v 0.5488 11.8724 0.9736
v 0.5488 11.8974 0.9736
v 0.5568 11.8974 0.9832
v 0.5568 11.8724 0.9832
v 0.5568 11.7724 0.9832
v 0.5568 11.7474 0.9832
v 0.8687 11.7474 0.7215
v 0.8687 11.7724 0.7215
v 0.8687 11.8724 0.7215
v 0.8687 11.8974 0.7215
v 0.8606 11.7474 0.7119
v 0.8606 11.7724 0.7119
v 0.8606 11.8724 0.7119
v 0.8606 11.8974 0.7119
v 0.1899 11.6974 1.0936
v 0.1819 11.6974 1.1031
v 0.1861 11.6974 1.1149
v 0.1985 11.6974 1.1171
v 0.2065 11.6974 1.1075
v 0.2022 11.6974 1.0957
v 0.1899 11.9474 1.0936
v 0.1819 11.9474 1.1031
v 0.1861 11.9474 1.1149
v 0.1985 11.9474 1.1171
v 0.2065 11.9474 1.1075
v 0.2022 11.9474 1.0957
v 0.1942 11.9562 1.1053
v 0.1985 11.8974 1.1171
v 0.1985 11.8724 1.1171
v 0.1985 11.7724 1.1171
v 0.1985 11.7474 1.1171
v 0.2065 11.7474 1.1075
v 0.2065 11.7724 1.1075
v 0.2065 11.8724 1.1075
v 0.2065 11.8974 1.1075
v 0.1899 11.8974 1.0936
v 0.1899 11.8724 1.0936
v 0.1899 11.7724 1.0936
v 0.1899 11.7474 1.0936
v 0.2022 11.7474 1.0957
v 0.2022 11.7724 1.0957
v 0.2022 11.8724 1.0957
v 0.2022 11.8974 1.0957
v 0.1819 11.7474 1.1031
v 0.1819 11.7724 1.1031
v 0.1819 11.8724 1.1031
v 0.1819 11.8974 1.1031
v 0.1861 11.8974 1.1149
v 0.1861 11.8724 1.1149
v 0.1861 11.7724 1.1149
v 0.1861 11.7474 1.1149
v 0.5687 11.7474 0.9756
v 0.5687 11.7724 0.9756
v 0.5687 11.8724 0.9756
v 0.5687 11.8974 0.9756
v 0.5644 11.7474 0.9639
v 0.5644 11.7724 0.9639
v 0.5644 11.8724 0.9639
v 0.5644 11.8974 0.9639
v -0.1958 11.6974 1.0928
v -0.2066 11.6974 1.0991
v -0.2066 11.6974 1.1116
v -0.1958 11.6974 1.1178
v -0.185 11.6974 1.1116
v -0.185 11.6974 1.0991
v -0.1958 11.9474 1.0928
v -0.2066 11.9474 1.0991
v -0.2066 11.9474 1.1116
v -0.1958 11.9474 1.1178
v -0.185 11.9474 1.1116
v -0.185 11.9474 1.0991
v -0.1958 11.9562 1.1053
v -0.1958 11.8974 1.1178
v -0.1958 11.8724 1.1178
v -0.1958 11.7724 1.1178
v -0.1958 11.7474 1.1178
v -0.185 11.7474 1.1116
v -0.185 11.7724 1.1116
v -0.185 11.8724 1.1116
v -0.185 11.8974 1.1116
v -0.1958 11.8974 1.0928
v -0.1958 11.8724 1.0928
v -0.1958 11.7724 1.0928
v -0.1958 11.7474 1.0928
v -0.185 11.7474 1.0991
v -0.185 11.7724 1.0991
v -0.185 11.8724 1.0991
v -0.185 11.8974 1.0991
v -0.2066 11.7474 1.0991
v -0.2066 11.7724 1.0991
v -0.2066 11.8724 1.0991
v -0.2066 11.8974 1.0991
v -0.2066 11.8974 1.1116
v -0.2066 11.8724 1.1116
v -0.2066 11.7724 1.1116
v -0.2066 11.7474 1.1116
v 0.2005 11.7474 1.1116
v 0.2005 11.7724 1.1116
v 0.2005 11.8724 1.1116
v 0.2005 11.8974 1.1116
v 0.2005 11.7474 1.0991
v 0.2005 11.7724 1.0991
v 0.2005 11.8724 1.0991
v 0.2005 11.8974 1.0991
v -1.6155 9.6688 1.966
v -1.6754 9.6688 1.913
v -1.7054 9.5996 1.8865
v -1.6755 9.5303 1.913
v -1.6156 9.5302 1.9659
v -1.5856 9.5995 1.9925
v -1.6332 9.6688 1.986
v -1.6932 9.6688 1.9331
v -1.7232 9.5996 1.9065
v -1.6932 9.5303 1.933
v -1.6333 9.5302 1.986
v -1.6033 9.5995 2.0125
v -1.6862 9.6528 1.9392
v -1.6401 9.6528 1.9799
v -1.7093 9.5996 1.9188
v -1.6863 9.5463 1.9391
v -1.6402 9.5462 1.9799
v -1.6171 9.5995 2.0003
v -1.6929 9.6376 1.96
v -1.66 9.6376 1.9891
v -1.7094 9.5996 1.9455
v -1.693 9.5615 1.96
v -1.6601 9.5615 1.9891
v -1.6436 9.5995 2.0037
v -1.6918 9.6156 1.9779
v -1.6779 9.6156 1.9901
v -1.6987 9.5995 1.9717
v -1.6918 9.5835 1.9779
v -1.6779 9.5835 1.9901
v -1.671 9.5995 1.9963
v -2.4967 9.6688 0.4585
v -2.5109 9.6688 0.3797
v -2.5179 9.5996 0.3403
v -2.5109 9.5303 0.3796
v -2.4967 9.5302 0.4584
v -2.4897 9.5995 0.4978
v -2.5231 9.6688 0.4632
v -2.5372 9.6688 0.3845
v -2.5443 9.5996 0.345
v -2.5372 9.5303 0.3844
v -2.5231 9.5302 0.4631
v -2.516 9.5995 0.5025
v -2.5356 9.6528 0.3935
v -2.5247 9.6528 0.4541
v -2.541 9.5996 0.3632
v -2.5356 9.5463 0.3935
v -2.5247 9.5462 0.454
v -2.5193 9.5995 0.4843
v -2.5538 9.6376 0.4057
v -2.546 9.6376 0.449
v -2.5576 9.5996 0.3841
v -2.5538 9.5615 0.4057
v -2.546 9.5615 0.4489
v -2.5421 9.5995 0.4706
v -2.5639 9.6156 0.4205
v -2.5606 9.6156 0.4387
v -2.5655 9.5995 0.4113
v -2.5639 9.5835 0.4204
v -2.5606 9.5835 0.4387
v -2.559 9.5995 0.4478
v -2.2376 9.6688 -1.2096
v -2.1993 9.6688 -1.2798
v -2.1802 9.5996 -1.315
v -2.1993 9.5303 -1.2799
v -2.2376 9.5302 -1.2097
v -2.2568 9.5995 -1.1745
v -2.2611 9.6688 -1.2224
v -2.2228 9.6688 -1.2926
v -2.2036 9.5996 -1.3278
v -2.2228 9.5303 -1.2927
v -2.2611 9.5302 -1.2225
v -2.2803 9.5995 -1.1873
v -2.2272 9.6528 -1.2845
v -2.2567 9.6528 -1.2305
v -2.2125 9.5996 -1.3116
v -2.2272 9.5463 -1.2846
v -2.2567 9.5462 -1.2306
v -2.2714 9.5995 -1.2035
v -2.2491 9.6376 -1.2864
v -2.2701 9.6376 -1.2479
v -2.2385 9.5996 -1.3057
v -2.249 9.5615 -1.2865
v -2.2701 9.5615 -1.2479
v -2.2806 9.5995 -1.2286
v -2.2662 9.6156 -1.2813
v -2.2751 9.6156 -1.2651
v -2.2618 9.5995 -1.2894
v -2.2662 9.5835 -1.2813
v -2.275 9.5835 -1.2651
v -2.2795 9.5995 -1.257
v -0.8869 9.6688 -2.3782
v -0.8104 9.6688 -2.4016
v -0.7721 9.5996 -2.4134
v -0.8103 9.5303 -2.4017
v -0.8868 9.5302 -2.3782
v -0.9251 9.5995 -2.3665
v -0.8947 9.6688 -2.4038
v -0.8182 9.6688 -2.4272
v -0.7799 9.5996 -2.439
v -0.8181 9.5303 -2.4272
v -0.8946 9.5302 -2.4038
v -0.9329 9.5995 -2.392
v -0.827 9.6528 -2.4245
v -0.8859 9.6528 -2.4065
v -0.7976 9.5996 -2.4335
v -0.827 9.5463 -2.4245
v -0.8858 9.5462 -2.4065
v -0.9152 9.5995 -2.3975
v -0.8413 9.6376 -2.4411
v -0.8833 9.6376 -2.4282
v -0.8203 9.5996 -2.4476
v -0.8413 9.5615 -2.4411
v -0.8833 9.5615 -2.4282
v -0.9043 9.5995 -2.4218
v -0.8571 9.6156 -2.4494
v -0.8748 9.6156 -2.444
v -0.8483 9.5995 -2.4521
v -0.8571 9.5835 -2.4494
v -0.8748 9.5835 -2.444
v -0.8837 9.5995 -2.4413
v 0.8316 9.6688 -2.4013
v 0.9068 9.6688 -2.374
v 0.9445 9.5996 -2.3604
v 0.9069 9.5303 -2.374
v 0.8317 9.5302 -2.4012
v 0.7941 9.5995 -2.4149
v 0.8407 9.6688 -2.4264
v 0.9159 9.6688 -2.3992
v 0.9536 9.5996 -2.3855
v 0.916 9.5303 -2.3991
v 0.8408 9.5302 -2.4264
v 0.8032 9.5995 -2.44
v 0.9073 9.6528 -2.4023
v 0.8494 9.6528 -2.4233
v 0.9362 9.5996 -2.3918
v 0.9073 9.5463 -2.4023
v 0.8495 9.5462 -2.4232
v 0.8205 9.5995 -2.4337
v 0.9058 9.6376 -2.4242
v 0.8646 9.6376 -2.4391
v 0.9265 9.5996 -2.4167
v 0.9059 9.5615 -2.4241
v 0.8646 9.5615 -2.4391
v 0.8439 9.5995 -2.4466
v 0.8982 9.6156 -2.4403
v 0.8808 9.6156 -2.4466
v 0.9069 9.5995 -2.4372
v 0.8982 9.5835 -2.4403
v 0.8808 9.5835 -2.4466
v 0.8721 9.5995 -2.4498
v 2.1806 9.6688 -1.3053
v 2.2195 9.6688 -1.2355
v 2.2391 9.5996 -1.2005
v 2.2196 9.5303 -1.2354
v 2.1806 9.5302 -1.3053
v 2.1611 9.5995 -1.3402
v 2.2039 9.6688 -1.3184
v 2.2429 9.6688 -1.2485
v 2.2624 9.5996 -1.2136
v 2.2429 9.5303 -1.2484
v 2.204 9.5302 -1.3183
v 2.1845 9.5995 -1.3533
v 2.2384 9.6528 -1.2566
v 2.2084 9.6528 -1.3103
v 2.2534 9.5996 -1.2297
v 2.2384 9.5463 -1.2565
v 2.2085 9.5462 -1.3102
v 2.1935 9.5995 -1.3371
v 2.2517 9.6376 -1.274
v 2.2302 9.6376 -1.3124
v 2.2624 9.5996 -1.2548
v 2.2517 9.5615 -1.274
v 2.2303 9.5615 -1.3123
v 2.2196 9.5995 -1.3316
v 2.2565 9.6156 -1.2913
v 2.2474 9.6156 -1.3074
v 2.261 9.5995 -1.2832
v 2.2565 9.5835 -1.2912
v 2.2474 9.5835 -1.3074
v 2.2429 9.5995 -1.3155
v 2.5053 9.6688 0.4074
v 2.4903 9.6688 0.486
v 2.4827 9.5996 0.5253
v 2.4903 9.5303 0.4861
v 2.5053 9.5302 0.4075
v 2.5128 9.5995 0.3682
v 2.5316 9.6688 0.4125
v 2.5165 9.6688 0.491
v 2.509 9.5996 0.5304
v 2.5165 9.5303 0.4911
v 2.5316 9.5302 0.4126
v 2.5391 9.5995 0.3732
v 2.5183 9.6528 0.482
v 2.5298 9.6528 0.4215
v 2.5125 9.5996 0.5122
v 2.5183 9.5463 0.482
v 2.5298 9.5462 0.4216
v 2.5356 9.5995 0.3914
v 2.5396 9.6376 0.4771
v 2.5479 9.6376 0.434
v 2.5355 9.5996 0.4987
v 2.5396 9.5615 0.4772
v 2.5479 9.5615 0.434
v 2.552 9.5995 0.4124
v 2.5544 9.6156 0.467
v 2.5579 9.6156 0.4488
v 2.5527 9.5995 0.4761
v 2.5544 9.5835 0.467
v 2.5579 9.5835 0.4489
v 2.5596 9.5995 0.4398
v 1.6705 9.6688 1.9088
v 1.6117 9.6688 1.963
v 1.5823 9.5996 1.9902
v 1.6117 9.5303 1.9631
v 1.6705 9.5302 1.9089
v 1.6999 9.5995 1.8817
v 1.6887 9.6688 1.9285
v 1.6299 9.6688 1.9827
v 1.6005 9.5996 2.0099
v 1.6298 9.5303 1.9828
v 1.6886 9.5302 1.9285
v 1.7181 9.5995 1.9014
v 1.6367 9.6528 1.9765
v 1.6819 9.6528 1.9347
v 1.614 9.5996 1.9973
v 1.6366 9.5463 1.9765
v 1.6818 9.5462 1.9348
v 1.7045 9.5995 1.9139
v 1.6567 9.6376 1.9852
v 1.689 9.6376 1.9555
v 1.6406 9.5996 2.0002
v 1.6567 9.5615 1.9853
v 1.689 9.5615 1.9555
v 1.7051 9.5995 1.9406
v 1.6746 9.6156 1.9859
v 1.6882 9.6156 1.9733
v 1.6678 9.5995 1.9922
v 1.6746 9.5835 1.9859
v 1.6882 9.5835 1.9733
v 1.695 9.5995 1.9671
v 0.04 9.6688 2.5393
v -0.04 9.6688 2.5393
v -0.08 9.5996 2.5393
v -0.04 9.5303 2.5393
v 0.04 9.5302 2.5393
v 0.08 9.5995 2.5393
v 0.04 9.6688 2.5661
v -0.04 9.6688 2.5661
v -0.08 9.5996 2.5661
v -0.04 9.5303 2.5661
v 0.04 9.5302 2.5661
v 0.08 9.5995 2.5661
v -0.0307 9.6528 2.5661
v 0.0308 9.6528 2.5661
v -0.0615 9.5996 2.5661
v -0.0308 9.5463 2.5661
v 0.0307 9.5462 2.5661
v 0.0615 9.5995 2.5661
v -0.0219 9.6376 2.5861
v 0.022 9.6376 2.5861
v -0.0439 9.5996 2.5861
v -0.022 9.5615 2.5861
v 0.0219 9.5615 2.5861
v 0.0439 9.5995 2.5861
v -0.0092 9.6156 2.5987
v 0.0093 9.6156 2.5987
v -0.0185 9.5995 2.5987
v -0.0093 9.5835 2.5987
v 0.0092 9.5835 2.5987
v 0.0185 9.5995 2.5987
v 0.3506 5.3324 -0.125
v 0.3506 5.4128 -0.0958
v 0.3506 5.4555 -0.0217
v 0.3506 5.4407 0.0625
v 0.3506 5.3752 0.1175
v 0.3506 5.2897 0.1175
v 0.3506 5.2242 0.0625
v 0.3506 5.2093 -0.0217
v 0.3506 5.2521 -0.0958
v 0.4182 5.3324 -0.125
v 0.4182 5.4128 -0.0958
v 0.4182 5.4555 -0.0217
v 0.4182 5.4407 0.0625
v 0.4182 5.3752 0.1175
v 0.4182 5.2897 0.1175
v 0.4182 5.2242 0.0625
v 0.4182 5.2093 -0.0217
v 0.4182 5.2521 -0.0958
v 0.4182 5.3957 -0.0754
v 0.4182 5.3324 -0.0984
v 0.4182 5.4293 -0.0171
v 0.4182 5.4176 0.0492
v 0.4182 5.3661 0.0925
v 0.4182 5.2988 0.0925
v 0.4182 5.2472 0.0492
v 0.4182 5.2355 -0.0171
v 0.4182 5.2692 -0.0754
v 0.4045 5.3862 -0.0641
v 0.4045 5.3324 -0.0836
v 0.4045 5.4148 -0.0145
v 0.4045 5.4049 0.0418
v 0.4045 5.361 0.0786
v 0.4045 5.3038 0.0786
v 0.4045 5.26 0.0418
v 0.4045 5.2501 -0.0145
v 0.4045 5.2787 -0.0641
v 0.3506 4.3324 -0.125
v 0.3506 4.4128 -0.0958
v 0.3506 4.4555 -0.0217
v 0.3506 4.4407 0.0625
v 0.3506 4.3752 0.1175
v 0.3506 4.2897 0.1175
v 0.3506 4.2242 0.0625
v 0.3506 4.2093 -0.0217
v 0.3506 4.2521 -0.0958
v 0.4182 4.3324 -0.125
v 0.4182 4.4128 -0.0958
v 0.4182 4.4555 -0.0217
v 0.4182 4.4407 0.0625
v 0.4182 4.3752 0.1175
v 0.4182 4.2897 0.1175
v 0.4182 4.2242 0.0625
v 0.4182 4.2093 -0.0217
v 0.4182 4.2521 -0.0958
v 0.4182 4.3957 -0.0754
v 0.4182 4.3324 -0.0984
v 0.4182 4.4293 -0.0171
v 0.4182 4.4176 0.0492
v 0.4182 4.3661 0.0925
v 0.4182 4.2988 0.0925
v 0.4182 4.2472 0.0492
v 0.4182 4.2355 -0.0171
v 0.4182 4.2692 -0.0754
v 0.4045 4.3862 -0.0641
v 0.4045 4.3324 -0.0836
v 0.4045 4.4148 -0.0145
v 0.4045 4.4049 0.0418
v 0.4045 4.361 0.0786
v 0.4045 4.3038 0.0786
v 0.4045 4.26 0.0418
v 0.4045 4.2501 -0.0145
v 0.4045 4.2787 -0.0641
v 0.3506 3.3324 -0.125
v 0.3506 3.4128 -0.0958
v 0.3506 3.4555 -0.0217
v 0.3506 3.4407 0.0625
v 0.3506 3.3752 0.1175
v 0.3506 3.2897 0.1175
v 0.3506 3.2242 0.0625
v 0.3506 3.2093 -0.0217
v 0.3506 3.2521 -0.0958
v 0.4182 3.3324 -0.125
v 0.4182 3.4128 -0.0958
v 0.4182 3.4555 -0.0217
v 0.4182 3.4407 0.0625
v 0.4182 3.3752 0.1175
v 0.4182 3.2897 0.1175
v 0.4182 3.2242 0.0625
v 0.4182 3.2093 -0.0217
v 0.4182 3.2521 -0.0958
v 0.4182 3.3957 -0.0754
v 0.4182 3.3324 -0.0984
v 0.4182 3.4293 -0.0171
v 0.4182 3.4176 0.0492
v 0.4182 3.3661 0.0925
v 0.4182 3.2988 0.0925
v 0.4182 3.2472 0.0492
v 0.4182 3.2355 -0.0171
v 0.4182 3.2692 -0.0754
v 0.4045 3.3862 -0.0641
v 0.4045 3.3324 -0.0836
v 0.4045 3.4148 -0.0145
v 0.4045 3.4049 0.0418
v 0.4045 3.361 0.0786
v 0.4045 3.3038 0.0786
v 0.4045 3.26 0.0418
v 0.4045 3.2501 -0.0145
v 0.4045 3.2787 -0.0641
v 0.4397 1.0049 0.369
v 0.1913 1.2549 0.3314
v -0.0665 1.2549 0.3769
v 0.287 1.0049 0.4971
v 0.0997 1.0049 0.5653
v -0.0997 1.0049 0.5653
v 0.0997 0.7549 0.5653
v -0.2932 1.2549 0.246
v -0.287 1.0049 0.4971
v -0.4397 1.0049 0.369
v -0.5394 1.0049 0.1963
v -0.574 1.0049 -0
v -0.5394 1.0049 -0.1963
v -0.4397 1.0049 -0.369
v -0.287 1.0049 -0.4971
v -0.0997 1.0049 -0.5653
v -0.0997 0.7549 -0.5653
v -0.287 0.7549 -0.4971
v 0.0997 1.0049 -0.5653
v 0.287 1.0049 -0.4971
v 0.4397 1.0049 -0.369
v 0.5394 1.0049 -0.1963
v 0.4397 0.7549 -0.369
v 0.574 1.0049 -0
v 0.5394 1.0049 0.1963
v 0.5394 0.7549 0.1963
v 0.574 0.8674 -0
v -0.3596 1.2549 -0.1309
v -0.2932 1.2549 -0.246
v -0.1913 1.2549 -0.3314
v -0.0665 1.2549 -0.3769
v 0.0665 1.2549 -0.3769
v 0.1913 1.2549 -0.3314
v 0.2932 1.2549 -0.246
v 0.3596 1.2549 -0.1309
v 0.3827 1.2549 0
v 0.3596 1.2549 0.1309
v 0.2932 1.2549 0.246
v 0.0665 1.2549 0.3769
v -0.1913 1.2549 0.3314
v -0.3596 1.2549 0.1309
v -0.3827 1.2549 0
v -0.5394 0.0049 -0.1963
v -0.4397 0.0049 -0.369
v -0.287 0.0049 -0.4971
v -0.0997 0.0049 -0.5653
v 0.0997 0.0049 -0.5653
v 0.287 0.0049 -0.4971
v 0.4397 0.0049 -0.369
v 0.5394 0.0049 -0.1963
v 0.7318 0.0049 0.1471
v 0.5394 0.0049 0.1963
v 0.4397 0.0049 0.369
v 0.287 0.0049 0.4971
v 0.0997 0.0049 0.5653
v -0.0997 0.0049 0.5653
v -0.287 0.0049 0.4971
v -0.4397 0.0049 0.369
v -0.5394 0.0049 0.1963
v -0.574 0.0049 0
v -0.5394 0.7549 -0.1963
v -0.574 0.7549 0
v -0.4397 0.7549 -0.369
v 0.5394 0.7549 -0.1963
v 0.287 0.7549 0.4971
v -0.5394 0.7549 0.1963
v 0.287 0.7549 -0.4971
v 0.4397 0.7549 0.369
v -0.4397 0.7549 0.369
v 0.0997 0.7549 -0.5653
v -0.287 0.7549 0.4971
v -0.0997 0.7549 0.5653
v 0.8231 0.0049 -0.1963
v 0.7577 0.8102 -0
v 0.8231 0.0049 0.1963
v 0.8231 0.7549 -0.1963
v 0.8231 0.7549 0.1963
v 0.8577 0.8102 -0
v 0.7318 0.0049 -0.1471
v 0.8318 0.0049 0.1471
v 0.8318 0.0049 -0.1471
v 0.8318 0.7257 -0.1471
v 0.8318 0.7257 0.1471
v 0.8577 0.8674 -0
v 0.7318 0.7257 -0.1471
v 0.7318 0.7257 0.1471
v -0.2932 2.0049 -0.246
v -0.1913 2.0049 -0.3314
v 0.2932 2.0049 -0.246
v 0.3596 2.0049 0.1309
v 0.1913 2.0049 0.3314
v 0.0665 2.0049 0.3769
v -0.1913 2.0049 0.3314
v -0.2932 2.0049 0.246
v -0.3596 2.0049 0.1309
v -2.0741 7.7644 -1.4936
v -2.2646 7.825 -1.4936
v -2.3696 7.8248 -1.3233
v -2.2839 7.764 -1.1531
v -2.0933 7.7033 -1.1532
v -1.9884 7.7035 -1.3235
v -2.09 7.7143 -1.5035
v -2.2806 7.7749 -1.5034
v -2.3855 7.7747 -1.3332
v -2.2999 7.7138 -1.163
v -2.1093 7.6532 -1.1631
v -2.0044 7.6534 -1.3334
v -2.2608 7.7609 -1.4642
v -2.1143 7.7142 -1.4642
v -2.3415 7.7607 -1.3332
v -2.2757 7.7139 -1.2023
v -2.1291 7.6672 -1.2024
v -2.0484 7.6674 -1.3333
v -2.2495 7.6979 -1.4221
v -2.1599 7.6694 -1.4222
v -2.2988 7.6978 -1.3421
v -2.2586 7.6692 -1.2621
v -2.1689 7.6406 -1.2621
v -2.1196 7.6407 -1.3422
v -2.2342 7.6503 -1.3788
v -2.1998 7.6393 -1.3788
v -2.2532 7.6502 -1.348
v -2.2377 7.6393 -1.3173
v -2.2033 7.6283 -1.3173
v -2.1844 7.6283 -1.3481
v -0.6851 7.769 -2.4665
v -0.8302 7.8297 -2.59
v -1.0205 7.8295 -2.5285
v -1.0657 7.7686 -2.3434
v -0.9205 7.708 -2.2199
v -0.7302 7.7082 -2.2814
v -0.6908 7.7189 -2.4844
v -0.8359 7.7796 -2.6079
v -1.0262 7.7794 -2.5464
v -1.0714 7.7185 -2.3613
v -0.9263 7.6578 -2.2378
v -0.736 7.6581 -2.2993
v -0.8464 7.7655 -2.5652
v -0.7348 7.7189 -2.4702
v -0.9927 7.7654 -2.5178
v -1.0274 7.7186 -2.3755
v -0.9158 7.6719 -2.2805
v -0.7695 7.6721 -2.3279
v -0.865 7.7026 -2.5258
v -0.7967 7.674 -2.4678
v -0.9545 7.7025 -2.4969
v -0.9757 7.6739 -2.4099
v -0.9075 7.6453 -2.3518
v -0.818 7.6454 -2.3807
v -0.8815 7.655 -2.4829
v -0.8553 7.644 -2.4606
v -0.9159 7.6549 -2.4718
v -0.924 7.6439 -2.4384
v -0.8978 7.633 -2.4161
v -0.8635 7.633 -2.4272
v 1.036 7.7725 -2.3508
v 1.0047 7.8332 -2.5388
v 0.8195 7.833 -2.6144
v 0.6657 7.7721 -2.5021
v 0.697 7.7115 -2.3141
v 0.8822 7.7117 -2.2385
v 1.0432 7.7224 -2.3682
v 1.0118 7.7831 -2.5562
v 0.8267 7.7829 -2.6318
v 0.6728 7.722 -2.5194
v 0.7042 7.6614 -2.3314
v 0.8893 7.6616 -2.2558
v 0.9763 7.769 -2.5302
v 1.0004 7.7224 -2.3857
v 0.8339 7.7689 -2.5884
v 0.7156 7.7221 -2.502
v 0.7397 7.6754 -2.3574
v 0.8821 7.6756 -2.2992
v 0.9367 7.7061 -2.5122
v 0.9515 7.6776 -2.4238
v 0.8497 7.706 -2.5477
v 0.7773 7.6774 -2.4949
v 0.792 7.6488 -2.4065
v 0.8791 7.6489 -2.3709
v 0.8964 7.6585 -2.49
v 0.9021 7.6475 -2.4561
v 0.863 7.6584 -2.5037
v 0.8352 7.6474 -2.4834
v 0.8409 7.6365 -2.4494
v 0.8743 7.6365 -2.4358
v 2.3443 7.7764 -1.091
v 2.4379 7.8371 -1.257
v 2.3412 7.8369 -1.4321
v 2.1509 7.776 -1.4411
v 2.0573 7.7154 -1.2751
v 2.154 7.7156 -1.1001
v 2.3608 7.7263 -1.1
v 2.4544 7.787 -1.2661
v 2.3577 7.7868 -1.4411
v 2.1674 7.7259 -1.4502
v 2.0738 7.6653 -1.2842
v 2.1705 7.6655 -1.1091
v 2.4104 7.7729 -1.2681
v 2.3384 7.7263 -1.1405
v 2.336 7.7728 -1.4028
v 2.1897 7.726 -1.4098
v 2.1177 7.6793 -1.2821
v 2.1921 7.6795 -1.1474
v 2.3682 7.71 -1.2789
v 2.3242 7.6814 -1.2009
v 2.3228 7.7099 -1.3612
v 2.2333 7.6813 -1.3655
v 2.1893 7.6527 -1.2874
v 2.2348 7.6528 -1.2051
v 2.323 7.6624 -1.287
v 2.3061 7.6514 -1.257
v 2.3055 7.6623 -1.3186
v 2.2712 7.6513 -1.3202
v 2.2543 7.6404 -1.2902
v 2.2717 7.6404 -1.2586
v 2.4826 7.7704 0.6495
v 2.6606 7.8311 0.5813
v 2.6977 7.8309 0.3848
v 2.5569 7.77 0.2565
v 2.379 7.7094 0.3246
v 2.3418 7.7096 0.5212
v 2.5011 7.7203 0.653
v 2.679 7.781 0.5849
v 2.7162 7.7808 0.3883
v 2.5754 7.7199 0.26
v 2.3974 7.6592 0.3282
v 2.3603 7.6594 0.5247
v 2.6465 7.7669 0.5552
v 2.5096 7.7203 0.6077
v 2.6751 7.7668 0.4041
v 2.5668 7.72 0.3054
v 2.4299 7.6733 0.3578
v 2.4014 7.6735 0.509
v 2.6209 7.704 0.52
v 2.5372 7.6754 0.5521
v 2.6384 7.7039 0.4276
v 2.5722 7.6753 0.3673
v 2.4885 7.6467 0.3993
v 2.471 7.6468 0.4917
v 2.5912 7.6564 0.485
v 2.559 7.6454 0.4973
v 2.5979 7.6563 0.4495
v 2.5724 7.6453 0.4263
v 2.5403 7.6344 0.4386
v 2.5336 7.6344 0.4741
v 1.517 7.7765 2.1033
v 1.6991 7.8372 2.1593
v 1.8495 7.837 2.0276
v 1.8179 7.7761 1.8397
v 1.6357 7.7154 1.7836
v 1.4853 7.7156 1.9154
v 1.5293 7.7264 2.1174
v 1.7114 7.7871 2.1735
v 1.8619 7.7869 2.0417
v 1.8302 7.726 1.8539
v 1.6481 7.6653 1.7978
v 1.4976 7.6655 1.9296
v 1.7041 7.773 2.1301
v 1.564 7.7263 2.087
v 1.8198 7.7729 2.0288
v 1.7955 7.726 1.8843
v 1.6554 7.6794 1.8412
v 1.5397 7.6795 1.9425
v 1.7057 7.71 2.0866
v 1.62 7.6815 2.0603
v 1.7764 7.7099 2.0247
v 1.7615 7.6813 1.9363
v 1.6759 7.6528 1.91
v 1.6051 7.6529 1.9719
v 1.7039 7.6624 2.0407
v 1.671 7.6515 2.0306
v 1.731 7.6624 2.0169
v 1.7253 7.6514 1.983
v 1.6924 7.6404 1.9729
v 1.6653 7.6405 1.9967
v -0.2158 7.7644 2.5494
v -0.1118 7.825 2.7091
v 0.0881 7.8248 2.7042
v 0.1841 7.764 2.5396
v 0.0801 7.7033 2.3799
v -0.1198 7.7035 2.3848
v -0.2154 7.7143 2.5682
v -0.1114 7.7749 2.7279
v 0.0885 7.7747 2.723
v 0.1845 7.7138 2.5584
v 0.0805 7.6532 2.3987
v -0.1194 7.6534 2.4036
v -0.0892 7.7609 2.6899
v -0.1692 7.7142 2.567
v 0.0645 7.7607 2.6861
v 0.1383 7.7139 2.5595
v 0.0584 7.6672 2.4367
v -0.0954 7.6674 2.4405
v -0.0602 7.6979 2.6574
v -0.1091 7.6694 2.5823
v 0.0338 7.6978 2.6552
v 0.0789 7.6692 2.5778
v 0.0301 7.6406 2.5027
v -0.064 7.6407 2.505
v -0.0321 7.6503 2.621
v -0.0509 7.6393 2.5922
v 0.0039 7.6502 2.6201
v 0.0213 7.6393 2.5904
v 0.0025 7.6283 2.5616
v -0.0336 7.6283 2.5625
v -1.7877 7.7644 1.7926
v -1.8155 7.825 1.9811
v -1.6625 7.8248 2.1099
v -1.4816 7.764 2.0501
v -1.4537 7.7033 1.8616
v -1.6068 7.7035 1.7328
v -1.7998 7.7143 1.8069
v -1.8277 7.7749 1.9954
v -1.6746 7.7747 2.1242
v -1.4937 7.7138 2.0645
v -1.4659 7.6532 1.8759
v -1.6189 7.6534 1.7472
v -1.7859 7.7609 1.9816
v -1.7644 7.7142 1.8367
v -1.6682 7.7607 2.0807
v -1.5291 7.7139 2.0347
v -1.5076 7.6672 1.8897
v -1.6253 7.6674 1.7907
v -1.7427 7.6979 1.9766
v -1.7295 7.6694 1.8879
v -1.6707 7.6978 2.0371
v -1.5856 7.6692 2.009
v -1.5725 7.6406 1.9204
v -1.6445 7.6407 1.8598
v -1.6975 7.6503 1.9679
v -1.6925 7.6393 1.9338
v -1.6699 7.6502 1.9911
v -1.6372 7.6393 1.9803
v -1.6322 7.6283 1.9463
v -1.6598 7.6283 1.923
v -2.5346 7.7608 0.2271
v -2.6779 7.8215 0.3528
v -2.6446 7.8213 0.55
v -2.468 7.7604 0.6215
v -2.3248 7.6997 0.4959
v -2.358 7.6999 0.2987
v -2.5531 7.7107 0.2302
v -2.6964 7.7713 0.3559
v -2.6631 7.7711 0.5531
v -2.4866 7.7103 0.6246
v -2.3433 7.6496 0.499
v -2.3766 7.6498 0.3018
v -2.6556 7.7573 0.3724
v -2.5454 7.7106 0.2757
v -2.63 7.7571 0.524
v -2.4943 7.7103 0.5791
v -2.3841 7.6636 0.4824
v -2.4097 7.6638 0.3308
v -2.6194 7.6943 0.3965
v -2.552 7.6658 0.3374
v -2.6038 7.6942 0.4892
v -2.5207 7.6656 0.5229
v -2.4534 7.6371 0.4638
v -2.469 7.6372 0.3711
v -2.5794 7.6467 0.4191
v -2.5535 7.6357 0.3964
v -2.5733 7.6467 0.4547
v -2.5415 7.6357 0.4676
v -2.5156 7.6247 0.4449
v -2.5216 7.6247 0.4093
v -1.086 11.2099 0.9113
v -1.4189 10.5595 1.1906
v -1.5358 9.7923 1.2887
v -1.3322 11.2099 0.4849
v -1.7406 10.5595 0.6335
v -1.884 9.7923 0.6857
v -0.8193 7 0.6875
v -0.7665 6.7595 0.6431
v -0.6012 6.442 0.5045
v -0.9402 6.7595 0.3422
v -0.7375 6.442 0.2684
v -2.4776 8 2.0789
v -3.0392 8.5 1.1062
v -2.4776 8.5 2.0789
v -2.4314 9.5 0.8849
v -0.6489 11.6945 0.2362
v -0.3399 11.7951 0.1237
v -1.6937 8.1 2.7367
v -1.6937 8.4 2.7367
v -2.401 8.4 2.1432
v -0.8137 11.1264 1.2115
v -0.9752 10.643 1.4912
v -1.0518 11.1264 1.0117
v -1.2992 10.643 1.2193
v -0.7357 11.2374 1.2597
v -0.953 10.587 1.6361
v -1.1129 11.2374 0.9433
v -1.4458 10.587 1.2226
v -0.8406 11.1539 1.2435
v -1.002 10.6705 1.5232
v -1.0787 11.1539 1.0437
v -1.3261 10.6705 1.2513
v -2.401 8.1 2.1432
v -1.5652 8.1 2.5835
v -2.2724 8.1 1.99
v -1.5652 8.4 2.5835
v -2.2724 8.4 1.99
v -1.4177 11.2099 0
v -1.8523 10.5595 0
v -2.0049 9.7923 0
v -1.3322 11.2099 -0.4849
v -1.7406 10.5595 -0.6335
v -1.884 9.7923 -0.6857
v -1.086 11.2099 -0.9113
v -1.4189 10.5595 -1.1906
v -1.5358 9.7923 -1.2887
v -0.7088 11.2099 -1.2277
v -0.9261 10.5595 -1.6041
v -1.0025 9.7923 -1.7363
v -1.005 7 0.3658
v -1.0695 7 0
v -1.0005 6.7595 0
v -0.7848 6.442 0
v -1.005 7 -0.3658
v -0.9402 6.7595 -0.3422
v -0.7375 6.442 -0.2684
v -0.5348 7.16 -0.9262
v -0.8193 7 -0.6875
v -0.7665 6.7595 -0.6431
v -0.6012 6.442 -0.5045
v -0.5348 7 -0.9262
v -0.5003 6.7595 -0.8665
v -0.3924 6.442 -0.6797
v -1.0781 7.6 -1.8673
v -2.1562 7.6 0
v -1.6171 8 -2.8009
v -2.4776 8 -2.0789
v -3.0392 8 -1.1062
v -3.2342 8 0
v -3.0392 8 1.1062
v -1.6171 8.5 -2.8009
v -2.4776 8.5 -2.0789
v -3.0392 8.5 -1.1062
v -3.2342 8.5 0
v -1.2937 9.5 -2.2408
v -2.5874 9.5 0
v -1.035 9.7 -1.7926
v -2.0699 9.7 0
v -2.5276 8.1 -1.9923
v -3.0566 8.1 1.0077
v -3.2169 8.1 0.0985
v -3.0566 8.4 1.0077
v -3.2169 8.4 0.0985
v -1.4021 11.1264 0.405
v -1.7056 10.643 0.5155
v -1.4561 11.1264 0.0989
v -1.779 10.643 0.0989
v -1.3344 11.1264 -0.591
v -1.6379 10.643 -0.7014
v -1.179 11.1264 -0.8601
v -1.4264 10.643 -1.0677
v -1.3684 11.2374 -0.5058
v -1.7768 10.587 -0.6544
v -1.1222 11.2374 -0.9322
v -1.4551 10.587 -1.2115
v -1.3706 11.1539 -0.6119
v -1.6741 10.6705 -0.7223
v -1.2152 11.1539 -0.881
v -1.4626 10.6705 -1.0886
v -1.3733 11.2374 0.4921
v -1.7817 10.587 0.6408
v -1.4588 11.2374 0.0073
v -1.8934 10.587 0.0073
v -1.4432 11.1539 0.4123
v -1.7467 10.6705 0.5227
v -1.4972 11.1539 0.1062
v -1.8202 10.6705 0.1062
v -2.9892 8.1 -1.1928
v -2.9892 8.4 -1.1928
v -2.5276 8.4 -1.9923
v -2.816 8.1 -1.0928
v -2.3544 8.1 -1.8923
v -2.816 8.4 -1.0928
v -2.3544 8.4 -1.8923
v -2.8596 8.1 0.973
v -3.0199 8.1 0.0638
v -2.8596 8.4 0.973
v -3.0199 8.4 0.0638
v -0.2462 11.2099 -1.3961
v -0.3216 10.5595 -1.8242
v -0.3481 9.7923 -1.9744
v 0.2462 11.2099 -1.3961
v 0.3216 10.5595 -1.8242
v 0.3481 9.7923 -1.9744
v 0.7088 11.2099 -1.2277
v 0.9261 10.5595 -1.6041
v 1.0025 9.7923 -1.7363
v -0.1913 6.191 -0.3314
v -0.1857 7 -1.0533
v -0.1737 6.7595 -0.9853
v -0.1363 6.442 -0.7729
v 0.1857 7 -1.0533
v 0.1737 6.7595 -0.9853
v 0.1363 6.442 -0.7729
v 0.1857 7.16 -1.0533
v 0.5348 7 -0.9262
v 0.5003 6.7595 -0.8665
v 0.3924 6.442 -0.6797
v 0.7665 6.7595 -0.6431
v 1.6171 8 -2.8009
v 0.5616 8 -3.1851
v -0.5616 8 -3.1851
v 1.6171 8.5 -2.8009
v 0.5616 8.5 -3.1851
v -0.5616 8.5 -3.1851
v 0.6556 8.1 -3.1509
v 1.5232 8.1 -2.8351
v -1.5232 8.1 -2.8351
v -0.6556 8.1 -3.1509
v 1.5232 8.4 -2.8351
v -1.5232 8.4 -2.8351
v -0.6556 8.4 -3.1509
v -0.6423 11.1264 -1.3105
v -0.8038 10.643 -1.5902
v -0.3503 11.1264 -1.4168
v -0.4064 10.643 -1.7348
v 0.3503 11.1264 -1.4168
v 0.4064 10.643 -1.7348
v 0.6423 11.1264 -1.3105
v 0.8038 10.643 -1.5902
v 0.2605 11.2374 -1.4354
v 0.3359 10.587 -1.8634
v 0.7231 11.2374 -1.267
v 0.9404 10.587 -1.6434
v 0.3646 11.1539 -1.456
v 0.4207 10.6705 -1.7741
v 0.6566 11.1539 -1.3497
v 0.8181 10.6705 -1.6294
v -0.7231 11.2374 -1.267
v -0.9404 10.587 -1.6434
v -0.2605 11.2374 -1.4354
v -0.3359 10.587 -1.8634
v -0.6566 11.1539 -1.3497
v -0.8181 10.6705 -1.6294
v -0.3646 11.1539 -1.456
v -0.4207 10.6705 -1.7741
v 0.6556 8.4 -3.1509
v 0.5872 8.1 -2.963
v 1.4547 8.1 -2.6472
v 0.5872 8.4 -2.963
v 1.4547 8.4 -2.6472
v -1.4548 8.1 -2.6472
v -0.5872 8.1 -2.963
v -1.4548 8.4 -2.6472
v -0.5872 8.4 -2.963
v 1.086 11.2099 -0.9113
v 1.4189 10.5595 -1.1906
v 1.5358 9.7923 -1.2887
v 1.3322 11.2099 -0.4849
v 1.7406 10.5595 -0.6335
v 1.884 9.7923 -0.6857
v 1.4177 11.2099 -0
v 1.8523 10.5595 -0
v 2.0049 9.7923 -0
v 1.3322 11.2099 0.4849
v 1.7406 10.5595 0.6335
v 1.884 9.7923 0.6857
v 0.8193 7 -0.6875
v 0.6012 6.442 -0.5045
v 1.005 7 -0.3658
v 0.9402 6.7595 -0.3422
v 0.7375 6.442 -0.2684
v 1.0695 7 -0
v 1.0005 6.7595 -0
v 0.7848 6.442 0
v 1.005 7.16 0.3658
v 1.005 7 0.3658
v 0.9402 6.7595 0.3422
v 0.7375 6.442 0.2684
v 0.7665 6.7595 0.6431
v 2.0261 7.6 0.7375
v 2.1562 7.6 -0
v 2.0261 7.6 -0.7375
v 3.0392 8 1.1062
v 3.2342 8 -0
v 3.0392 8 -1.1062
v 2.4776 8 -2.0789
v 3.0392 8.5 1.1062
v 3.2342 8.5 -0
v 3.0392 8.5 -1.1062
v 2.4776 8.5 -2.0789
v 2.4314 9.5 0.8849
v 2.5874 9.5 -0
v 2.4314 9.5 -0.8849
v 1.9451 9.7 0.708
v 2.0699 9.7 -0
v 3.0566 8.1 1.0077
v 2.5276 8.1 -1.9923
v 2.9892 8.1 -1.1928
v 2.5276 8.4 -1.9923
v 2.9892 8.4 -1.1928
v 1.179 11.1264 -0.8601
v 1.4264 10.643 -1.0677
v 1.3344 11.1264 -0.591
v 1.6379 10.643 -0.7014
v 1.4561 11.1264 0.0989
v 1.779 10.643 0.0989
v 1.4021 11.1264 0.405
v 1.7056 10.643 0.5155
v 1.4588 11.2374 0.0073
v 1.8934 10.587 0.0073
v 1.3733 11.2374 0.4921
v 1.7817 10.587 0.6408
v 1.4972 11.1539 0.1062
v 1.8202 10.6705 0.1062
v 1.4432 11.1539 0.4123
v 1.7467 10.6705 0.5227
v 1.1222 11.2374 -0.9322
v 1.4551 10.587 -1.2115
v 1.3684 11.2374 -0.5058
v 1.7768 10.587 -0.6544
v 1.2152 11.1539 -0.881
v 1.4626 10.6705 -1.0886
v 1.3706 11.1539 -0.6119
v 1.6741 10.6705 -0.7223
v 3.2169 8.1 0.0985
v 3.2169 8.4 0.0985
v 3.0566 8.4 1.0077
v 3.0199 8.1 0.0638
v 2.8596 8.1 0.973
v 3.0199 8.4 0.0638
v 2.8596 8.4 0.973
v 2.3544 8.1 -1.8923
v 2.816 8.1 -1.0928
v 2.3544 8.4 -1.8923
v 2.816 8.4 -1.0928
v 0.5877 11.6445 0.4932
v 1.086 11.2099 0.9113
v 1.4189 10.5595 1.1906
v 1.5358 9.7923 1.2887
v 0.7088 11.2099 1.2277
v 0.9261 10.5595 1.6041
v 1.0025 9.7923 1.7363
v 0.1332 11.6445 0.7556
v 0.2462 11.2099 1.3961
v 0.3216 10.5595 1.8242
v 0.3481 9.7923 1.9744
v -0.2462 11.2099 1.3961
v -0.3216 10.5595 1.8242
v -0.3481 9.7923 1.9744
v -0.7088 11.2099 1.2277
v -0.9261 10.5595 1.6041
v -1.0025 9.7923 1.7363
v 0.8193 7 0.6875
v 0.6012 6.442 0.5045
v 0.2932 6.191 0.246
v 0.5348 7 0.9262
v 0.5003 6.7595 0.8665
v 0.3924 6.442 0.6797
v 0.1857 7 1.0533
v 0.1737 6.7595 0.9853
v 0.1363 6.442 0.7729
v -0.1857 7 1.0533
v -0.1737 6.7595 0.9853
v -0.1363 6.442 0.7729
v -0.0665 6.191 0.3769
v -0.5348 7 0.9262
v -0.5003 6.7595 0.8665
v -0.3924 6.442 0.6797
v -1.0781 7.6 1.8673
v 1.0781 7.6 1.8673
v -1.6171 8 2.8009
v -0.5616 8 3.1851
v 0.5616 8 3.1851
v 1.6171 8 2.8009
v 2.4776 8 2.0789
v -1.6171 8.5 2.8009
v -0.5616 8.5 3.1851
v 0.5616 8.5 3.1851
v 1.6171 8.5 2.8009
v 2.4776 8.5 2.0789
v -1.2937 9.5 2.2408
v -0.4493 9.5 2.5481
v -1.035 9.7 1.7926
v 0.3594 9.7 2.0385
v 1.035 9.7 1.7926
v 1.5857 9.7 1.3305
v 0.3453 11.6945 0.598
v 0.1199 11.6945 0.68
v -0.3453 11.6945 0.598
v 0.2771 11.7951 0.2325
v -0.0628 11.7951 0.3563
v 0.4616 8.1 3.1851
v 2.401 8.1 2.1432
v 1.6937 8.1 2.7367
v -0.4616 8.4 3.1851
v 2.401 8.4 2.1432
v 1.6937 8.4 2.7367
v 1.0518 11.1264 1.0117
v 1.2992 10.643 1.2193
v 0.8137 11.1264 1.2115
v 0.9752 10.643 1.4912
v 0.1554 11.1264 1.4511
v 0.2115 10.643 1.7692
v -0.1554 11.1264 1.4511
v -0.2115 10.643 1.7692
v 0.2462 11.2374 1.4379
v 0.3216 10.587 1.8659
v -0.2462 11.2374 1.4379
v -0.3216 10.587 1.8659
v 0.1554 11.1539 1.4929
v 0.2115 10.6705 1.811
v -0.1554 11.1539 1.4929
v -0.2115 10.6705 1.811
v 1.1129 11.2374 0.9433
v 1.4458 10.587 1.2226
v 0.7357 11.2374 1.2597
v 0.953 10.587 1.6361
v 1.0787 11.1539 1.0437
v 1.3261 10.6705 1.2513
v 0.8406 11.1539 1.2435
v 1.0021 10.6705 1.5232
v -0.4616 8.1 3.1851
v 0.4616 8.4 3.1851
v 0.4616 8.1 2.9851
v -0.4616 8.1 2.9851
v 0.4616 8.4 2.9851
v -0.4616 8.4 2.9851
v 2.2724 8.1 1.99
v 1.5652 8.1 2.5835
v 2.2724 8.4 1.99
v 1.5652 8.4 2.5835
v -0.721 11.6445 -0.2624
v -0.5877 11.6445 -0.4932
v -0.3836 11.6445 -0.6645
v -0.1332 11.6445 -0.7556
v 0.1332 11.6445 -0.7556
v 0.3836 11.6445 -0.6645
v -1.0815 11.6445 -0.3936
v 0.5877 11.6445 -0.4932
v 0.721 11.6445 -0.2624
v 0.7672 11.6445 -0
v 0.721 11.6445 0.2624
v 0.3836 11.6445 0.6645
v -0.1332 11.6445 0.7556
v -0.3836 11.6445 0.6645
v -0.5877 11.6445 0.4932
v -0.721 11.6445 0.2624
v -0.7672 11.6445 0
v -0.3596 6.191 -0.1309
v -0.2932 6.191 -0.246
v -0.0665 6.191 -0.3769
v 0.0665 6.191 -0.3769
v 0.1913 6.191 -0.3314
v 0.2932 6.191 -0.246
v 0.3596 6.191 -0.1309
v 0.3827 6.191 0
v -0.3596 2.0049 -0.1309
v 0.3596 6.191 0.1309
v 0.1913 6.191 0.3314
v -1.0695 7.16 0
v -1.005 7.16 0.3658
v -0.8193 7.16 0.6875
v 0.0665 6.191 0.3769
v -0.5348 7.16 0.9262
v -0.1857 7.16 1.0533
v 0.1857 7.16 1.0533
v 0.5348 7.16 0.9262
v 0.8193 7.16 0.6875
v -0.1913 6.191 0.3314
v 1.0695 7.16 -0
v 1.005 7.16 -0.3658
v 0.8193 7.16 -0.6875
v -0.2932 6.191 0.246
v 0.5348 7.16 -0.9262
v -0.1857 7.16 -1.0533
v -0.3596 6.191 0.1309
v -0.8193 7.16 -0.6875
v -1.005 7.16 -0.3658
v -0.3827 6.191 0
v -0.0665 2.0049 -0.3769
v 0.0665 2.0049 -0.3769
v 0.1913 2.0049 -0.3314
v 0.3596 2.0049 -0.1309
v 0.3827 2.0049 0
v 0.2932 2.0049 0.246
v -0.0665 2.0049 0.3769
v -0.3827 2.0049 0
v -2.0535 7.16 0
v -1.9297 7.16 0.7023
v -1.5731 7.16 1.32
v -1.0267 7.16 1.7784
v -0.3566 7.16 2.0223
v 0.3566 7.16 2.0223
v 1.0267 7.16 1.7784
v 1.5731 7.16 1.32
v 1.9297 7.16 0.7023
v 2.0535 7.16 -0
v 1.9297 7.16 -0.7023
v 1.5731 7.16 -1.32
v 1.0267 7.16 -1.7784
v 0.3566 7.16 -2.0223
v -0.3566 7.16 -2.0223
v -1.0267 7.16 -1.7784
v -1.5731 7.16 -1.32
v -1.9297 7.16 -0.7023
v -2.1562 7.26 0
v -2.0261 7.26 0.7375
v -1.6517 7.26 1.386
v -1.0781 7.26 1.8673
v -0.3744 7.26 2.1234
v 0.3744 7.26 2.1234
v 1.0781 7.26 1.8673
v 1.6517 7.26 1.386
v 2.0261 7.26 0.7375
v 2.1562 7.26 -0
v 2.0261 7.26 -0.7375
v 1.6517 7.26 -1.386
v 1.0781 7.26 -1.8673
v 0.3744 7.26 -2.1234
v -0.3744 7.26 -2.1234
v -1.0781 7.26 -1.8673
v -1.6517 7.26 -1.386
v -2.0261 7.26 -0.7375
v -2.0261 7.6 0.7375
v -1.6517 7.6 1.386
v -0.3744 7.6 2.1234
v 0.3744 7.6 2.1234
v 1.6517 7.6 1.386
v 1.6517 7.6 -1.386
v 1.0781 7.6 -1.8673
v 0.3744 7.6 -2.1234
v -0.3744 7.6 -2.1234
v -1.6517 7.6 -1.386
v -2.0261 7.6 -0.7375
v -1.9821 9.5 1.6631
v 0.4493 9.5 2.5481
v 1.2937 9.5 2.2408
v 1.9821 9.5 1.6631
v 1.9821 9.5 -1.6631
v 1.2937 9.5 -2.2408
v 0.4493 9.5 -2.5481
v -0.4493 9.5 -2.5481
v -1.9821 9.5 -1.6631
v -2.4314 9.5 -0.8849
v -2.5874 9.7 0
v -2.4314 9.7 0.8849
v -1.9821 9.7 1.6631
v -1.2937 9.7 2.2408
v -0.4493 9.7 2.5481
v 0.4493 9.7 2.5481
v 1.2937 9.7 2.2408
v 1.9821 9.7 1.6631
v 2.4314 9.7 0.8849
v 2.5874 9.7 -0
v 2.4314 9.7 -0.8849
v 1.9821 9.7 -1.6631
v 1.2937 9.7 -2.2408
v 0.4493 9.7 -2.5481
v -0.4493 9.7 -2.5481
v -1.2937 9.7 -2.2408
v -1.9821 9.7 -1.6631
v -2.4314 9.7 -0.8849
v -1.9451 9.7 0.708
v -1.5856 9.7 1.3305
v -0.3594 9.7 2.0385
v 1.9451 9.7 -0.708
v 1.5856 9.7 -1.3305
v 1.035 9.7 -1.7926
v 0.3594 9.7 -2.0385
v -0.3594 9.7 -2.0385
v -1.5857 9.7 -1.3305
v -1.9451 9.7 -0.708
v -0.8816 11.6445 -0.7398
v -0.5754 11.6445 -0.9967
v -0.1998 11.6445 -1.1334
v 0.1998 11.6445 -1.1334
v 0.5754 11.6445 -0.9967
v 0.8816 11.6445 -0.7398
v 1.0815 11.6445 -0.3936
v 1.1509 11.6445 -0
v 1.0815 11.6445 0.3936
v 0.8816 11.6445 0.7398
v 0.5754 11.6445 0.9967
v 0.1998 11.6445 1.1334
v -0.1998 11.6445 1.1334
v -0.5754 11.6445 0.9967
v -0.8816 11.6445 0.7398
v -1.0815 11.6445 0.3936
v -1.1509 11.6445 0
v -1.0815 11.6945 -0.3936
v -0.8816 11.6945 -0.7398
v -0.5754 11.6945 -0.9967
v -0.1998 11.6945 -1.1334
v 0.1998 11.6945 -1.1334
v 0.5754 11.6945 -0.9967
v 0.8816 11.6945 -0.7398
v 1.0815 11.6945 -0.3936
v 1.1509 11.6945 -0
v 1.0815 11.6945 0.3936
v 0.8816 11.6945 0.7398
v 0.5754 11.6945 0.9967
v 0.1998 11.6945 1.1334
v -0.1998 11.6945 1.1334
v -0.5754 11.6945 0.9967
v -0.8816 11.6945 0.7398
v -1.0815 11.6945 0.3936
v -1.1509 11.6945 0
v -0.6489 11.6945 -0.2362
v -0.529 11.6945 -0.4439
v -0.3453 11.6945 -0.598
v -0.1199 11.6945 -0.68
v 0.1199 11.6945 -0.68
v 0.3453 11.6945 -0.598
v 0.529 11.6945 -0.4439
v 0.6489 11.6945 -0.2362
v 0.6905 11.6945 -0
v 0.6489 11.6945 0.2362
v 0.529 11.6945 0.4439
v -0.1199 11.6945 0.68
v -0.529 11.6945 0.4439
v -0.6905 11.6945 0
v -0.3399 11.7951 -0.1237
v -0.2771 11.7951 -0.2325
v -0.1809 11.7951 -0.3133
v -0.0628 11.7951 -0.3563
v 0.0628 11.7951 -0.3563
v 0.1809 11.7951 -0.3133
v 0.2771 11.7951 -0.2325
v 0.3399 11.7951 -0.1237
v 0.3618 11.7951 0
v 0.3399 11.7951 0.1237
v 0.1809 11.7951 0.3133
v 0.0628 11.7951 0.3563
v -0.1809 11.7951 0.3133
v -0.2771 11.7951 0.2325
v -0.3618 11.7951 0
v -0 11.7951 0
v 0.3506 2.3324 -0.125
v 0.3506 2.4128 -0.0958
v 0.3506 2.4555 -0.0217
v 0.3506 2.4407 0.0625
v 0.3506 2.3752 0.1175
v 0.3506 2.2897 0.1175
v 0.3506 2.2242 0.0625
v 0.3506 2.2093 -0.0217
v 0.3506 2.2521 -0.0958
v 0.4182 2.3324 -0.125
v 0.4182 2.4128 -0.0958
v 0.4182 2.4555 -0.0217
v 0.4182 2.4407 0.0625
v 0.4182 2.3752 0.1175
v 0.4182 2.2897 0.1175
v 0.4182 2.2242 0.0625
v 0.4182 2.2093 -0.0217
v 0.4182 2.2521 -0.0958
v 0.4182 2.3957 -0.0754
v 0.4182 2.3324 -0.0984
v 0.4182 2.4293 -0.0171
v 0.4182 2.4176 0.0492
v 0.4182 2.3661 0.0925
v 0.4182 2.2988 0.0925
v 0.4182 2.2472 0.0492
v 0.4182 2.2355 -0.0171
v 0.4182 2.2692 -0.0754
v 0.4045 2.3862 -0.0641
v 0.4045 2.3324 -0.0836
v 0.4045 2.4148 -0.0145
v 0.4045 2.4049 0.0418
v 0.4045 2.361 0.0786
v 0.4045 2.3038 0.0786
v 0.4045 2.26 0.0418
v 0.4045 2.2501 -0.0145
v 0.4045 2.2787 -0.0641
v 0 4.0542 -0.4127
v -0.1411 4.0542 -0.3878
v -0.2653 4.0542 -0.3161
v -0.3574 4.0542 -0.2063
v -0.4064 4.0542 -0.0717
v -0.4064 4.0542 0.0717
v -0.3574 4.0542 0.2063
v -0.2653 4.0542 0.3161
v -0.1411 4.0542 0.3878
v -0 4.0542 0.4127
v 0.1411 4.0542 0.3878
v 0.2653 4.0542 0.3161
v 0.3574 4.0542 0.2063
v 0.4064 4.0542 0.0717
v 0.4064 4.0542 -0.0717
v 0.3574 4.0542 -0.2063
v 0.2653 4.0542 -0.3161
v 0.1411 4.0542 -0.3878
v 0 4.1542 -0.4127
v -0.1411 4.1542 -0.3878
v -0.2653 4.1542 -0.3161
v -0.3574 4.1542 -0.2063
v -0.4064 4.1542 -0.0717
v -0.4064 4.1542 0.0717
v -0.3574 4.1542 0.2063
v -0.2653 4.1542 0.3161
v -0.1411 4.1542 0.3878
v -0 4.1542 0.4127
v 0.1411 4.1542 0.3878
v 0.2653 4.1542 0.3161
v 0.3574 4.1542 0.2063
v 0.4064 4.1542 0.0717
v 0.4064 4.1542 -0.0717
v 0.3574 4.1542 -0.2063
v 0.2653 4.1542 -0.3161
v 0.1411 4.1542 -0.3878
v 0 4.0451 -0.4876
v -0.1668 4.0451 -0.4582
v -0.3134 4.0451 -0.3735
v -0.4223 4.0451 -0.2438
v -0.4802 4.0451 -0.0847
v -0.4802 4.0451 0.0847
v -0.4223 4.0451 0.2438
v -0.3134 4.0451 0.3735
v -0.1668 4.0451 0.4582
v -0 4.0451 0.4876
v 0.1668 4.0451 0.4582
v 0.3134 4.0451 0.3735
v 0.4223 4.0451 0.2438
v 0.4802 4.0451 0.0847
v 0.4802 4.0451 -0.0847
v 0.4223 4.0451 -0.2438
v 0.3134 4.0451 -0.3735
v 0.1668 4.0451 -0.4582
v 0 4.1632 -0.4876
v -0.1668 4.1632 -0.4582
v -0.3134 4.1632 -0.3735
v -0.4223 4.1632 -0.2438
v -0.4802 4.1632 -0.0847
v -0.4802 4.1632 0.0847
v -0.4223 4.1632 0.2438
v -0.3134 4.1632 0.3735
v -0.1668 4.1632 0.4582
v -0 4.1632 0.4876
v 0.1668 4.1632 0.4582
v 0.3134 4.1632 0.3735
v 0.4223 4.1632 0.2438
v 0.4802 4.1632 0.0847
v 0.4802 4.1632 -0.0847
v 0.4223 4.1632 -0.2438
v 0.3134 4.1632 -0.3735
v 0.1668 4.1632 -0.4582
v 0 6.5584 -0.9564
v -0.3271 6.5584 -0.8987
v -0.6147 6.5584 -0.7326
v -0.8282 6.5584 -0.4782
v -0.9418 6.5584 -0.1661
v -0.9418 6.5584 0.1661
v -0.8282 6.5584 0.4782
v -0.6147 6.5584 0.7326
v -0.3271 6.5584 0.8987
v -0 6.5584 0.9564
v 0.3271 6.5584 0.8987
v 0.6147 6.5584 0.7326
v 0.8282 6.5584 0.4782
v 0.9418 6.5584 0.1661
v 0.9418 6.5584 -0.1661
v 0.8282 6.5584 -0.4782
v 0.6147 6.5584 -0.7326
v 0.3271 6.5584 -0.8987
v 0 6.6569 -0.9564
v -0.3271 6.6569 -0.8987
v -0.6147 6.6569 -0.7326
v -0.8282 6.6569 -0.4782
v -0.9418 6.6569 -0.1661
v -0.9418 6.6569 0.1661
v -0.8282 6.6569 0.4782
v -0.6147 6.6569 0.7326
v -0.3271 6.6569 0.8987
v -0 6.6569 0.9564
v 0.3271 6.6569 0.8987
v 0.6147 6.6569 0.7326
v 0.8282 6.6569 0.4782
v 0.9418 6.6569 0.1661
v 0.9418 6.6569 -0.1661
v 0.8282 6.6569 -0.4782
v 0.6147 6.6569 -0.7326
v 0.3271 6.6569 -0.8987
v 0 6.5535 -1.052
v -0.3598 6.5535 -0.9886
v -0.6762 6.5535 -0.8059
v -0.9111 6.5535 -0.526
v -1.036 6.5535 -0.1827
v -1.036 6.5535 0.1827
v -0.9111 6.5535 0.526
v -0.6762 6.5535 0.8059
v -0.3598 6.5535 0.9886
v -0 6.5535 1.052
v 0.3598 6.5535 0.9886
v 0.6762 6.5535 0.8059
v 0.9111 6.5535 0.526
v 1.036 6.5535 0.1827
v 1.036 6.5535 -0.1827
v 0.9111 6.5535 -0.526
v 0.6762 6.5535 -0.8059
v 0.3598 6.5535 -0.9886
v 0 6.6618 -1.052
v -0.3598 6.6618 -0.9886
v -0.6762 6.6618 -0.8059
v -0.9111 6.6618 -0.526
v -1.036 6.6618 -0.1827
v -1.036 6.6618 0.1827
v -0.9111 6.6618 0.526
v -0.6762 6.6618 0.8059
v -0.3598 6.6618 0.9886
v -0 6.6618 1.052
v 0.3598 6.6618 0.9886
v 0.6762 6.6618 0.8059
v 0.9111 6.6618 0.526
v 1.036 6.6618 0.1827
v 1.036 6.6618 -0.1827
v 0.9111 6.6618 -0.526
v 0.6762 6.6618 -0.8059
v 0.3598 6.6618 -0.9886
v -0.0249 12.9659 -0.0209
v -0.0352 12.9334 -0.0296
v -0.0249 12.9008 -0.0209
v 0 12.8874 0
v -0.0056 12.9659 -0.032
v -0.008 12.9334 -0.0453
v -0.0056 12.9008 -0.032
v 0.0163 12.9659 -0.0282
v 0.023 12.9334 -0.0398
v 0.0163 12.9008 -0.0282
v 0.0306 12.9659 -0.0111
v 0.0432 12.9334 -0.0157
v 0.0306 12.9008 -0.0111
v 0.0306 12.9659 0.0111
v 0.0432 12.9334 0.0157
v 0.0306 12.9008 0.0111
v 0.0163 12.9659 0.0282
v 0.023 12.9334 0.0398
v 0.0163 12.9008 0.0282
v -0.0056 12.9659 0.032
v -0.008 12.9334 0.0453
v -0.0056 12.9008 0.032
v 0 12.9793 0
v -0.0249 12.9659 0.0209
v -0.0352 12.9334 0.0296
v -0.0249 12.9008 0.0209
v -0.0325 12.9659 0
v -0.046 12.9334 0
v -0.0325 12.9008 0
v 0 11.8936 -0.0346
v -0.0118 11.8936 -0.0325
v -0.0222 11.8936 -0.0265
v -0.03 11.8936 -0.0173
v -0.0341 11.8936 -0.006
v -0.0341 11.8936 0.006
v -0.03 11.8936 0.0173
v -0.0222 11.8936 0.0265
v -0.0118 11.8936 0.0325
v 0 11.8936 0.0346
v 0.0118 11.8936 0.0325
v 0.0222 11.8936 0.0265
v 0.03 11.8936 0.0173
v 0.0341 11.8936 0.006
v 0.0341 11.8936 -0.006
v 0.03 11.8936 -0.0173
v 0.0222 11.8936 -0.0265
v 0.0118 11.8936 -0.0325
v 0 12.2055 -0.0346
v -0.0118 12.2055 -0.0325
v -0.0222 12.2055 -0.0265
v -0.03 12.2055 -0.0173
v -0.0341 12.2055 -0.006
v -0.0341 12.2055 0.006
v -0.03 12.2055 0.0173
v -0.0222 12.2055 0.0265
v -0.0118 12.2055 0.0325
v 0 12.2055 0.0346
v 0.0118 12.2055 0.0325
v 0.0222 12.2055 0.0265
v 0.03 12.2055 0.0173
v 0.0341 12.2055 0.006
v 0.0341 12.2055 -0.006
v 0.03 12.2055 -0.0173
v 0.0222 12.2055 -0.0265
v 0.0118 12.2055 -0.0325
v 0 12.2267 -0.0214
v -0.0073 12.2267 -0.0201
v -0.0138 12.2267 -0.0164
v -0.0186 12.2267 -0.0107
v -0.0211 12.2267 -0.0037
v -0.0211 12.2267 0.0037
v -0.0186 12.2267 0.0107
v -0.0138 12.2267 0.0164
v -0.0073 12.2267 0.0201
v 0 12.2267 0.0214
v 0.0073 12.2267 0.0201
v 0.0138 12.2267 0.0164
v 0.0186 12.2267 0.0107
v 0.0211 12.2267 0.0037
v 0.0211 12.2267 -0.0037
v 0.0186 12.2267 -0.0107
v 0.0138 12.2267 -0.0164
v 0.0073 12.2267 -0.0201
v 0 12.5013 -0.0214
v -0.0073 12.5013 -0.0201
v -0.0138 12.5013 -0.0164
v -0.0186 12.5013 -0.0107
v -0.0211 12.5013 -0.0037
v -0.0211 12.5013 0.0037
v -0.0186 12.5013 0.0107
v -0.0138 12.5013 0.0164
v -0.0073 12.5013 0.0201
v 0 12.5013 0.0214
v 0.0073 12.5013 0.0201
v 0.0138 12.5013 0.0164
v 0.0186 12.5013 0.0107
v 0.0211 12.5013 0.0037
v 0.0211 12.5013 -0.0037
v 0.0186 12.5013 -0.0107
v 0.0138 12.5013 -0.0164
v 0.0073 12.5013 -0.0201
v 0 12.5152 -0.0112
v -0.0038 12.5152 -0.0106
v -0.0072 12.5152 -0.0086
v -0.0097 12.5152 -0.0056
v -0.0111 12.5152 -0.002
v -0.0111 12.5152 0.002
v -0.0097 12.5152 0.0056
v -0.0072 12.5152 0.0086
v -0.0038 12.5152 0.0106
v 0 12.5152 0.0112
v 0.0038 12.5152 0.0106
v 0.0072 12.5152 0.0086
v 0.0097 12.5152 0.0056
v 0.0111 12.5152 0.002
v 0.0111 12.5152 -0.002
v 0.0097 12.5152 -0.0056
v 0.0072 12.5152 -0.0086
v 0.0038 12.5152 -0.0106
v 0 12.9015 -0.0112
v -0.0038 12.9015 -0.0106
v -0.0072 12.9015 -0.0086
v -0.0097 12.9015 -0.0056
v -0.0111 12.9015 -0.002
v -0.0111 12.9015 0.002
v -0.0097 12.9015 0.0056
v -0.0072 12.9015 0.0086
v -0.0038 12.9015 0.0106
v 0 12.9015 0.0112
v 0.0038 12.9015 0.0106
v 0.0072 12.9015 0.0086
v 0.0097 12.9015 0.0056
v 0.0111 12.9015 0.002
v 0.0111 12.9015 -0.002
v 0.0097 12.9015 -0.0056
v 0.0072 12.9015 -0.0086
v 0.0038 12.9015 -0.0106
v -0.125 11.796 0.125
v -0.125 11.796 -0.125
v 0.125 11.796 -0.125
v 0.125 11.796 0.125
v -0.125 11.8996 0.125
v -0.125 11.8996 -0.125
v 0.125 11.8996 -0.125
v 0.125 11.8996 0.125
v -1.2647 9.6574 2.1813
v -1.2893 9.6574 2.1857
v -1.2979 9.6574 2.2092
v -1.2818 9.6574 2.2283
v -1.2572 9.6574 2.224
v -1.2487 9.6574 2.2005
v -1.2647 10.1574 2.1813
v -1.2893 10.1574 2.1857
v -1.2979 10.1574 2.2092
v -1.2818 10.1574 2.2283
v -1.2572 10.1574 2.224
v -1.2487 10.1574 2.2005
v -1.2733 10.175 2.2048
v -1.2818 10.0574 2.2283
v -1.2818 10.0074 2.2283
v -1.2818 9.8074 2.2283
v -1.2818 9.7574 2.2283
v -1.2572 9.7574 2.224
v -1.2572 9.8074 2.224
v -1.2572 10.0074 2.224
v -1.2572 10.0574 2.224
v -1.2647 10.0574 2.1813
v -1.2647 10.0074 2.1813
v -1.2647 9.8074 2.1813
v -1.2647 9.7574 2.1813
v -1.2487 9.7574 2.2005
v -1.2487 9.8074 2.2005
v -1.2487 10.0074 2.2005
v -1.2487 10.0574 2.2005
v -1.2893 9.7574 2.1857
v -1.2893 9.8074 2.1857
v -1.2893 10.0074 2.1857
v -1.2893 10.0574 2.1857
v -1.2979 10.0574 2.2092
v -1.2979 10.0074 2.2092
v -1.2979 9.8074 2.2092
v -1.2979 9.7574 2.2092
v -0.4447 9.7574 2.5197
v -0.4447 9.8074 2.5197
v -0.4447 10.0074 2.5197
v -0.4447 10.0574 2.5197
v -0.4361 9.7574 2.4962
v -0.4361 9.8074 2.4962
v -0.4361 10.0074 2.4962
v -0.4361 10.0574 2.4962
v -1.9338 9.6574 1.6165
v -1.9584 9.6574 1.6122
v -1.9745 9.6574 1.6313
v -1.9659 9.6574 1.6548
v -1.9413 9.6574 1.6591
v -1.9253 9.6574 1.64
v -1.9338 10.1574 1.6165
v -1.9584 10.1574 1.6122
v -1.9745 10.1574 1.6313
v -1.9659 10.1574 1.6548
v -1.9413 10.1574 1.6591
v -1.9253 10.1574 1.64
v -1.9499 10.175 1.6357
v -1.9659 10.0574 1.6548
v -1.9659 10.0074 1.6548
v -1.9659 9.8074 1.6548
v -1.9659 9.7574 1.6548
v -1.9413 9.7574 1.6591
v -1.9413 9.8074 1.6591
v -1.9413 10.0074 1.6591
v -1.9413 10.0574 1.6591
v -1.9338 10.0574 1.6165
v -1.9338 10.0074 1.6165
v -1.9338 9.8074 1.6165
v -1.9338 9.7574 1.6165
v -1.9253 9.7574 1.64
v -1.9253 9.8074 1.64
v -1.9253 10.0074 1.64
v -1.9253 10.0574 1.64
v -1.9584 9.7574 1.6122
v -1.9584 9.8074 1.6122
v -1.9584 10.0074 1.6122
v -1.9584 10.0574 1.6122
v -1.9745 10.0574 1.6313
v -1.9745 10.0074 1.6313
v -1.9745 9.8074 1.6313
v -1.9745 9.7574 1.6313
v -1.2789 9.7574 2.215
v -1.2789 9.8074 2.215
v -1.2789 10.0074 2.215
v -1.2789 10.0574 2.215
v -1.2629 9.7574 2.1958
v -1.2629 9.8074 2.1958
v -1.2629 10.0074 2.1958
v -1.2629 10.0574 2.1958
v -2.3695 9.6574 0.8578
v -2.3911 9.6574 0.8453
v -2.4128 9.6574 0.8578
v -2.4128 9.6574 0.8828
v -2.3911 9.6574 0.8953
v -2.3695 9.6574 0.8828
v -2.3695 10.1574 0.8578
v -2.3911 10.1574 0.8453
v -2.4128 10.1574 0.8578
v -2.4128 10.1574 0.8828
v -2.3911 10.1574 0.8953
v -2.3695 10.1574 0.8828
v -2.3911 10.175 0.8703
v -2.4128 10.0574 0.8828
v -2.4128 10.0074 0.8828
v -2.4128 9.8074 0.8828
v -2.4128 9.7574 0.8828
v -2.3911 9.7574 0.8953
v -2.3911 9.8074 0.8953
v -2.3911 10.0074 0.8953
v -2.3911 10.0574 0.8953
v -2.3695 10.0574 0.8578
v -2.3695 10.0074 0.8578
v -2.3695 9.8074 0.8578
v -2.3695 9.7574 0.8578
v -2.3695 9.7574 0.8828
v -2.3695 9.8074 0.8828
v -2.3695 10.0074 0.8828
v -2.3695 10.0574 0.8828
v -2.3911 9.7574 0.8453
v -2.3911 9.8074 0.8453
v -2.3911 10.0074 0.8453
v -2.3911 10.0574 0.8453
v -2.4128 10.0574 0.8578
v -2.4128 10.0074 0.8578
v -2.4128 9.8074 0.8578
v -2.4128 9.7574 0.8578
v -1.9588 9.7574 1.6441
v -1.9588 9.8074 1.6441
v -1.9588 10.0074 1.6441
v -1.9588 10.0574 1.6441
v -1.9371 9.7574 1.6316
v -1.9371 9.8074 1.6316
v -1.9371 10.0074 1.6316
v -1.9371 10.0574 1.6316
v -2.5202 9.6574 -0.0044
v -2.5363 9.6574 -0.0236
v -2.5609 9.6574 -0.0192
v -2.5695 9.6574 0.0043
v -2.5534 9.6574 0.0234
v -2.5288 9.6574 0.0191
v -2.5202 10.1574 -0.0044
v -2.5363 10.1574 -0.0236
v -2.5609 10.1574 -0.0192
v -2.5695 10.1574 0.0043
v -2.5534 10.1574 0.0234
v -2.5288 10.1574 0.0191
v -2.5449 10.175 -0.0001
v -2.5695 10.0574 0.0043
v -2.5695 10.0074 0.0043
v -2.5695 9.8074 0.0043
v -2.5695 9.7574 0.0043
v -2.5534 9.7574 0.0234
v -2.5534 9.8074 0.0234
v -2.5534 10.0074 0.0234
v -2.5534 10.0574 0.0234
v -2.5202 10.0574 -0.0044
v -2.5202 10.0074 -0.0044
v -2.5202 9.8074 -0.0044
v -2.5202 9.7574 -0.0044
v -2.5288 9.7574 0.0191
v -2.5288 9.8074 0.0191
v -2.5288 10.0074 0.0191
v -2.5288 10.0574 0.0191
v -2.5363 9.7574 -0.0236
v -2.5363 9.8074 -0.0236
v -2.5363 10.0074 -0.0236
v -2.5363 10.0574 -0.0236
v -2.5609 10.0574 -0.0192
v -2.5609 10.0074 -0.0192
v -2.5609 9.8074 -0.0192
v -2.5609 9.7574 -0.0192
v -2.4033 9.7574 0.875
v -2.4033 9.8074 0.875
v -2.4033 10.0074 0.875
v -2.4033 10.0574 0.875
v -2.3786 9.7574 0.8706
v -2.3786 9.8074 0.8706
v -2.3786 10.0074 0.8706
v -2.3786 10.0574 0.8706
v -2.3678 9.6574 -0.866
v -2.3764 9.6574 -0.8895
v -2.401 9.6574 -0.8938
v -2.4171 9.6574 -0.8747
v -2.4085 9.6574 -0.8512
v -2.3839 9.6574 -0.8468
v -2.3678 10.1574 -0.866
v -2.3764 10.1574 -0.8895
v -2.401 10.1574 -0.8938
v -2.4171 10.1574 -0.8747
v -2.4085 10.1574 -0.8512
v -2.3839 10.1574 -0.8468
v -2.3924 10.175 -0.8703
v -2.4171 10.0574 -0.8747
v -2.4171 10.0074 -0.8747
v -2.4171 9.8074 -0.8747
v -2.4171 9.7574 -0.8747
v -2.4085 9.7574 -0.8512
v -2.4085 9.8074 -0.8512
v -2.4085 10.0074 -0.8512
v -2.4085 10.0574 -0.8512
v -2.3678 10.0574 -0.866
v -2.3678 10.0074 -0.866
v -2.3678 9.8074 -0.866
v -2.3678 9.7574 -0.866
v -2.3839 9.7574 -0.8468
v -2.3839 9.8074 -0.8468
v -2.3839 10.0074 -0.8468
v -2.3839 10.0574 -0.8468
v -2.3764 9.7574 -0.8895
v -2.3764 9.8074 -0.8895
v -2.3764 10.0074 -0.8895
v -2.3764 10.0574 -0.8895
v -2.401 10.0574 -0.8938
v -2.401 10.0074 -0.8938
v -2.401 9.8074 -0.8938
v -2.401 9.7574 -0.8938
v -2.5587 9.7574 0.0004
v -2.5587 9.8074 0.0004
v -2.5587 10.0074 0.0004
v -2.5587 10.0574 0.0004
v -2.5341 9.7574 0.0047
v -2.5341 9.8074 0.0047
v -2.5341 10.0074 0.0047
v -2.5341 10.0574 0.0047
v -1.929 9.6574 -1.6228
v -1.929 9.6574 -1.6478
v -1.9507 9.6574 -1.6603
v -1.9724 9.6574 -1.6478
v -1.9724 9.6574 -1.6228
v -1.9507 9.6574 -1.6103
v -1.929 10.1574 -1.6228
v -1.929 10.1574 -1.6478
v -1.9507 10.1574 -1.6603
v -1.9724 10.1574 -1.6478
v -1.9724 10.1574 -1.6228
v -1.9507 10.1574 -1.6103
v -1.9507 10.175 -1.6353
v -1.9724 10.0574 -1.6478
v -1.9724 10.0074 -1.6478
v -1.9724 9.8074 -1.6478
v -1.9724 9.7574 -1.6478
v -1.9724 9.7574 -1.6228
v -1.9724 9.8074 -1.6228
v -1.9724 10.0074 -1.6228
v -1.9724 10.0574 -1.6228
v -1.929 10.0574 -1.6228
v -1.929 10.0074 -1.6228
v -1.929 9.8074 -1.6228
v -1.929 9.7574 -1.6228
v -1.9507 9.7574 -1.6103
v -1.9507 9.8074 -1.6103
v -1.9507 10.0074 -1.6103
v -1.9507 10.0574 -1.6103
v -1.929 9.7574 -1.6478
v -1.929 9.8074 -1.6478
v -1.929 10.0074 -1.6478
v -1.929 10.0574 -1.6478
v -1.9507 10.0574 -1.6603
v -1.9507 10.0074 -1.6603
v -1.9507 9.8074 -1.6603
v -1.9507 9.7574 -1.6603
v -2.4047 9.7574 -0.874
v -2.4047 9.8074 -0.874
v -2.4047 10.0074 -0.874
v -2.4047 10.0574 -0.874
v -2.383 9.7574 -0.8615
v -2.383 9.8074 -0.8615
v -2.383 10.0074 -0.8615
v -2.383 10.0574 -0.8615
v -1.2571 9.6574 -2.185
v -1.2485 9.6574 -2.2085
v -1.2646 9.6574 -2.2277
v -1.2892 9.6574 -2.2233
v -1.2978 9.6574 -2.1998
v -1.2817 9.6574 -2.1807
v -1.2571 10.1574 -2.185
v -1.2485 10.1574 -2.2085
v -1.2646 10.1574 -2.2277
v -1.2892 10.1574 -2.2233
v -1.2978 10.1574 -2.1998
v -1.2817 10.1574 -2.1807
v -1.2731 10.175 -2.2042
v -1.2892 10.0574 -2.2233
v -1.2892 10.0074 -2.2233
v -1.2892 9.8074 -2.2233
v -1.2892 9.7574 -2.2233
v -1.2978 9.7574 -2.1998
v -1.2978 9.8074 -2.1998
v -1.2978 10.0074 -2.1998
v -1.2978 10.0574 -2.1998
v -1.2571 10.0574 -2.185
v -1.2571 10.0074 -2.185
v -1.2571 9.8074 -2.185
v -1.2571 9.7574 -2.185
v -1.2817 9.7574 -2.1807
v -1.2817 9.8074 -2.1807
v -1.2817 10.0074 -2.1807
v -1.2817 10.0574 -2.1807
v -1.2485 9.7574 -2.2085
v -1.2485 9.8074 -2.2085
v -1.2485 10.0074 -2.2085
v -1.2485 10.0574 -2.2085
v -1.2646 10.0574 -2.2277
v -1.2646 10.0074 -2.2277
v -1.2646 9.8074 -2.2277
v -1.2646 9.7574 -2.2277
v -1.9602 9.7574 -1.644
v -1.9602 9.8074 -1.644
v -1.9602 10.0074 -1.644
v -1.9602 10.0574 -1.644
v -1.9441 9.7574 -1.6249
v -1.9441 9.8074 -1.6249
v -1.9441 10.0074 -1.6249
v -1.9441 10.0574 -1.6249
v -0.4336 9.6574 -2.4842
v -0.4175 9.6574 -2.5034
v -0.4261 9.6574 -2.5269
v -0.4507 9.6574 -2.5312
v -0.4668 9.6574 -2.5121
v -0.4582 9.6574 -2.4886
v -0.4336 10.1574 -2.4842
v -0.4175 10.1574 -2.5034
v -0.4261 10.1574 -2.5269
v -0.4507 10.1574 -2.5312
v -0.4668 10.1574 -2.5121
v -0.4582 10.1574 -2.4886
v -0.4422 10.175 -2.5077
v -0.4507 10.0574 -2.5312
v -0.4507 10.0074 -2.5312
v -0.4507 9.8074 -2.5312
v -0.4507 9.7574 -2.5312
v -0.4668 9.7574 -2.5121
v -0.4668 9.8074 -2.5121
v -0.4668 10.0074 -2.5121
v -0.4668 10.0574 -2.5121
v -0.4336 10.0574 -2.4842
v -0.4336 10.0074 -2.4842
v -0.4336 9.8074 -2.4842
v -0.4336 9.7574 -2.4842
v -0.4582 9.7574 -2.4886
v -0.4582 9.8074 -2.4886
v -0.4582 10.0074 -2.4886
v -0.4582 10.0574 -2.4886
v -0.4175 9.7574 -2.5034
v -0.4175 9.8074 -2.5034
v -0.4175 10.0074 -2.5034
v -0.4175 10.0574 -2.5034
v -0.4261 10.0574 -2.5269
v -0.4261 10.0074 -2.5269
v -0.4261 9.8074 -2.5269
v -0.4261 9.7574 -2.5269
v -1.2793 9.7574 -2.2163
v -1.2793 9.8074 -2.2163
v -1.2793 10.0074 -2.2163
v -1.2793 10.0574 -2.2163
v -1.2708 9.7574 -2.1928
v -1.2708 9.8074 -2.1928
v -1.2708 10.0074 -2.1928
v -1.2708 10.0574 -2.1928
v 0.4424 9.6574 -2.4827
v 0.464 9.6574 -2.4952
v 0.464 9.6574 -2.5202
v 0.4424 9.6574 -2.5327
v 0.4207 9.6574 -2.5202
v 0.4207 9.6574 -2.4952
v 0.4424 10.1574 -2.4827
v 0.464 10.1574 -2.4952
v 0.464 10.1574 -2.5202
v 0.4424 10.1574 -2.5327
v 0.4207 10.1574 -2.5202
v 0.4207 10.1574 -2.4952
v 0.4424 10.175 -2.5077
v 0.4424 10.0574 -2.5327
v 0.4424 10.0074 -2.5327
v 0.4424 9.8074 -2.5327
v 0.4424 9.7574 -2.5327
v 0.4207 9.7574 -2.5202
v 0.4207 9.8074 -2.5202
v 0.4207 10.0074 -2.5202
v 0.4207 10.0574 -2.5202
v 0.4424 10.0574 -2.4827
v 0.4424 10.0074 -2.4827
v 0.4424 9.8074 -2.4827
v 0.4424 9.7574 -2.4827
v 0.4207 9.7574 -2.4952
v 0.4207 9.8074 -2.4952
v 0.4207 10.0074 -2.4952
v 0.4207 10.0574 -2.4952
v 0.464 9.7574 -2.4952
v 0.464 9.8074 -2.4952
v 0.464 10.0074 -2.4952
v 0.464 10.0574 -2.4952
v 0.464 10.0574 -2.5202
v 0.464 10.0074 -2.5202
v 0.464 9.8074 -2.5202
v 0.464 9.7574 -2.5202
v -0.444 9.7574 -2.5202
v -0.444 9.8074 -2.5202
v -0.444 10.0074 -2.5202
v -0.444 10.0574 -2.5202
v -0.444 9.7574 -2.4952
v -0.444 9.8074 -2.4952
v -0.444 10.0074 -2.4952
v -0.444 10.0574 -2.4952
v 1.2654 9.6574 -2.1817
v 1.29 9.6574 -2.186
v 1.2985 9.6574 -2.2095
v 1.2825 9.6574 -2.2287
v 1.2578 9.6574 -2.2243
v 1.2493 9.6574 -2.2008
v 1.2654 10.1574 -2.1817
v 1.29 10.1574 -2.186
v 1.2985 10.1574 -2.2095
v 1.2825 10.1574 -2.2287
v 1.2578 10.1574 -2.2243
v 1.2493 10.1574 -2.2008
v 1.2739 10.175 -2.2052
v 1.2825 10.0574 -2.2287
v 1.2825 10.0074 -2.2287
v 1.2825 9.8074 -2.2287
v 1.2825 9.7574 -2.2287
v 1.2578 9.7574 -2.2243
v 1.2578 9.8074 -2.2243
v 1.2578 10.0074 -2.2243
v 1.2578 10.0574 -2.2243
v 1.2654 10.0574 -2.1817
v 1.2654 10.0074 -2.1817
v 1.2654 9.8074 -2.1817
v 1.2654 9.7574 -2.1817
v 1.2493 9.7574 -2.2008
v 1.2493 9.8074 -2.2008
v 1.2493 10.0074 -2.2008
v 1.2493 10.0574 -2.2008
v 1.29 9.7574 -2.186
v 1.29 9.8074 -2.186
v 1.29 10.0074 -2.186
v 1.29 10.0574 -2.186
v 1.2985 10.0574 -2.2095
v 1.2985 10.0074 -2.2095
v 1.2985 9.8074 -2.2095
v 1.2985 9.7574 -2.2095
v 0.4453 9.7574 -2.5201
v 0.4453 9.8074 -2.5201
v 0.4453 10.0074 -2.5201
v 0.4453 10.0574 -2.5201
v 0.4367 9.7574 -2.4966
v 0.4367 9.8074 -2.4966
v 0.4367 10.0074 -2.4966
v 0.4367 10.0574 -2.4966
v 1.9352 9.6574 -1.6175
v 1.9598 9.6574 -1.6132
v 1.9759 9.6574 -1.6324
v 1.9673 9.6574 -1.6558
v 1.9427 9.6574 -1.6602
v 1.9267 9.6574 -1.641
v 1.9352 10.1574 -1.6175
v 1.9598 10.1574 -1.6132
v 1.9759 10.1574 -1.6324
v 1.9673 10.1574 -1.6558
v 1.9427 10.1574 -1.6602
v 1.9267 10.1574 -1.641
v 1.9513 10.175 -1.6367
v 1.9673 10.0574 -1.6558
v 1.9673 10.0074 -1.6558
v 1.9673 9.8074 -1.6558
v 1.9673 9.7574 -1.6558
v 1.9427 9.7574 -1.6602
v 1.9427 9.8074 -1.6602
v 1.9427 10.0074 -1.6602
v 1.9427 10.0574 -1.6602
v 1.9352 10.0574 -1.6175
v 1.9352 10.0074 -1.6175
v 1.9352 9.8074 -1.6175
v 1.9352 9.7574 -1.6175
v 1.9267 9.7574 -1.641
v 1.9267 9.8074 -1.641
v 1.9267 10.0074 -1.641
v 1.9267 10.0574 -1.641
v 1.9598 9.7574 -1.6132
v 1.9598 9.8074 -1.6132
v 1.9598 10.0074 -1.6132
v 1.9598 10.0574 -1.6132
v 1.9759 10.0574 -1.6324
v 1.9759 10.0074 -1.6324
v 1.9759 9.8074 -1.6324
v 1.9759 9.7574 -1.6324
v 1.2803 9.7574 -2.216
v 1.2803 9.8074 -2.216
v 1.2803 10.0074 -2.216
v 1.2803 10.0574 -2.216
v 1.2643 9.7574 -2.1969
v 1.2643 9.8074 -2.1969
v 1.2643 10.0074 -2.1969
v 1.2643 10.0574 -2.1969
v 2.3718 9.6574 -0.8577
v 2.3935 9.6574 -0.8452
v 2.4151 9.6574 -0.8577
v 2.4151 9.6574 -0.8827
v 2.3935 9.6574 -0.8952
v 2.3718 9.6574 -0.8827
v 2.3718 10.1574 -0.8577
v 2.3935 10.1574 -0.8452
v 2.4151 10.1574 -0.8577
v 2.4151 10.1574 -0.8827
v 2.3935 10.1574 -0.8952
v 2.3718 10.1574 -0.8827
v 2.3935 10.175 -0.8702
v 2.4151 10.0574 -0.8827
v 2.4151 10.0074 -0.8827
v 2.4151 9.8074 -0.8827
v 2.4151 9.7574 -0.8827
v 2.3935 9.7574 -0.8952
v 2.3935 9.8074 -0.8952
v 2.3935 10.0074 -0.8952
v 2.3935 10.0574 -0.8952
v 2.3718 10.0574 -0.8577
v 2.3718 10.0074 -0.8577
v 2.3718 9.8074 -0.8577
v 2.3718 9.7574 -0.8577
v 2.3718 9.7574 -0.8827
v 2.3718 9.8074 -0.8827
v 2.3718 10.0074 -0.8827
v 2.3718 10.0574 -0.8827
v 2.3935 9.7574 -0.8452
v 2.3935 9.8074 -0.8452
v 2.3935 10.0074 -0.8452
v 2.3935 10.0574 -0.8452
v 2.4151 10.0574 -0.8577
v 2.4151 10.0074 -0.8577
v 2.4151 9.8074 -0.8577
v 2.4151 9.7574 -0.8577
v 1.9611 9.7574 -1.6441
v 1.9611 9.8074 -1.6441
v 1.9611 10.0074 -1.6441
v 1.9611 10.0574 -1.6441
v 1.9395 9.7574 -1.6316
v 1.9395 9.8074 -1.6316
v 1.9395 10.0074 -1.6316
v 1.9395 10.0574 -1.6316
v 2.5168 9.6574 0.0037
v 2.5329 9.6574 0.0229
v 2.5575 9.6574 0.0185
v 2.5661 9.6574 -0.0049
v 2.55 9.6574 -0.0241
v 2.5254 9.6574 -0.0198
v 2.5168 10.1574 0.0037
v 2.5329 10.1574 0.0229
v 2.5575 10.1574 0.0185
v 2.5661 10.1574 -0.0049
v 2.55 10.1574 -0.0241
v 2.5254 10.1574 -0.0198
v 2.5415 10.175 -0.0006
v 2.5661 10.0574 -0.0049
v 2.5661 10.0074 -0.0049
v 2.5661 9.8074 -0.0049
v 2.5661 9.7574 -0.0049
v 2.55 9.7574 -0.0241
v 2.55 9.8074 -0.0241
v 2.55 10.0074 -0.0241
v 2.55 10.0574 -0.0241
v 2.5168 10.0574 0.0037
v 2.5168 10.0074 0.0037
v 2.5168 9.8074 0.0037
v 2.5168 9.7574 0.0037
v 2.5254 9.7574 -0.0198
v 2.5254 9.8074 -0.0198
v 2.5254 10.0074 -0.0198
v 2.5254 10.0574 -0.0198
v 2.5329 9.7574 0.0229
v 2.5329 9.8074 0.0229
v 2.5329 10.0074 0.0229
v 2.5329 10.0574 0.0229
v 2.5575 10.0574 0.0185
v 2.5575 10.0074 0.0185
v 2.5575 9.8074 0.0185
v 2.5575 9.7574 0.0185
v 2.3999 9.7574 -0.8757
v 2.3999 9.8074 -0.8757
v 2.3999 10.0074 -0.8757
v 2.3999 10.0574 -0.8757
v 2.3752 9.7574 -0.8713
v 2.3752 9.8074 -0.8713
v 2.3752 10.0074 -0.8713
v 2.3752 10.0574 -0.8713
v 2.3628 9.6574 0.8646
v 2.3714 9.6574 0.8881
v 2.396 9.6574 0.8924
v 2.4121 9.6574 0.8733
v 2.4035 9.6574 0.8498
v 2.3789 9.6574 0.8455
v 2.3628 10.1574 0.8646
v 2.3714 10.1574 0.8881
v 2.396 10.1574 0.8924
v 2.4121 10.1574 0.8733
v 2.4035 10.1574 0.8498
v 2.3789 10.1574 0.8455
v 2.3874 10.175 0.869
v 2.4121 10.0574 0.8733
v 2.4121 10.0074 0.8733
v 2.4121 9.8074 0.8733
v 2.4121 9.7574 0.8733
v 2.4035 9.7574 0.8498
v 2.4035 9.8074 0.8498
v 2.4035 10.0074 0.8498
v 2.4035 10.0574 0.8498
v 2.3628 10.0574 0.8646
v 2.3628 10.0074 0.8646
v 2.3628 9.8074 0.8646
v 2.3628 9.7574 0.8646
v 2.3789 9.7574 0.8455
v 2.3789 9.8074 0.8455
v 2.3789 10.0074 0.8455
v 2.3789 10.0574 0.8455
v 2.3714 9.7574 0.8881
v 2.3714 9.8074 0.8881
v 2.3714 10.0074 0.8881
v 2.3714 10.0574 0.8881
v 2.396 10.0574 0.8924
v 2.396 10.0074 0.8924
v 2.396 9.8074 0.8924
v 2.396 9.7574 0.8924
v 2.5537 9.7574 -0.0018
v 2.5537 9.8074 -0.0018
v 2.5537 10.0074 -0.0018
v 2.5537 10.0574 -0.0018
v 2.529 9.7574 -0.0061
v 2.529 9.8074 -0.0061
v 2.529 10.0074 -0.0061
v 2.529 10.0574 -0.0061
v 1.9259 9.6574 1.621
v 1.9259 9.6574 1.646
v 1.9476 9.6574 1.6585
v 1.9692 9.6574 1.646
v 1.9692 9.6574 1.621
v 1.9476 9.6574 1.6085
v 1.9259 10.1574 1.621
v 1.9259 10.1574 1.646
v 1.9476 10.1574 1.6585
v 1.9692 10.1574 1.646
v 1.9692 10.1574 1.621
v 1.9476 10.1574 1.6085
v 1.9476 10.175 1.6335
v 1.9692 10.0574 1.646
v 1.9692 10.0074 1.646
v 1.9692 9.8074 1.646
v 1.9692 9.7574 1.646
v 1.9692 9.7574 1.621
v 1.9692 9.8074 1.621
v 1.9692 10.0074 1.621
v 1.9692 10.0574 1.621
v 1.9259 10.0574 1.621
v 1.9259 10.0074 1.621
v 1.9259 9.8074 1.621
v 1.9259 9.7574 1.621
v 1.9476 9.7574 1.6085
v 1.9476 9.8074 1.6085
v 1.9476 10.0074 1.6085
v 1.9476 10.0574 1.6085
v 1.9259 9.7574 1.646
v 1.9259 9.8074 1.646
v 1.9259 10.0074 1.646
v 1.9259 10.0574 1.646
v 1.9476 10.0574 1.6585
v 1.9476 10.0074 1.6585
v 1.9476 9.8074 1.6585
v 1.9476 9.7574 1.6585
v 2.4016 9.7574 0.8722
v 2.4016 9.8074 0.8722
v 2.4016 10.0074 0.8722
v 2.4016 10.0574 0.8722
v 2.3799 9.7574 0.8597
v 2.3799 9.8074 0.8597
v 2.3799 10.0074 0.8597
v 2.3799 10.0574 0.8597
v 1.2548 9.6574 2.1829
v 1.2462 9.6574 2.2063
v 1.2623 9.6574 2.2255
v 1.2869 9.6574 2.2212
v 1.2955 9.6574 2.1977
v 1.2794 9.6574 2.1785
v 1.2548 10.1574 2.1829
v 1.2462 10.1574 2.2063
v 1.2623 10.1574 2.2255
v 1.2869 10.1574 2.2212
v 1.2955 10.1574 2.1977
v 1.2794 10.1574 2.1785
v 1.2709 10.175 2.202
v 1.2869 10.0574 2.2212
v 1.2869 10.0074 2.2212
v 1.2869 9.8074 2.2212
v 1.2869 9.7574 2.2212
v 1.2955 9.7574 2.1977
v 1.2955 9.8074 2.1977
v 1.2955 10.0074 2.1977
v 1.2955 10.0574 2.1977
v 1.2548 10.0574 2.1829
v 1.2548 10.0074 2.1829
v 1.2548 9.8074 2.1829
v 1.2548 9.7574 2.1829
v 1.2794 9.7574 2.1785
v 1.2794 9.8074 2.1785
v 1.2794 10.0074 2.1785
v 1.2794 10.0574 2.1785
v 1.2462 9.7574 2.2063
v 1.2462 9.8074 2.2063
v 1.2462 10.0074 2.2063
v 1.2462 10.0574 2.2063
v 1.2623 10.0574 2.2255
v 1.2623 10.0074 2.2255
v 1.2623 9.8074 2.2255
v 1.2623 9.7574 2.2255
v 1.9579 9.7574 1.6418
v 1.9579 9.8074 1.6418
v 1.9579 10.0074 1.6418
v 1.9579 10.0574 1.6418
v 1.9418 9.7574 1.6227
v 1.9418 9.8074 1.6227
v 1.9418 10.0074 1.6227
v 1.9418 10.0574 1.6227
v 0.4311 9.6574 2.4838
v 0.415 9.6574 2.5029
v 0.4236 9.6574 2.5264
v 0.4482 9.6574 2.5308
v 0.4643 9.6574 2.5116
v 0.4557 9.6574 2.4881
v 0.4311 10.1574 2.4838
v 0.415 10.1574 2.5029
v 0.4236 10.1574 2.5264
v 0.4482 10.1574 2.5308
v 0.4643 10.1574 2.5116
v 0.4557 10.1574 2.4881
v 0.4397 10.175 2.5073
v 0.4482 10.0574 2.5308
v 0.4482 10.0074 2.5308
v 0.4482 9.8074 2.5308
v 0.4482 9.7574 2.5308
v 0.4643 9.7574 2.5116
v 0.4643 9.8074 2.5116
v 0.4643 10.0074 2.5116
v 0.4643 10.0574 2.5116
v 0.4311 10.0574 2.4838
v 0.4311 10.0074 2.4838
v 0.4311 9.8074 2.4838
v 0.4311 9.7574 2.4838
v 0.4557 9.7574 2.4881
v 0.4557 9.8074 2.4881
v 0.4557 10.0074 2.4881
v 0.4557 10.0574 2.4881
v 0.415 9.7574 2.5029
v 0.415 9.8074 2.5029
v 0.415 10.0074 2.5029
v 0.415 10.0574 2.5029
v 0.4236 10.0574 2.5264
v 0.4236 10.0074 2.5264
v 0.4236 9.8074 2.5264
v 0.4236 9.7574 2.5264
v 1.2768 9.7574 2.2159
v 1.2768 9.8074 2.2159
v 1.2768 10.0074 2.2159
v 1.2768 10.0574 2.2159
v 1.2683 9.7574 2.1924
v 1.2683 9.8074 2.1924
v 1.2683 10.0074 2.1924
v 1.2683 10.0574 2.1924
v -0.4439 9.6574 2.4823
v -0.4655 9.6574 2.4948
v -0.4655 9.6574 2.5198
v -0.4439 9.6574 2.5323
v -0.4222 9.6574 2.5198
v -0.4222 9.6574 2.4948
v -0.4439 10.1574 2.4823
v -0.4655 10.1574 2.4948
v -0.4655 10.1574 2.5198
v -0.4439 10.1574 2.5323
v -0.4222 10.1574 2.5198
v -0.4222 10.1574 2.4948
v -0.4439 10.175 2.5073
v -0.4439 10.0574 2.5323
v -0.4439 10.0074 2.5323
v -0.4439 9.8074 2.5323
v -0.4439 9.7574 2.5323
v -0.4222 9.7574 2.5198
v -0.4222 9.8074 2.5198
v -0.4222 10.0074 2.5198
v -0.4222 10.0574 2.5198
v -0.4439 10.0574 2.4823
v -0.4439 10.0074 2.4823
v -0.4439 9.8074 2.4823
v -0.4439 9.7574 2.4823
v -0.4222 9.7574 2.4948
v -0.4222 9.8074 2.4948
v -0.4222 10.0074 2.4948
v -0.4222 10.0574 2.4948
v -0.4655 9.7574 2.4948
v -0.4655 9.8074 2.4948
v -0.4655 10.0074 2.4948
v -0.4655 10.0574 2.4948
v -0.4655 10.0574 2.5198
v -0.4655 10.0074 2.5198
v -0.4655 9.8074 2.5198
v -0.4655 9.7574 2.5198
v 0.4425 9.7574 2.5198
v 0.4425 9.8074 2.5198
v 0.4425 10.0074 2.5198
v 0.4425 10.0574 2.5198
v 0.4425 9.7574 2.4948
v 0.4425 9.8074 2.4948
v 0.4425 10.0074 2.4948
v 0.4425 10.0574 2.4948
v -1.0736 11.7937 -0.1584
v -1.0833 11.7879 -0.1607
v -1.0833 11.7764 -0.1607
v -1.0736 11.7706 -0.1584
v -1.0639 11.7764 -0.156
v -1.0639 11.7879 -0.156
v -1.0435 11.7937 -0.2834
v -1.0532 11.7879 -0.2857
v -1.0532 11.7764 -0.2857
v -1.0435 11.7706 -0.2834
v -1.0338 11.7764 -0.281
v -1.0338 11.7879 -0.281
v -1.1254 11.7635 -0.1609
v -1.1351 11.7577 -0.1633
v -1.1351 11.7462 -0.1633
v -1.1254 11.7405 -0.1609
v -1.1157 11.7462 -0.1586
v -1.1157 11.7577 -0.1586
v -1.0953 11.7635 -0.286
v -1.105 11.7577 -0.2883
v -1.105 11.7462 -0.2883
v -1.0953 11.7405 -0.286
v -1.0856 11.7462 -0.2836
v -1.0856 11.7577 -0.2836
v -1.1542 11.7135 -0.1747
v -1.1639 11.7077 -0.177
v -1.1639 11.6962 -0.177
v -1.1542 11.6905 -0.1747
v -1.1445 11.6962 -0.1724
v -1.1445 11.7077 -0.1724
v -1.1241 11.7135 -0.2997
v -1.1338 11.7077 -0.302
v -1.1338 11.6962 -0.302
v -1.1241 11.6905 -0.2997
v -1.1144 11.6962 -0.2974
v -1.1144 11.7077 -0.2974
v -1.1542 11.6635 -0.1747
v -1.1639 11.6577 -0.177
v -1.1639 11.6462 -0.177
v -1.1542 11.6405 -0.1747
v -1.1445 11.6462 -0.1724
v -1.1445 11.6577 -0.1724
v -1.1241 11.6635 -0.2997
v -1.1338 11.6577 -0.302
v -1.1338 11.6462 -0.302
v -1.1241 11.6405 -0.2997
v -1.1144 11.6462 -0.2974
v -1.1144 11.6577 -0.2974
v -1.1542 11.6135 -0.1747
v -1.1639 11.6077 -0.177
v -1.1639 11.5962 -0.177
v -1.1542 11.5905 -0.1747
v -1.1445 11.5962 -0.1724
v -1.1445 11.6077 -0.1724
v -1.1241 11.6135 -0.2997
v -1.1338 11.6077 -0.302
v -1.1338 11.5962 -0.302
v -1.1241 11.5905 -0.2997
v -1.1144 11.5962 -0.2974
v -1.1144 11.6077 -0.2974
v -1.1542 11.5635 -0.1747
v -1.1639 11.5577 -0.177
v -1.1639 11.5462 -0.177
v -1.1542 11.5405 -0.1747
v -1.1445 11.5462 -0.1724
v -1.1445 11.5577 -0.1724
v -1.1241 11.5635 -0.2997
v -1.1338 11.5577 -0.302
v -1.1338 11.5462 -0.302
v -1.1241 11.5405 -0.2997
v -1.1144 11.5462 -0.2974
v -1.1144 11.5577 -0.2974
v -1.1542 11.5135 -0.1747
v -1.1639 11.5077 -0.177
v -1.1639 11.4962 -0.177
v -1.1542 11.4905 -0.1747
v -1.1445 11.4962 -0.1724
v -1.1445 11.5077 -0.1724
v -1.1241 11.5135 -0.2997
v -1.1338 11.5077 -0.302
v -1.1338 11.4962 -0.302
v -1.1241 11.4905 -0.2997
v -1.1144 11.4962 -0.2974
v -1.1144 11.5077 -0.2974
v -1.1542 11.4635 -0.1747
v -1.1639 11.4577 -0.177
v -1.1639 11.4462 -0.177
v -1.1542 11.4405 -0.1747
v -1.1445 11.4462 -0.1724
v -1.1445 11.4577 -0.1724
v -1.1241 11.4635 -0.2997
v -1.1338 11.4577 -0.302
v -1.1338 11.4462 -0.302
v -1.1241 11.4405 -0.2997
v -1.1144 11.4462 -0.2974
v -1.1144 11.4577 -0.2974
v -1.1587 11.4062 -0.1773
v -1.1684 11.4005 -0.1794
v -1.1684 11.389 -0.1794
v -1.1587 11.3832 -0.1773
v -1.1489 11.389 -0.1753
v -1.1489 11.4005 -0.1753
v -1.1326 11.4062 -0.3033
v -1.1424 11.4005 -0.3053
v -1.1424 11.389 -0.3053
v -1.1326 11.3832 -0.3033
v -1.1228 11.389 -0.3012
v -1.1228 11.4005 -0.3012
v -1.2088 11.3761 -0.1872
v -1.2186 11.3703 -0.1892
v -1.2186 11.3588 -0.1892
v -1.2088 11.3531 -0.1872
v -1.199 11.3588 -0.1852
v -1.199 11.3703 -0.1852
v -1.1827 11.3761 -0.3131
v -1.1925 11.3703 -0.3152
v -1.1925 11.3588 -0.3152
v -1.1827 11.3531 -0.3131
v -1.173 11.3588 -0.3111
v -1.173 11.3703 -0.3111
v -1.2551 11.3407 -0.1994
v -1.2649 11.335 -0.2015
v -1.2649 11.3235 -0.2015
v -1.2551 11.3177 -0.1994
v -1.2454 11.3235 -0.1974
v -1.2454 11.335 -0.1974
v -1.2291 11.3407 -0.3254
v -1.2389 11.335 -0.3274
v -1.2389 11.3235 -0.3274
v -1.2291 11.3177 -0.3254
v -1.2193 11.3235 -0.3233
v -1.2193 11.335 -0.3233
v -1.3171 11.3004 -0.1938
v -1.3268 11.2946 -0.1959
v -1.3268 11.2831 -0.1959
v -1.3171 11.2774 -0.1938
v -1.3073 11.2831 -0.1918
v -1.3073 11.2946 -0.1918
v -1.291 11.3004 -0.3197
v -1.3008 11.2946 -0.3218
v -1.3008 11.2831 -0.3218
v -1.291 11.2774 -0.3197
v -1.2813 11.2831 -0.3177
v -1.2813 11.2946 -0.3177
v -1.3675 11.2588 -0.2162
v -1.3773 11.2531 -0.2183
v -1.3773 11.2415 -0.2183
v -1.3675 11.2358 -0.2162
v -1.3577 11.2415 -0.2142
v -1.3577 11.2531 -0.2142
v -1.3414 11.2588 -0.3422
v -1.3512 11.2531 -0.3442
v -1.3512 11.2415 -0.3442
v -1.3414 11.2358 -0.3422
v -1.3317 11.2415 -0.3401
v -1.3317 11.2531 -0.3401
v -1.4252 11.2206 -0.2061
v -1.435 11.2149 -0.2081
v -1.435 11.2033 -0.2081
v -1.4252 11.1976 -0.2061
v -1.4154 11.2033 -0.2041
v -1.4154 11.2149 -0.2041
v -1.3992 11.2206 -0.332
v -1.4089 11.2149 -0.334
v -1.4089 11.2033 -0.334
v -1.3992 11.1976 -0.332
v -1.3894 11.2033 -0.33
v -1.3894 11.2149 -0.33
v -1.4565 11.1706 -0.2157
v -1.4663 11.1649 -0.2177
v -1.4663 11.1533 -0.2177
v -1.4565 11.1476 -0.2157
v -1.4467 11.1533 -0.2137
v -1.4467 11.1649 -0.2137
v -1.4304 11.1706 -0.3416
v -1.4402 11.1649 -0.3436
v -1.4402 11.1533 -0.3436
v -1.4304 11.1476 -0.3416
v -1.4207 11.1533 -0.3396
v -1.4207 11.1649 -0.3396
v -1.4829 11.1206 -0.221
v -1.4927 11.1149 -0.223
v -1.4927 11.1033 -0.223
v -1.4829 11.0976 -0.221
v -1.4732 11.1033 -0.219
v -1.4732 11.1149 -0.219
v -1.4569 11.1206 -0.3469
v -1.4667 11.1149 -0.3489
v -1.4667 11.1033 -0.3489
v -1.4569 11.0976 -0.3469
v -1.4471 11.1033 -0.3449
v -1.4471 11.1149 -0.3449
v -1.5149 11.0706 -0.2315
v -1.5247 11.0649 -0.2335
v -1.5247 11.0533 -0.2335
v -1.5149 11.0476 -0.2315
v -1.5052 11.0533 -0.2294
v -1.5052 11.0649 -0.2294
v -1.4889 11.0706 -0.3574
v -1.4987 11.0649 -0.3594
v -1.4987 11.0533 -0.3594
v -1.4889 11.0476 -0.3574
v -1.4791 11.0533 -0.3554
v -1.4791 11.0649 -0.3554
v -1.5546 11.0206 -0.2439
v -1.5644 11.0149 -0.246
v -1.5644 11.0033 -0.246
v -1.5546 10.9976 -0.2439
v -1.5449 11.0033 -0.2419
v -1.5449 11.0149 -0.2419
v -1.5286 11.0206 -0.3698
v -1.5384 11.0149 -0.3719
v -1.5384 11.0033 -0.3719
v -1.5286 10.9976 -0.3698
v -1.5188 11.0033 -0.3678
v -1.5188 11.0149 -0.3678
v -1.5788 10.9706 -0.2478
v -1.5886 10.9649 -0.2498
v -1.5886 10.9533 -0.2498
v -1.5788 10.9476 -0.2478
v -1.5691 10.9533 -0.2458
v -1.5691 10.9649 -0.2458
v -1.5528 10.9706 -0.3737
v -1.5626 10.9649 -0.3758
v -1.5626 10.9533 -0.3758
v -1.5528 10.9476 -0.3737
v -1.543 10.9533 -0.3717
v -1.543 10.9649 -0.3717
v -1.611 10.9206 -0.2467
v -1.6207 10.9149 -0.2487
v -1.6207 10.9033 -0.2487
v -1.611 10.8976 -0.2467
v -1.6012 10.9033 -0.2447
v -1.6012 10.9149 -0.2447
v -1.5849 10.9206 -0.3726
v -1.5947 10.9149 -0.3746
v -1.5947 10.9033 -0.3746
v -1.5849 10.8976 -0.3726
v -1.5751 10.9033 -0.3706
v -1.5751 10.9149 -0.3706
v -1.6369 10.8706 -0.2627
v -1.6467 10.8649 -0.2648
v -1.6467 10.8533 -0.2648
v -1.6369 10.8476 -0.2627
v -1.6271 10.8533 -0.2607
v -1.6271 10.8649 -0.2607
v -1.6109 10.8706 -0.3887
v -1.6206 10.8649 -0.3907
v -1.6206 10.8533 -0.3907
v -1.6109 10.8476 -0.3887
v -1.6011 10.8533 -0.3866
v -1.6011 10.8649 -0.3866
v -1.6721 10.8206 -0.2721
v -1.6819 10.8149 -0.2741
v -1.6819 10.8033 -0.2741
v -1.6721 10.7976 -0.2721
v -1.6623 10.8033 -0.2701
v -1.6623 10.8149 -0.2701
v -1.6461 10.8206 -0.398
v -1.6558 10.8149 -0.4
v -1.6558 10.8033 -0.4
v -1.6461 10.7976 -0.398
v -1.6363 10.8033 -0.396
v -1.6363 10.8149 -0.396
v -1.7074 10.7709 -0.2576
v -1.7171 10.7652 -0.2596
v -1.7171 10.7536 -0.2596
v -1.7074 10.7479 -0.2576
v -1.6976 10.7536 -0.2556
v -1.6976 10.7652 -0.2556
v -1.6813 10.7709 -0.3835
v -1.6911 10.7652 -0.3855
v -1.6911 10.7536 -0.3855
v -1.6813 10.7479 -0.3835
v -1.6716 10.7536 -0.3815
v -1.6716 10.7652 -0.3815
v -1.7437 10.7206 -0.2817
v -1.7534 10.7149 -0.2837
v -1.7534 10.7033 -0.2837
v -1.7437 10.6976 -0.2817
v -1.7339 10.7033 -0.2797
v -1.7339 10.7149 -0.2797
v -1.7176 10.7206 -0.4076
v -1.7274 10.7149 -0.4096
v -1.7274 10.7033 -0.4096
v -1.7176 10.6976 -0.4076
v -1.7079 10.7033 -0.4056
v -1.7079 10.7149 -0.4056
v -1.7769 10.6706 -0.2817
v -1.7866 10.6649 -0.2837
v -1.7866 10.6533 -0.2837
v -1.7769 10.6476 -0.2817
v -1.7671 10.6533 -0.2797
v -1.7671 10.6649 -0.2797
v -1.7508 10.6706 -0.4076
v -1.7606 10.6649 -0.4096
v -1.7606 10.6533 -0.4096
v -1.7508 10.6476 -0.4076
v -1.7411 10.6533 -0.4056
v -1.7411 10.6649 -0.4056
v -1.8108 10.6206 -0.2817
v -1.8205 10.6149 -0.2837
v -1.8205 10.6033 -0.2837
v -1.8108 10.5976 -0.2817
v -1.801 10.6033 -0.2797
v -1.801 10.6149 -0.2797
v -1.7847 10.6206 -0.4076
v -1.7945 10.6149 -0.4096
v -1.7945 10.6033 -0.4096
v -1.7847 10.5976 -0.4076
v -1.775 10.6033 -0.4056
v -1.775 10.6149 -0.4056
v -1.8379 10.5706 -0.2817
v -1.8477 10.5649 -0.2837
v -1.8477 10.5533 -0.2837
v -1.8379 10.5476 -0.2817
v -1.8281 10.5533 -0.2797
v -1.8281 10.5649 -0.2797
v -1.8119 10.5706 -0.4076
v -1.8216 10.5649 -0.4096
v -1.8216 10.5533 -0.4096
v -1.8119 10.5476 -0.4076
v -1.8021 10.5533 -0.4056
v -1.8021 10.5649 -0.4056
v -1.8433 10.5206 -0.2839
v -1.853 10.5149 -0.286
v -1.853 10.5033 -0.286
v -1.8433 10.4976 -0.2839
v -1.8335 10.5033 -0.2819
v -1.8335 10.5149 -0.2819
v -1.8172 10.5206 -0.4099
v -1.827 10.5149 -0.4119
v -1.827 10.5033 -0.4119
v -1.8172 10.4976 -0.4099
v -1.8074 10.5033 -0.4078
v -1.8074 10.5149 -0.4078
v -1.8521 10.4706 -0.2884
v -1.8618 10.4649 -0.2904
v -1.8618 10.4533 -0.2904
v -1.8521 10.4476 -0.2884
v -1.8423 10.4533 -0.2864
v -1.8423 10.4649 -0.2864
v -1.826 10.4706 -0.4143
v -1.8358 10.4649 -0.4163
v -1.8358 10.4533 -0.4163
v -1.826 10.4476 -0.4143
v -1.8163 10.4533 -0.4123
v -1.8163 10.4649 -0.4123
v -1.8623 10.4206 -0.2906
v -1.8721 10.4149 -0.2927
v -1.8721 10.4033 -0.2927
v -1.8623 10.3976 -0.2906
v -1.8525 10.4033 -0.2886
v -1.8525 10.4149 -0.2886
v -1.8363 10.4206 -0.4165
v -1.846 10.4149 -0.4186
v -1.846 10.4033 -0.4186
v -1.8363 10.3976 -0.4165
v -1.8265 10.4033 -0.4145
v -1.8265 10.4149 -0.4145
v -1.8722 10.3706 -0.2878
v -1.882 10.3649 -0.2899
v -1.882 10.3533 -0.2899
v -1.8722 10.3476 -0.2878
v -1.8624 10.3533 -0.2858
v -1.8624 10.3649 -0.2858
v -1.8461 10.3706 -0.4138
v -1.8559 10.3649 -0.4158
v -1.8559 10.3533 -0.4158
v -1.8461 10.3476 -0.4138
v -1.8364 10.3533 -0.4117
v -1.8364 10.3649 -0.4117
v -1.8817 10.3206 -0.2845
v -1.8914 10.3149 -0.2865
v -1.8914 10.3033 -0.2865
v -1.8817 10.2976 -0.2845
v -1.8719 10.3033 -0.2825
v -1.8719 10.3149 -0.2825
v -1.8556 10.3206 -0.4104
v -1.8654 10.3149 -0.4124
v -1.8654 10.3033 -0.4124
v -1.8556 10.2976 -0.4104
v -1.8458 10.3033 -0.4084
v -1.8458 10.3149 -0.4084
v -1.8939 10.2706 -0.2828
v -1.9037 10.2649 -0.2849
v -1.9037 10.2533 -0.2849
v -1.8939 10.2476 -0.2828
v -1.8841 10.2533 -0.2808
v -1.8841 10.2649 -0.2808
v -1.8679 10.2706 -0.4087
v -1.8776 10.2649 -0.4108
v -1.8776 10.2533 -0.4108
v -1.8679 10.2476 -0.4087
v -1.8581 10.2533 -0.4067
v -1.8581 10.2649 -0.4067
v -1.9039 10.2206 -0.2878
v -1.9137 10.2149 -0.2899
v -1.9137 10.2033 -0.2899
v -1.9039 10.1976 -0.2878
v -1.8942 10.2033 -0.2858
v -1.8942 10.2149 -0.2858
v -1.8779 10.2206 -0.4138
v -1.8877 10.2149 -0.4158
v -1.8877 10.2033 -0.4158
v -1.8779 10.1976 -0.4138
v -1.8681 10.2033 -0.4117
v -1.8681 10.2149 -0.4117
v -1.9145 10.1706 -0.2901
v -1.9243 10.1649 -0.2921
v -1.9243 10.1533 -0.2921
v -1.9145 10.1476 -0.2901
v -1.9048 10.1533 -0.2881
v -1.9048 10.1649 -0.2881
v -1.8885 10.1706 -0.416
v -1.8983 10.1649 -0.418
v -1.8983 10.1533 -0.418
v -1.8885 10.1476 -0.416
v -1.8787 10.1533 -0.414
v -1.8787 10.1649 -0.414
v -1.9246 10.1206 -0.2957
v -1.9343 10.1149 -0.2977
v -1.9343 10.1033 -0.2977
v -1.9246 10.0976 -0.2957
v -1.9148 10.1033 -0.2936
v -1.9148 10.1149 -0.2936
v -1.8985 10.1206 -0.4216
v -1.9083 10.1149 -0.4236
v -1.9083 10.1033 -0.4236
v -1.8985 10.0976 -0.4216
v -1.8888 10.1033 -0.4195
v -1.8888 10.1149 -0.4195
v -1.9346 10.0706 -0.3001
v -1.9444 10.0649 -0.3021
v -1.9444 10.0533 -0.3021
v -1.9346 10.0476 -0.3001
v -1.9248 10.0533 -0.2981
v -1.9248 10.0649 -0.2981
v -1.9086 10.0706 -0.426
v -1.9183 10.0649 -0.428
v -1.9183 10.0533 -0.428
v -1.9086 10.0476 -0.426
v -1.8988 10.0533 -0.424
v -1.8988 10.0649 -0.424
v -1.9446 10.0206 -0.3051
v -1.9544 10.0149 -0.3071
v -1.9544 10.0033 -0.3071
v -1.9446 9.9976 -0.3051
v -1.9349 10.0033 -0.3031
v -1.9349 10.0149 -0.3031
v -1.9186 10.0206 -0.431
v -1.9284 10.0149 -0.4331
v -1.9284 10.0033 -0.4331
v -1.9186 9.9976 -0.431
v -1.9088 10.0033 -0.429
v -1.9088 10.0149 -0.429
v -1.9547 9.9706 -0.309
v -1.9644 9.9649 -0.311
v -1.9644 9.9533 -0.311
v -1.9547 9.9476 -0.309
v -1.9449 9.9533 -0.307
v -1.9449 9.9649 -0.307
v -1.9286 9.9706 -0.4349
v -1.9384 9.9649 -0.437
v -1.9384 9.9533 -0.437
v -1.9286 9.9476 -0.4349
v -1.9189 9.9533 -0.4329
v -1.9189 9.9649 -0.4329
v -1.9653 9.9206 -0.3107
v -1.975 9.9149 -0.3127
v -1.975 9.9033 -0.3127
v -1.9653 9.8976 -0.3107
v -1.9555 9.9033 -0.3087
v -1.9555 9.9149 -0.3087
v -1.9392 9.9206 -0.4366
v -1.949 9.9149 -0.4386
v -1.949 9.9033 -0.4386
v -1.9392 9.8976 -0.4366
v -1.9294 9.9033 -0.4346
v -1.9294 9.9149 -0.4346
v -1.9725 9.8706 -0.314
v -1.9823 9.8649 -0.3161
v -1.9823 9.8533 -0.3161
v -1.9725 9.8476 -0.314
v -1.9627 9.8533 -0.312
v -1.9627 9.8649 -0.312
v -1.9465 9.8706 -0.44
v -1.9562 9.8649 -0.442
v -1.9562 9.8533 -0.442
v -1.9465 9.8476 -0.44
v -1.9367 9.8533 -0.4379
v -1.9367 9.8649 -0.4379
v -1.9528 9.7922 -0.4625
v -1.9728 9.7958 -0.4551
v -1.9765 9.7958 -0.4338
v -1.9604 9.7922 -0.42
v -1.9404 9.7885 -0.4274
v -1.9367 9.7885 -0.4487
v -1.8162 10.4954 -0.4383
v -1.8361 10.4991 -0.4308
v -1.8399 10.4991 -0.4096
v -1.8237 10.4954 -0.3958
v -1.8038 10.4918 -0.4032
v -1.8 10.4918 -0.4244
v -1.8008 10.5702 -0.4355
v -1.8191 10.5786 -0.4278
v -1.8229 10.5786 -0.4066
v -1.8084 10.5702 -0.3931
v -1.7901 10.5617 -0.4008
v -1.7863 10.5617 -0.422
v -1.7882 10.5903 -0.4333
v -1.8056 10.6004 -0.4254
v -1.8093 10.6004 -0.4042
v -1.7958 10.5903 -0.3908
v -1.7784 10.5801 -0.3987
v -1.7747 10.5801 -0.4199
v -1.8292 10.56 -0.4077
v -1.8137 10.5555 -0.394
v -1.7943 10.5509 -0.4015
v -1.7906 10.5509 -0.4228
v -1.8255 10.56 -0.4289
v -1.8061 10.5555 -0.4365
v -1.391 11.2081 -0.3629
v -1.4084 11.2182 -0.355
v -1.4121 11.2182 -0.3338
v -1.3986 11.2081 -0.3204
v -1.3812 11.1979 -0.3283
v -1.3775 11.1979 -0.3495
v -1.377 11.2257 -0.3604
v -1.3909 11.2398 -0.3519
v -1.3947 11.2398 -0.3307
v -1.3845 11.2257 -0.3179
v -1.3707 11.2115 -0.3264
v -1.3669 11.2115 -0.3477
v -1.3625 11.2374 -0.3578
v -1.3746 11.253 -0.349
v -1.3784 11.253 -0.3278
v -1.3701 11.2374 -0.3154
v -1.358 11.2219 -0.3242
v -1.3542 11.2219 -0.3454
v -1.1503 11.3812 -0.3202
v -1.1624 11.3967 -0.3114
v -1.1662 11.3967 -0.2902
v -1.1579 11.3812 -0.2777
v -1.1458 11.3657 -0.2865
v -1.142 11.3657 -0.3078
v -1.1275 11.4039 -0.3162
v -1.1444 11.4147 -0.3082
v -1.1482 11.4147 -0.287
v -1.135 11.4039 -0.2737
v -1.1181 11.3931 -0.2816
v -1.1144 11.3931 -0.3029
v -1.1206 11.4287 -0.315
v -1.1409 11.4288 -0.3076
v -1.1446 11.4288 -0.2863
v -1.1281 11.4287 -0.2725
v -1.1079 11.4287 -0.2798
v -1.1041 11.4287 -0.3011
v -1.1198 11.6846 -0.3148
v -1.1401 11.6846 -0.3075
v -1.1439 11.6846 -0.2862
v -1.1274 11.6846 -0.2723
v -1.1071 11.6845 -0.2797
v -1.1033 11.6845 -0.3009
v -1.1126 11.7178 -0.3135
v -1.1307 11.7265 -0.3058
v -1.1345 11.7265 -0.2846
v -1.1201 11.7178 -0.271
v -1.1019 11.7092 -0.2788
v -1.0981 11.7092 -0.3
v -1.0956 11.7417 -0.3105
v -1.1073 11.7575 -0.3016
v -1.111 11.7575 -0.2804
v -1.1031 11.7417 -0.268
v -1.0914 11.7259 -0.2769
v -1.0876 11.7259 -0.2981
v -1.0742 11.7636 -0.3067
v -1.0809 11.7816 -0.297
v -1.0846 11.7816 -0.2757
v -1.0817 11.7636 -0.2642
v -1.0751 11.7456 -0.274
v -1.0713 11.7456 -0.2953
v -0.9666 11.7995 -0.2877
v -0.9645 11.8178 -0.2763
v -0.9683 11.8178 -0.2551
v -0.9742 11.7995 -0.2452
v -0.9763 11.7813 -0.2565
v -0.9725 11.7813 -0.2777
v -0.9433 11.7848 -0.2835
v -0.9303 11.7959 -0.2703
v -0.9341 11.7959 -0.249
v -0.9508 11.7848 -0.241
v -0.9637 11.7737 -0.2543
v -0.96 11.7737 -0.2755
v -0.9356 11.7661 -0.2822
v -0.9191 11.7661 -0.2683
v -0.9228 11.7661 -0.247
v -0.9431 11.7661 -0.2397
v -0.9596 11.7661 -0.2535
v -0.9558 11.7661 -0.2748
v -0.9355 11.7038 -0.2821
v -0.919 11.7038 -0.2683
v -0.9228 11.7038 -0.247
v -0.9431 11.7038 -0.2397
v -0.9596 11.7038 -0.2535
v -0.9558 11.7038 -0.2748
v -1.0425 11.781 -0.3011
v -1.0398 11.7634 -0.2897
v -1.0489 11.7985 -0.2913
v -1.0526 11.7985 -0.27
v -1.05 11.781 -0.2586
v -1.0436 11.7634 -0.2684
v -0.9815 11.7815 -0.2793
v -0.9882 11.7999 -0.2477
v -0.9835 11.8182 -0.2797
v -0.9806 11.7999 -0.2901
v -0.9853 11.7815 -0.2581
v -0.9873 11.8182 -0.2585
v -1.9856 9.7922 -0.3359
v -2.0055 9.7958 -0.3283
v -2.0091 9.7958 -0.3071
v -1.9928 9.7922 -0.2934
v -1.9729 9.7885 -0.3009
v -1.9693 9.7885 -0.3222
v -1.8488 10.4954 -0.3127
v -1.8687 10.4991 -0.3051
v -1.8723 10.4991 -0.2838
v -1.856 10.4954 -0.2701
v -1.8361 10.4918 -0.2777
v -1.8325 10.4918 -0.2989
v -1.8334 10.5702 -0.31
v -1.8516 10.5786 -0.3022
v -1.8553 10.5786 -0.2809
v -1.8406 10.5702 -0.2675
v -1.8224 10.5617 -0.2753
v -1.8188 10.5617 -0.2966
v -1.8208 10.5903 -0.3079
v -1.8381 10.6004 -0.2999
v -1.8417 10.6004 -0.2786
v -1.828 10.5903 -0.2654
v -1.8108 10.5801 -0.2734
v -1.8071 10.5801 -0.2946
v -1.8616 10.56 -0.282
v -1.8459 10.5555 -0.2684
v -1.8267 10.5509 -0.2761
v -1.8231 10.5509 -0.2973
v -1.858 10.56 -0.3033
v -1.8387 10.5555 -0.3109
v -1.4231 11.2081 -0.2403
v -1.4404 11.2182 -0.2323
v -1.444 11.2182 -0.2111
v -1.4303 11.2081 -0.1978
v -1.4131 11.1979 -0.2058
v -1.4094 11.1979 -0.2271
v -1.4091 11.2257 -0.238
v -1.4229 11.2398 -0.2294
v -1.4265 11.2398 -0.2081
v -1.4163 11.2257 -0.1954
v -1.4025 11.2115 -0.204
v -1.3989 11.2115 -0.2253
v -1.3946 11.2374 -0.2355
v -1.4066 11.253 -0.2266
v -1.4102 11.253 -0.2053
v -1.4018 11.2374 -0.193
v -1.3898 11.2219 -0.2019
v -1.3862 11.2219 -0.2231
v -1.1821 11.3812 -0.1994
v -1.1941 11.3967 -0.1905
v -1.1977 11.3967 -0.1692
v -1.1893 11.3812 -0.1569
v -1.1773 11.3657 -0.1658
v -1.1737 11.3657 -0.187
v -1.1592 11.4039 -0.1955
v -1.1761 11.4147 -0.1874
v -1.1797 11.4147 -0.1662
v -1.1665 11.4039 -0.153
v -1.1496 11.3931 -0.1611
v -1.146 11.3931 -0.1823
v -1.1523 11.4287 -0.1943
v -1.1726 11.4288 -0.1868
v -1.1762 11.4288 -0.1656
v -1.1596 11.4287 -0.1518
v -1.1393 11.4287 -0.1593
v -1.1357 11.4287 -0.1806
v -1.1516 11.6846 -0.1942
v -1.1718 11.6846 -0.1867
v -1.1754 11.6846 -0.1654
v -1.1588 11.6846 -0.1517
v -1.1386 11.6845 -0.1592
v -1.1349 11.6845 -0.1804
v -1.1443 11.7178 -0.193
v -1.1624 11.7265 -0.1851
v -1.166 11.7265 -0.1638
v -1.1515 11.7178 -0.1504
v -1.1334 11.7092 -0.1583
v -1.1298 11.7092 -0.1796
v -1.1272 11.7417 -0.1901
v -1.1389 11.7575 -0.1811
v -1.1425 11.7575 -0.1598
v -1.1345 11.7417 -0.1475
v -1.1228 11.7259 -0.1565
v -1.1192 11.7259 -0.1778
v -1.1059 11.7636 -0.1864
v -1.1125 11.7816 -0.1766
v -1.1161 11.7816 -0.1554
v -1.1131 11.7636 -0.1439
v -1.1065 11.7456 -0.1537
v -1.1029 11.7456 -0.175
v -0.9982 11.7995 -0.1682
v -0.996 11.8178 -0.1568
v -0.9996 11.8178 -0.1356
v -1.0054 11.7995 -0.1256
v -1.0076 11.7813 -0.1369
v -1.004 11.7813 -0.1582
v -0.9748 11.7848 -0.1642
v -0.9618 11.7959 -0.151
v -0.9654 11.7959 -0.1298
v -0.982 11.7848 -0.1216
v -0.995 11.7737 -0.1348
v -0.9914 11.7737 -0.1561
v -0.9671 11.7661 -0.1629
v -0.9505 11.7661 -0.1491
v -0.9541 11.7661 -0.1278
v -0.9743 11.7661 -0.1203
v -0.9909 11.7661 -0.1341
v -0.9873 11.7661 -0.1554
v -0.967 11.7038 -0.1629
v -0.9504 11.7038 -0.1491
v -0.954 11.7038 -0.1278
v -0.9742 11.7038 -0.1203
v -0.9909 11.7038 -0.1341
v -0.9872 11.7038 -0.1554
v -1.0741 11.781 -0.181
v -1.0714 11.7634 -0.1696
v -1.0804 11.7985 -0.1712
v -1.084 11.7985 -0.1499
v -1.0813 11.781 -0.1385
v -1.075 11.7634 -0.1484
v -1.013 11.7815 -0.1597
v -1.0194 11.7999 -0.128
v -1.015 11.8182 -0.1601
v -1.0122 11.7999 -0.1705
v -1.0166 11.7815 -0.1385
v -1.0186 11.8182 -0.1388
vt 0.6261 0.9277
vt 0.6864 0.9277
vt 0.6793 0.963
vt 0.6332 0.963
vt 0.5671 0.9459
vt 0.6133 0.9459
vt 0.6203 0.9813
vt 0.56 0.9813
vt 0.6324 0.8541
vt 0.6786 0.8541
vt 0.6856 0.8894
vt 0.6253 0.8894
vt 0.56 0.8644
vt 0.6203 0.8644
vt 0.6133 0.8998
vt 0.5671 0.8998
vt 0.56 0.8529
vt 0.6203 0.8529
vt 0.6856 0.9009
vt 0.6253 0.9009
vt 0.6203 0.9928
vt 0.56 0.9928
vt 0.6261 0.9161
vt 0.6864 0.9161
vt 0.0609 0.3782
vt 0.0609 0.384
vt 0.0156 0.384
vt 0.0156 0.3782
vt 0.0158 0.4249
vt 0.0158 0.4189
vt 0.0619 0.419
vt 0.0619 0.425
vt 0.0899 0.9319
vt 0.0859 0.9319
vt 0.0859 0.9297
vt 0.0899 0.9297
vt 0.0899 0.9652
vt 0.0859 0.9652
vt 0.0859 0.9628
vt 0.0899 0.9628
vt 0.0212 0.9018
vt 0.0152 0.9018
vt 0.0152 0.8983
vt 0.0212 0.8983
vt 0.0212 0.8348
vt 0.0152 0.8348
vt 0.0152 0.8313
vt 0.0212 0.8313
vt 0.0899 0.9499
vt 0.0859 0.9499
vt 0.0859 0.9476
vt 0.0899 0.9476
vt 0.0899 0.9111
vt 0.0859 0.9111
vt 0.0859 0.9089
vt 0.0899 0.9089
vt 0.0899 0.8898
vt 0.0859 0.8898
vt 0.0859 0.8874
vt 0.0899 0.8874
vt 0.0643 0.9341
vt 0.058 0.9341
vt 0.058 0.9319
vt 0.0643 0.9319
vt 0.0643 0.8921
vt 0.058 0.8921
vt 0.058 0.8898
vt 0.0643 0.8898
vt 0.162 0.9188
vt 0.1561 0.9188
vt 0.1561 0.9155
vt 0.162 0.9155
vt 0.162 0.8569
vt 0.1561 0.8569
vt 0.1561 0.8538
vt 0.162 0.8538
vt 0.0899 0.8672
vt 0.0859 0.8672
vt 0.0859 0.8644
vt 0.0899 0.8644
vt 0.0859 0.8721
vt 0.0899 0.8721
vt 0.0899 0.9133
vt 0.0859 0.9133
vt 0.1137 0.8994
vt 0.1067 0.8994
vt 0.1067 0.896
vt 0.1137 0.896
vt 0.1137 0.8326
vt 0.1067 0.8326
vt 0.1067 0.8291
vt 0.1137 0.8291
vt 0.0212 0.8014
vt 0.0152 0.8014
vt 0.0152 0.7979
vt 0.0212 0.7979
vt 0.0643 0.8697
vt 0.058 0.8697
vt 0.058 0.8672
vt 0.0643 0.8672
vt 0.162 0.8261
vt 0.1561 0.8261
vt 0.1561 0.8228
vt 0.162 0.8228
vt 0.1137 0.7989
vt 0.1067 0.7989
vt 0.1067 0.7954
vt 0.1137 0.7954
vt 0.0899 0.9515
vt 0.0859 0.9515
vt 0.1137 0.9327
vt 0.1067 0.9327
vt 0.1067 0.9293
vt 0.1137 0.9293
vt 0.1137 0.8659
vt 0.1067 0.8659
vt 0.1067 0.8624
vt 0.1137 0.8624
vt 0.029 0.5048
vt 0.0315 0.5022
vt 0.0506 0.5022
vt 0.0481 0.5048
vt 0.0643 0.9133
vt 0.058 0.9133
vt 0.058 0.9111
vt 0.0643 0.9111
vt 0.162 0.8879
vt 0.1561 0.8879
vt 0.1561 0.8847
vt 0.162 0.8847
vt 0.0212 0.8684
vt 0.0152 0.8684
vt 0.0152 0.8649
vt 0.0212 0.8649
vt 0.162 0.9479
vt 0.1561 0.9479
vt 0.1561 0.9444
vt 0.162 0.9444
vt 0.0212 0.9353
vt 0.0152 0.9353
vt 0.0152 0.9318
vt 0.0212 0.9318
vt 0.0899 0.8697
vt 0.0859 0.8697
vt 0.0899 0.8921
vt 0.0859 0.8921
vt 0.0899 0.9341
vt 0.0859 0.9341
vt 0.1067 0.7918
vt 0.1137 0.7918
vt 0.0152 0.8276
vt 0.0212 0.8276
vt 0.0152 0.7941
vt 0.0212 0.7941
vt 0.058 0.8644
vt 0.0643 0.8644
vt 0.1067 0.8588
vt 0.1137 0.8588
vt 0.1561 0.8505
vt 0.162 0.8505
vt 0.162 0.9725
vt 0.1561 0.9725
vt 0.1561 0.9692
vt 0.162 0.9692
vt 0.1561 0.8193
vt 0.162 0.8193
vt 0.1067 0.8253
vt 0.1137 0.8253
vt 0.1067 0.8922
vt 0.1137 0.8922
vt 0.058 0.8874
vt 0.0643 0.8874
vt 0.0152 0.8611
vt 0.0212 0.8611
vt 0.058 0.9089
vt 0.0643 0.9089
vt 0.0643 0.9499
vt 0.058 0.9499
vt 0.058 0.9476
vt 0.0643 0.9476
vt 0.1561 0.8814
vt 0.162 0.8814
vt 0.0643 0.9652
vt 0.058 0.9652
vt 0.058 0.9628
vt 0.0643 0.9628
vt 0.1067 0.9256
vt 0.1137 0.9256
vt 0.1561 0.9122
vt 0.162 0.9122
vt 0.058 0.9297
vt 0.0643 0.9297
vt 0.0152 0.8946
vt 0.0212 0.8946
vt 0.1396 0.896
vt 0.1354 0.896
vt 0.1354 0.8922
vt 0.1396 0.8922
vt 0.0152 0.9281
vt 0.0212 0.9281
vt 0.1561 0.9409
vt 0.162 0.9409
vt 0.0212 0.9618
vt 0.0152 0.9618
vt 0.0152 0.9583
vt 0.0212 0.9583
vt 0.1137 0.9594
vt 0.1067 0.9594
vt 0.1067 0.9558
vt 0.1137 0.9558
vt 0.1396 0.9293
vt 0.1354 0.9293
vt 0.1354 0.9256
vt 0.1396 0.9256
vt 0.0472 0.9353
vt 0.0428 0.9353
vt 0.0428 0.9318
vt 0.0472 0.9318
vt 0.0472 0.8014
vt 0.0428 0.8014
vt 0.0428 0.7979
vt 0.0472 0.7979
vt 0.0472 0.9618
vt 0.0428 0.9618
vt 0.0428 0.9583
vt 0.0472 0.9583
vt 0.188 0.7908
vt 0.1827 0.7908
vt 0.1827 0.7869
vt 0.188 0.7869
vt 0.1396 0.8659
vt 0.1354 0.8659
vt 0.1354 0.8624
vt 0.1396 0.8624
vt 0.0428 0.7941
vt 0.0472 0.7941
vt 0.1396 0.8291
vt 0.1354 0.8291
vt 0.1354 0.8253
vt 0.1396 0.8253
vt 0.0472 0.9018
vt 0.0428 0.9018
vt 0.0428 0.8983
vt 0.0472 0.8983
vt 0.1354 0.8027
vt 0.1396 0.8027
vt 0.188 0.9188
vt 0.1827 0.9188
vt 0.1827 0.9155
vt 0.188 0.9155
vt 0.1396 0.8326
vt 0.1354 0.8326
vt 0.1396 0.7954
vt 0.1354 0.7954
vt 0.1354 0.7918
vt 0.1396 0.7918
vt 0.1396 0.8994
vt 0.1354 0.8994
vt 0.188 0.8505
vt 0.1827 0.8505
vt 0.1827 0.8295
vt 0.188 0.8295
vt 0.1396 0.9327
vt 0.1354 0.9327
vt 0.0428 0.8946
vt 0.0472 0.8946
vt 0.1354 0.8588
vt 0.1396 0.8588
vt 0.1396 0.7989
vt 0.1354 0.7989
vt 0.0472 0.8684
vt 0.0428 0.8684
vt 0.0428 0.8649
vt 0.0472 0.8649
vt 0.1396 0.9594
vt 0.1354 0.9594
vt 0.1354 0.9558
vt 0.1396 0.9558
vt 0.0472 0.8348
vt 0.0428 0.8348
vt 0.0428 0.8313
vt 0.0472 0.8313
vt 0.188 0.9725
vt 0.1827 0.9725
vt 0.1827 0.9692
vt 0.188 0.9692
vt 0.0428 0.9281
vt 0.0472 0.9281
vt 0.0317 0.4998
vt 0.0292 0.4973
vt 0.0483 0.4973
vt 0.0508 0.4998
vt 0.0428 0.8611
vt 0.0472 0.8611
vt 0.188 0.8847
vt 0.1827 0.8847
vt 0.1827 0.8814
vt 0.188 0.8814
vt 0.188 0.8569
vt 0.1827 0.8569
vt 0.1827 0.8538
vt 0.188 0.8538
vt 0.188 0.8261
vt 0.1827 0.8261
vt 0.1827 0.8228
vt 0.188 0.8228
vt 0.0428 0.8276
vt 0.0472 0.8276
vt 0.188 0.8879
vt 0.1827 0.8879
vt 0.1827 0.8193
vt 0.188 0.8193
vt 0.188 0.9444
vt 0.1827 0.9444
vt 0.1827 0.9409
vt 0.188 0.9409
vt 0.1827 0.9122
vt 0.188 0.9122
vt 0.0428 0.805
vt 0.0472 0.805
vt 0.1067 0.8027
vt 0.1137 0.8027
vt 0.0753 0.9515
vt 0.0753 0.9499
vt 0.0212 0.9389
vt 0.0428 0.9055
vt 0.0212 0.872
vt 0.0428 0.8385
vt 0.0212 0.805
vt 0.0859 0.9533
vt 0.0643 0.9364
vt 0.0859 0.9155
vt 0.0643 0.8943
vt 0.162 0.9516
vt 0.1827 0.9257
vt 0.162 0.8912
vt 0.1827 0.8602
vt 0.162 0.8295
vt 0.1354 0.9364
vt 0.1137 0.9031
vt 0.1354 0.8697
vt 0.1137 0.8362
vt 0.0212 0.8385
vt 0.0152 0.8385
vt 0.058 0.8943
vt 0.162 0.8602
vt 0.1561 0.8602
vt 0.1067 0.8362
vt 0.0899 0.8943
vt 0.0859 0.8943
vt 0.1396 0.8362
vt 0.1354 0.8362
vt 0.0472 0.8385
vt 0.188 0.8602
vt 0.1396 0.8697
vt 0.1354 0.7662
vt 0.1396 0.7662
vt 0.0859 0.8414
vt 0.0899 0.8414
vt 0.1067 0.7662
vt 0.1137 0.7662
vt 0.0428 0.7685
vt 0.0472 0.7685
vt 0.1561 0.8295
vt 0.0643 0.8721
vt 0.058 0.8721
vt 0.058 0.8414
vt 0.0643 0.8414
vt 0.0152 0.805
vt 0.1561 0.8912
vt 0.1561 0.7908
vt 0.162 0.7908
vt 0.188 0.8912
vt 0.1827 0.8912
vt 0.0152 0.7685
vt 0.0212 0.7685
vt 0.1137 0.8697
vt 0.1067 0.8697
vt 0.0899 0.9155
vt 0.0152 0.872
vt 0.0643 0.9155
vt 0.058 0.9155
vt 0.0472 0.872
vt 0.0428 0.872
vt 0.0212 0.9055
vt 0.0152 0.9055
vt 0.058 0.9364
vt 0.162 0.9257
vt 0.1561 0.9257
vt 0.1067 0.9031
vt 0.0899 0.9364
vt 0.0859 0.9364
vt 0.0472 0.9055
vt 0.188 0.9257
vt 0.1396 0.9031
vt 0.1354 0.9031
vt 0.188 0.9516
vt 0.1827 0.9516
vt 0.1827 0.9479
vt 0.188 0.9479
vt 0.1354 0.9661
vt 0.1137 0.9661
vt 0.1396 0.9364
vt 0.188 0.9793
vt 0.1827 0.9793
vt 0.0152 0.9389
vt 0.0472 0.9389
vt 0.0428 0.9389
vt 0.0643 0.9533
vt 0.058 0.9533
vt 0.058 0.9515
vt 0.0643 0.9515
vt 0.0899 0.9694
vt 0.0859 0.9694
vt 0.0643 0.9694
vt 0.058 0.9694
vt 0.1137 0.9364
vt 0.1067 0.9364
vt 0.1726 0.9444
vt 0.1726 0.9479
vt 0.0428 0.9685
vt 0.0212 0.9685
vt 0.1561 0.9516
vt 0.0899 0.9533
vt 0.0472 0.9685
vt 0.0152 0.9685
vt 0.162 0.9793
vt 0.1561 0.9793
vt 0.1396 0.9661
vt 0.1067 0.9661
vt 0.0742 0.4022
vt 0.0609 0.4022
vt 0.0609 0.3963
vt 0.0742 0.3963
vt 0.0718 0.9679
vt 0.0745 0.9679
vt 0.0745 0.9694
vt 0.0718 0.9694
vt 0.0156 0.4022
vt 0.0156 0.3963
vt 0.0212 0.5592
vt 0.0152 0.5592
vt 0.0152 0.5548
vt 0.0212 0.5548
vt 0.0643 0.5594
vt 0.058 0.5594
vt 0.058 0.5519
vt 0.0643 0.5519
vt 0.162 0.5571
vt 0.1561 0.5571
vt 0.1561 0.5525
vt 0.162 0.5525
vt 0.1137 0.5572
vt 0.1067 0.5572
vt 0.1067 0.553
vt 0.1137 0.553
vt 0.0899 0.7343
vt 0.0859 0.7343
vt 0.0859 0.7294
vt 0.0899 0.7294
vt 0.0899 0.8175
vt 0.0859 0.8175
vt 0.0859 0.8127
vt 0.0899 0.8127
vt 0.0212 0.6976
vt 0.0152 0.6976
vt 0.0152 0.6941
vt 0.0212 0.6941
vt 0.0212 0.6305
vt 0.0152 0.6305
vt 0.0152 0.6271
vt 0.0212 0.6271
vt 0.0899 0.777
vt 0.0859 0.777
vt 0.0859 0.7723
vt 0.0899 0.7723
vt 0.0899 0.6911
vt 0.0859 0.6911
vt 0.0859 0.6864
vt 0.0899 0.6864
vt 0.0899 0.648
vt 0.0859 0.648
vt 0.0859 0.643
vt 0.0899 0.643
vt 0.0643 0.7387
vt 0.058 0.7387
vt 0.058 0.7343
vt 0.0643 0.7343
vt 0.0643 0.6525
vt 0.058 0.6525
vt 0.058 0.648
vt 0.0643 0.648
vt 0.162 0.7005
vt 0.1561 0.7005
vt 0.1561 0.697
vt 0.162 0.697
vt 0.162 0.6313
vt 0.1561 0.6313
vt 0.1561 0.6278
vt 0.162 0.6278
vt 0.0899 0.6038
vt 0.0859 0.6038
vt 0.0859 0.5986
vt 0.0899 0.5986
vt 0.0859 0.6134
vt 0.0899 0.6134
vt 0.0899 0.6956
vt 0.0859 0.6956
vt 0.1137 0.6954
vt 0.1067 0.6954
vt 0.1067 0.692
vt 0.1137 0.692
vt 0.1137 0.6285
vt 0.1067 0.6285
vt 0.1067 0.625
vt 0.1137 0.625
vt 0.0212 0.5967
vt 0.0152 0.5967
vt 0.0152 0.5934
vt 0.0212 0.5934
vt 0.0643 0.6084
vt 0.058 0.6084
vt 0.058 0.6038
vt 0.0643 0.6038
vt 0.162 0.5965
vt 0.1561 0.5965
vt 0.1561 0.593
vt 0.162 0.593
vt 0.1137 0.5945
vt 0.1067 0.5945
vt 0.1067 0.5909
vt 0.1137 0.5909
vt 0.0899 0.7814
vt 0.0859 0.7814
vt 0.1137 0.7287
vt 0.1067 0.7287
vt 0.1067 0.7253
vt 0.1137 0.7253
vt 0.1137 0.6619
vt 0.1067 0.6619
vt 0.1067 0.6584
vt 0.1137 0.6584
vt 0.0643 0.7814
vt 0.058 0.7814
vt 0.058 0.777
vt 0.0643 0.777
vt 0.0643 0.6956
vt 0.058 0.6956
vt 0.058 0.6911
vt 0.0643 0.6911
vt 0.162 0.666
vt 0.1561 0.666
vt 0.1561 0.6625
vt 0.162 0.6625
vt 0.0212 0.6642
vt 0.0152 0.6642
vt 0.0152 0.6607
vt 0.0212 0.6607
vt 0.162 0.7354
vt 0.1561 0.7354
vt 0.1561 0.7318
vt 0.162 0.7318
vt 0.0212 0.7311
vt 0.0152 0.7311
vt 0.0152 0.7277
vt 0.0212 0.7277
vt 0.0899 0.6084
vt 0.0859 0.6084
vt 0.0899 0.6525
vt 0.0859 0.6525
vt 0.0899 0.7387
vt 0.0859 0.7387
vt 0.1067 0.587
vt 0.1137 0.587
vt 0.0899 0.5594
vt 0.0859 0.5594
vt 0.0859 0.5519
vt 0.0899 0.5519
vt 0.0152 0.6234
vt 0.0212 0.6234
vt 0.0152 0.5892
vt 0.0212 0.5892
vt 0.058 0.5986
vt 0.0643 0.5986
vt 0.1067 0.6547
vt 0.1137 0.6547
vt 0.1561 0.6239
vt 0.162 0.6239
vt 0.162 0.766
vt 0.1561 0.766
vt 0.1561 0.7619
vt 0.162 0.7619
vt 0.1561 0.5887
vt 0.162 0.5887
vt 0.1067 0.6212
vt 0.1137 0.6212
vt 0.1067 0.6882
vt 0.1137 0.6882
vt 0.058 0.643
vt 0.0643 0.643
vt 0.0152 0.6569
vt 0.0212 0.6569
vt 0.058 0.6864
vt 0.0643 0.6864
vt 0.058 0.7723
vt 0.0643 0.7723
vt 0.1561 0.6586
vt 0.162 0.6586
vt 0.0643 0.8175
vt 0.058 0.8175
vt 0.058 0.8127
vt 0.0643 0.8127
vt 0.1067 0.7216
vt 0.1137 0.7216
vt 0.1561 0.6932
vt 0.162 0.6932
vt 0.058 0.7294
vt 0.0643 0.7294
vt 0.0152 0.6904
vt 0.0212 0.6904
vt 0.1396 0.692
vt 0.1354 0.692
vt 0.1354 0.6882
vt 0.1396 0.6882
vt 0.0152 0.7239
vt 0.0212 0.7239
vt 0.1561 0.7279
vt 0.162 0.7279
vt 0.0212 0.7579
vt 0.0152 0.7579
vt 0.0152 0.7542
vt 0.0212 0.7542
vt 0.1137 0.7556
vt 0.1067 0.7556
vt 0.1067 0.7519
vt 0.1137 0.7519
vt 0.1396 0.7253
vt 0.1354 0.7253
vt 0.1354 0.7216
vt 0.1396 0.7216
vt 0.0472 0.7311
vt 0.0428 0.7311
vt 0.0428 0.7277
vt 0.0472 0.7277
vt 0.0472 0.5967
vt 0.0428 0.5967
vt 0.0428 0.5934
vt 0.0472 0.5934
vt 0.0472 0.7579
vt 0.0428 0.7579
vt 0.0428 0.7542
vt 0.0472 0.7542
vt 0.188 0.5571
vt 0.1827 0.5571
vt 0.1827 0.5525
vt 0.188 0.5525
vt 0.1396 0.6619
vt 0.1354 0.6619
vt 0.1354 0.6584
vt 0.1396 0.6584
vt 0.1396 0.5572
vt 0.1354 0.5572
vt 0.1354 0.553
vt 0.1396 0.553
vt 0.0428 0.5892
vt 0.0472 0.5892
vt 0.1396 0.625
vt 0.1354 0.625
vt 0.1354 0.6212
vt 0.1396 0.6212
vt 0.0472 0.6976
vt 0.0428 0.6976
vt 0.0428 0.6941
vt 0.0472 0.6941
vt 0.1354 0.5983
vt 0.1396 0.5983
vt 0.188 0.7005
vt 0.1827 0.7005
vt 0.1827 0.697
vt 0.188 0.697
vt 0.1396 0.6285
vt 0.1354 0.6285
vt 0.1396 0.5909
vt 0.1354 0.5909
vt 0.1354 0.587
vt 0.1396 0.587
vt 0.1396 0.6954
vt 0.1354 0.6954
vt 0.188 0.6239
vt 0.1827 0.6239
vt 0.1827 0.6006
vt 0.188 0.6006
vt 0.1396 0.7287
vt 0.1354 0.7287
vt 0.0428 0.6904
vt 0.0472 0.6904
vt 0.1354 0.6547
vt 0.1396 0.6547
vt 0.1396 0.5945
vt 0.1354 0.5945
vt 0.0472 0.6642
vt 0.0428 0.6642
vt 0.0428 0.6607
vt 0.0472 0.6607
vt 0.1396 0.7556
vt 0.1354 0.7556
vt 0.1354 0.7519
vt 0.1396 0.7519
vt 0.0472 0.5592
vt 0.0428 0.5592
vt 0.0428 0.5548
vt 0.0472 0.5548
vt 0.0472 0.6305
vt 0.0428 0.6305
vt 0.0428 0.6271
vt 0.0472 0.6271
vt 0.188 0.766
vt 0.1827 0.766
vt 0.1827 0.7619
vt 0.188 0.7619
vt 0.0428 0.7239
vt 0.0472 0.7239
vt 0.188 0.7354
vt 0.1827 0.7354
vt 0.1827 0.7318
vt 0.188 0.7318
vt 0.0428 0.6569
vt 0.0472 0.6569
vt 0.188 0.6625
vt 0.1827 0.6625
vt 0.1827 0.6586
vt 0.188 0.6586
vt 0.188 0.6313
vt 0.1827 0.6313
vt 0.1827 0.6278
vt 0.188 0.6278
vt 0.188 0.5965
vt 0.1827 0.5965
vt 0.1827 0.593
vt 0.188 0.593
vt 0.0428 0.6234
vt 0.0472 0.6234
vt 0.188 0.666
vt 0.1827 0.666
vt 0.1827 0.5887
vt 0.188 0.5887
vt 0.1827 0.7279
vt 0.188 0.7279
vt 0.1827 0.6932
vt 0.188 0.6932
vt 0.0428 0.6006
vt 0.0472 0.6006
vt 0.1067 0.5983
vt 0.1137 0.5983
vt 0.0212 0.7347
vt 0.0428 0.7013
vt 0.0212 0.6678
vt 0.0428 0.6343
vt 0.0212 0.6006
vt 0.0859 0.7862
vt 0.0643 0.7434
vt 0.0859 0.7004
vt 0.0643 0.6572
vt 0.162 0.7393
vt 0.1827 0.7044
vt 0.162 0.6699
vt 0.1827 0.6352
vt 0.162 0.6006
vt 0.1354 0.7324
vt 0.1137 0.6991
vt 0.1354 0.6656
vt 0.1137 0.6321
vt 0.0212 0.6343
vt 0.0152 0.6343
vt 0.058 0.6572
vt 0.162 0.6352
vt 0.1561 0.6352
vt 0.1067 0.6321
vt 0.0899 0.6572
vt 0.0859 0.6572
vt 0.1396 0.6321
vt 0.1354 0.6321
vt 0.0472 0.6343
vt 0.188 0.6352
vt 0.1396 0.6656
vt 0.1561 0.6006
vt 0.0643 0.6134
vt 0.058 0.6134
vt 0.0152 0.6006
vt 0.1561 0.6699
vt 0.188 0.6699
vt 0.1827 0.6699
vt 0.1137 0.6656
vt 0.1067 0.6656
vt 0.0899 0.7004
vt 0.0152 0.6678
vt 0.0643 0.7004
vt 0.058 0.7004
vt 0.0472 0.6678
vt 0.0428 0.6678
vt 0.0212 0.7013
vt 0.0152 0.7013
vt 0.058 0.7434
vt 0.162 0.7044
vt 0.1561 0.7044
vt 0.1067 0.6991
vt 0.0899 0.7434
vt 0.0859 0.7434
vt 0.0472 0.7013
vt 0.188 0.7044
vt 0.1396 0.6991
vt 0.1354 0.6991
vt 0.188 0.7393
vt 0.1827 0.7393
vt 0.1396 0.7324
vt 0.0152 0.7347
vt 0.0472 0.7347
vt 0.0428 0.7347
vt 0.0643 0.7862
vt 0.058 0.7862
vt 0.0899 0.8382
vt 0.0859 0.8382
vt 0.1137 0.7324
vt 0.1067 0.7324
vt 0.1561 0.7393
vt 0.0899 0.7862
vt 0.0472 0.7647
vt 0.0428 0.7647
vt 0.162 0.7869
vt 0.1561 0.7869
vt 0.1137 0.7625
vt 0.1067 0.7625
vt 0.0739 0.373
vt 0.0606 0.373
vt 0.0606 0.3671
vt 0.0739 0.3671
vt 0.0299 0.5146
vt 0.0565 0.5146
vt 0.0565 0.5257
vt 0.0299 0.5257
vt 0.1516 0.5235
vt 0.1596 0.5235
vt 0.1596 0.5395
vt 0.1516 0.5395
vt 0.0152 0.7647
vt 0.0212 0.7647
vt 0.058 0.8382
vt 0.0643 0.8382
vt 0.1354 0.7625
vt 0.1396 0.7625
vt 0.0546 0.4776
vt 0.0525 0.4817
vt 0.0195 0.4817
vt 0.0216 0.4776
vt 0.0234 0.4857
vt 0.0565 0.4857
vt 0.0159 0.4544
vt 0.0159 0.4484
vt 0.0621 0.4484
vt 0.0621 0.4544
vt 0.0159 0.4424
vt 0.0621 0.4424
vt 0.0159 0.4364
vt 0.0621 0.4364
vt 0.0159 0.4603
vt 0.0621 0.4603
vt 0.0606 0.3548
vt 0.0606 0.3607
vt 0.0153 0.3607
vt 0.0153 0.3548
vt 0.0153 0.373
vt 0.0153 0.3671
vt 0.0609 0.3899
vt 0.0156 0.3899
vt 0.0619 0.407
vt 0.0619 0.413
vt 0.0158 0.413
vt 0.0158 0.407
vt 0.0606 0.3489
vt 0.0153 0.3489
vt 0.0619 0.4309
vt 0.0158 0.4309
vt 0.0508 0.5098
vt 0.0483 0.5123
vt 0.0292 0.5123
vt 0.0317 0.5098
vt 0.0506 0.5073
vt 0.0315 0.5073
vt 0.0238 0.49
vt 0.057 0.49
vt 0.0548 0.4941
vt 0.0216 0.4941
vt 0.0551 0.4733
vt 0.0221 0.4733
vt 0.0511 0.4693
vt 0.018 0.4693
vt 0.1827 0.9818
vt 0.1697 0.9818
vt 0.1697 0.9793
vt 0.1396 0.9695
vt 0.1354 0.9695
vt 0.188 0.9818
vt 0.0859 0.9698
vt 0.0745 0.9698
vt 0.0428 0.9718
vt 0.0212 0.9718
vt 0.1657 0.9793
vt 0.1657 0.9818
vt 0.162 0.9818
vt 0.0718 0.9698
vt 0.0643 0.9698
vt 0.0899 0.9698
vt 0.0152 0.9718
vt 0.1137 0.9695
vt 0.1067 0.9695
vt 0.0472 0.9718
vt 0.1561 0.9818
vt 0.058 0.9698
vt 0.1137 0.9734
vt 0.1067 0.9734
vt 0.0859 0.9736
vt 0.0745 0.9736
vt 0.1657 0.9845
vt 0.162 0.9845
vt 0.0643 0.9736
vt 0.058 0.9736
vt 0.0472 0.9754
vt 0.0428 0.9754
vt 0.1827 0.9845
vt 0.1697 0.9845
vt 0.1354 0.9734
vt 0.0899 0.9736
vt 0.1561 0.9845
vt 0.188 0.9845
vt 0.0718 0.9736
vt 0.0212 0.9754
vt 0.0152 0.9754
vt 0.1396 0.9734
vt 0.0228 0.5397
vt 0.0406 0.5397
vt 0.0406 0.5421
vt 0.0228 0.5421
vt 0.0859 0.9753
vt 0.0745 0.9753
vt 0.0899 0.9753
vt 0.1137 0.975
vt 0.1067 0.975
vt 0.0181 0.5421
vt 0.0111 0.5421
vt 0.0111 0.5397
vt 0.0181 0.5397
vt 0.0718 0.9753
vt 0.0453 0.5397
vt 0.0532 0.5397
vt 0.0532 0.5421
vt 0.0453 0.5421
vt 0.0643 0.9753
vt 0.058 0.9753
vt 0.1108 0.5362
vt 0.1198 0.5362
vt 0.1198 0.5388
vt 0.1108 0.5388
vt 0.0906 0.5388
vt 0.0827 0.5388
vt 0.0827 0.5362
vt 0.0906 0.5362
vt 0.1396 0.975
vt 0.1354 0.975
vt 0.2298 0.9762
vt 0.2087 0.9832
vt 0.2119 0.9716
vt 0.22 0.9694
vt 0.2922 0.9647
vt 0.2804 0.9647
vt 0.2804 0.8746
vt 0.2922 0.8746
vt 0.2331 0.8746
vt 0.2449 0.8746
vt 0.2449 0.9647
vt 0.2331 0.9647
vt 0.2686 0.8746
vt 0.2686 0.9647
vt 0.2568 0.8746
vt 0.2568 0.9647
vt 0.3808 0.9359
vt 0.3648 0.9359
vt 0.3648 0.875
vt 0.3808 0.875
vt 0.2206 0.9613
vt 0.2298 0.9539
vt 0.2073 0.9648
vt 0.1953 0.9654
vt 0.2127 0.9586
vt 0.2087 0.9474
vt 0.3321 0.9433
vt 0.3416 0.9433
vt 0.3416 0.9736
vt 0.3321 0.9736
vt 0.3006 0.875
vt 0.3167 0.875
vt 0.3167 0.9359
vt 0.3006 0.9359
vt 0.3487 0.875
vt 0.3487 0.9359
vt 0.3327 0.875
vt 0.3327 0.9359
vt 0.2143 0.9118
vt 0.2066 0.9173
vt 0.2013 0.9156
vt 0.2143 0.9062
vt 0.2095 0.9263
vt 0.2062 0.9309
vt 0.219 0.9263
vt 0.2223 0.9309
vt 0.2219 0.9173
vt 0.2272 0.9156
vt 0.206 0.8834
vt 0.2137 0.8779
vt 0.2213 0.8834
vt 0.2089 0.8924
vt 0.2184 0.8924
vt 0.3793 0.9736
vt 0.3699 0.9736
vt 0.3699 0.9433
vt 0.3793 0.9433
vt 0.351 0.9736
vt 0.351 0.9433
vt 0.3604 0.9736
vt 0.3604 0.9433
vt 0.3694 0.7598
vt 0.3652 0.7598
vt 0.3652 0.7433
vt 0.3693 0.7433
vt 0.3735 0.7598
vt 0.3735 0.7433
vt 0.3776 0.7433
vt 0.3776 0.7598
vt 0.357 0.7598
vt 0.3529 0.7598
vt 0.3529 0.7433
vt 0.357 0.7433
vt 0.3611 0.7598
vt 0.3611 0.7433
vt 0.3662 0.8337
vt 0.3639 0.8297
vt 0.3686 0.8297
vt 0.3686 0.8377
vt 0.3639 0.8377
vt 0.3616 0.8337
vt 0.3709 0.8337
vt 0.3694 0.8241
vt 0.3653 0.8241
vt 0.3653 0.8076
vt 0.3694 0.8076
vt 0.3653 0.7994
vt 0.3694 0.7994
vt 0.3652 0.768
vt 0.3694 0.768
vt 0.3735 0.8241
vt 0.3735 0.8076
vt 0.3777 0.8076
vt 0.3777 0.8241
vt 0.3735 0.7994
vt 0.3777 0.7994
vt 0.3735 0.768
vt 0.3776 0.768
vt 0.3571 0.8241
vt 0.353 0.8241
vt 0.353 0.8076
vt 0.3571 0.8076
vt 0.353 0.7994
vt 0.3571 0.7994
vt 0.3529 0.768
vt 0.357 0.768
vt 0.3612 0.8241
vt 0.3612 0.8076
vt 0.3612 0.7994
vt 0.3611 0.768
vt 0.3476 0.7615
vt 0.3476 0.7715
vt 0.2119 0.7715
vt 0.2119 0.7615
vt 0.2127 0.7976
vt 0.2127 0.7877
vt 0.3484 0.7877
vt 0.3484 0.7976
vt 0.3484 0.8176
vt 0.3484 0.8276
vt 0.2127 0.8276
vt 0.2127 0.8176
vt 0.3484 0.8076
vt 0.2127 0.8076
vt 0.3476 0.7815
vt 0.2119 0.7815
vt 0.2119 0.7515
vt 0.3476 0.7515
vt 0.2119 0.7415
vt 0.3476 0.7415
vt 0.8627 0.9395
vt 0.8894 0.9395
vt 0.8843 0.9494
vt 0.8688 0.9489
vt 0.7437 0.979
vt 0.7661 0.979
vt 0.7661 0.9865
vt 0.7437 0.9865
vt 0.6991 0.979
vt 0.7214 0.979
vt 0.7214 0.9865
vt 0.6991 0.9865
vt 0.7884 0.979
vt 0.7884 0.9865
vt 0.8331 0.9865
vt 0.8107 0.9865
vt 0.8107 0.979
vt 0.8331 0.979
vt 0.8993 0.9079
vt 0.8887 0.8894
vt 0.8919 0.8839
vt 0.9057 0.9079
vt 0.8674 0.8894
vt 0.8642 0.8839
vt 0.8568 0.9079
vt 0.8504 0.9079
vt 0.8674 0.9263
vt 0.8642 0.9318
vt 0.8887 0.9263
vt 0.8919 0.9318
vt 0.8794 0.9576
vt 0.8734 0.9573
vt 0.8627 0.9857
vt 0.8494 0.9626
vt 0.8606 0.9621
vt 0.8679 0.9758
vt 0.8834 0.9763
vt 0.8916 0.9631
vt 0.9028 0.9626
vt 0.8894 0.9857
vt 0.8821 0.963
vt 0.8787 0.9679
vt 0.8701 0.9622
vt 0.8727 0.9676
vt 0.1912 0.4419
vt 0.1994 0.4565
vt 0.1945 0.4574
vt 0.1881 0.4458
vt 0.2457 0.4937
vt 0.2657 0.4937
vt 0.2657 0.5095
vt 0.2457 0.5095
vt 0.1655 0.4937
vt 0.1855 0.4937
vt 0.1855 0.5095
vt 0.1655 0.5095
vt 0.2256 0.4937
vt 0.2256 0.5095
vt 0.1454 0.4937
vt 0.1454 0.5095
vt 0.2056 0.5095
vt 0.2056 0.4937
vt 0.1254 0.4937
vt 0.1254 0.5095
vt 0.1053 0.4937
vt 0.1053 0.5095
vt 0.0853 0.4937
vt 0.0853 0.5095
vt 0.1312 0.4429
vt 0.1163 0.4375
vt 0.1163 0.4313
vt 0.1352 0.4382
vt 0.1015 0.4429
vt 0.0975 0.4382
vt 0.0936 0.4566
vt 0.0875 0.4555
vt 0.0964 0.4722
vt 0.091 0.4753
vt 0.1084 0.4823
vt 0.1063 0.4882
vt 0.1242 0.4823
vt 0.1264 0.4882
vt 0.1363 0.4722
vt 0.1417 0.4753
vt 0.1391 0.4566
vt 0.1452 0.4555
vt 0.7923 0.8373
vt 0.7888 0.8177
vt 0.8075 0.8501
vt 0.8274 0.8501
vt 0.7988 0.8005
vt 0.8427 0.8373
vt 0.8175 0.7937
vt 0.8461 0.8177
vt 0.8362 0.8005
vt 0.1546 0.4729
vt 0.1518 0.4565
vt 0.1568 0.4573
vt 0.1589 0.4704
vt 0.1757 0.4362
vt 0.1758 0.4411
vt 0.1672 0.4838
vt 0.1689 0.479
vt 0.1634 0.4457
vt 0.1601 0.442
vt 0.1839 0.4838
vt 0.182 0.4791
vt 0.1964 0.4729
vt 0.1921 0.4705
vt 0.8247 0.7594
vt 0.8067 0.7594
vt 0.8067 0.7362
vt 0.8247 0.7362
vt 0.8661 0.7606
vt 0.8462 0.7606
vt 0.8462 0.7359
vt 0.8662 0.7465
vt 0.9093 0.6152
vt 0.8892 0.6152
vt 0.8892 0.5395
vt 0.9093 0.5395
vt 0.4968 0.6151
vt 0.4767 0.615
vt 0.4769 0.5392
vt 0.497 0.5392
vt 0.8691 0.6152
vt 0.8691 0.5395
vt 0.6179 0.6154
vt 0.5977 0.6153
vt 0.5979 0.5395
vt 0.618 0.5395
vt 0.517 0.6151
vt 0.5172 0.5393
vt 0.8087 0.6152
vt 0.7886 0.6152
vt 0.7886 0.5395
vt 0.8087 0.5395
vt 0.5372 0.6152
vt 0.5374 0.5393
vt 0.7 0.6118
vt 0.7 0.5389
vt 0.7102 0.5389
vt 0.7101 0.6118
vt 0.5573 0.6152
vt 0.5575 0.5394
vt 0.876 0.7104
vt 0.891 0.7013
vt 0.861 0.7013
vt 0.891 0.6278
vt 0.861 0.6278
vt 0.7197 0.6152
vt 0.7197 0.5395
vt 0.7483 0.5395
vt 0.7483 0.6152
vt 0.8194 0.704
vt 0.8367 0.7014
vt 0.8367 0.7116
vt 0.8194 0.7142
vt 0.8021 0.7014
vt 0.8021 0.7116
vt 0.6763 0.61
vt 0.6762 0.5392
vt 0.686 0.5392
vt 0.6861 0.61
vt 0.6667 0.6155
vt 0.6669 0.5396
vt 0.8047 0.6768
vt 0.8199 0.6855
vt 0.8199 0.6913
vt 0.7996 0.6798
vt 0.8352 0.6768
vt 0.8403 0.6798
vt 0.7618 0.7136
vt 0.7483 0.7136
vt 0.7483 0.6371
vt 0.7618 0.6371
vt 0.2575 0.4104
vt 0.2227 0.4104
vt 0.2227 0.4011
vt 0.2575 0.4011
vt 0.1185 0.4104
vt 0.0838 0.4104
vt 0.0838 0.4011
vt 0.1185 0.4011
vt 0.1533 0.4011
vt 0.188 0.4011
vt 0.188 0.4104
vt 0.1533 0.4104
vt 0.2922 0.4104
vt 0.2922 0.4011
vt 0.1447 0.3561
vt 0.1314 0.333
vt 0.1354 0.326
vt 0.1527 0.3561
vt 0.1046 0.333
vt 0.1006 0.326
vt 0.0913 0.3561
vt 0.0832 0.3561
vt 0.1046 0.3792
vt 0.1006 0.3862
vt 0.1314 0.3792
vt 0.1354 0.3862
vt 0.1981 0.3684
vt 0.2063 0.3548
vt 0.2208 0.3542
vt 0.2058 0.3807
vt 0.1929 0.3593
vt 0.1959 0.3548
vt 0.2053 0.3282
vt 0.1986 0.3409
vt 0.1601 0.354
vt 0.1753 0.3282
vt 0.1824 0.3405
vt 0.1745 0.3546
vt 0.1752 0.3805
vt 0.1825 0.3679
vt 0.1879 0.3497
vt 0.1934 0.35
vt 0.185 0.3543
vt 0.1875 0.3591
vt 0.0837 0.131
vt 0.0813 0.1063
vt 0.0994 0.1063
vt 0.097 0.131
vt 0.1972 0.2635
vt 0.185 0.2319
vt 0.2085 0.2319
vt 0.2148 0.2635
vt 0.1802 0.1989
vt 0.2044 0.1989
vt 0.1858 0.1653
vt 0.1919 0.1491
vt 0.2032 0.1528
vt 0.2004 0.1684
vt 0.049 0.0463
vt 0.076 0.0463
vt 0.076 0.0499
vt 0.049 0.0499
vt 0.027 0.0463
vt 0.027 0.0499
vt 0.1029 0.0463
vt 0.1029 0.0499
vt 0.059 0.1282
vt 0.0614 0.1035
vt 0.0661 0.0992
vt 0.0629 0.1324
vt 0.0434 0.1035
vt 0.0458 0.1282
vt 0.0419 0.1324
vt 0.0387 0.0992
vt 0.2258 0.0627
vt 0.1925 0.0627
vt 0.1925 0.0584
vt 0.2258 0.0584
vt 0.1299 0.0499
vt 0.1299 0.0463
vt 0.1492 0.0953
vt 0.1492 0.1081
vt 0.1098 0.1081
vt 0.1098 0.0953
vt 0.0458 0.1623
vt 0.0434 0.1376
vt 0.0614 0.1376
vt 0.059 0.1623
vt 0.2332 0.2635
vt 0.232 0.2319
vt 0.2561 0.2319
vt 0.2523 0.2635
vt 0.2296 0.1989
vt 0.2548 0.1989
vt 0.2146 0.1795
vt 0.2145 0.1693
vt 0.2286 0.1678
vt 0.2301 0.1782
vt 0.2144 0.1538
vt 0.2255 0.1524
vt 0.1991 0.1788
vt 0.1833 0.1762
vt 0.0594 0.2537
vt 0.0232 0.2537
vt 0.0232 0.2224
vt 0.0594 0.2224
vt 0.1371 0.2537
vt 0.096 0.2537
vt 0.096 0.2224
vt 0.1371 0.2224
vt 0.1978 0.0959
vt 0.1621 0.0959
vt 0.1574 0.0909
vt 0.2024 0.0909
vt 0.1621 0.1086
vt 0.1575 0.1136
vt 0.0593 0.0327
vt 0.0872 0.0327
vt 0.0873 0.0371
vt 0.0594 0.0371
vt 0.1214 0.0327
vt 0.1215 0.0371
vt 0.2591 0.0627
vt 0.2591 0.0584
vt 0.2925 0.0584
vt 0.2925 0.0627
vt 0.1591 0.0627
vt 0.1591 0.0584
vt 0.0979 0.095
vt 0.1003 0.0703
vt 0.105 0.066
vt 0.1017 0.0992
vt 0.0822 0.0703
vt 0.0846 0.095
vt 0.0807 0.0992
vt 0.0775 0.066
vt 0.1035 0.0147
vt 0.1434 0.0147
vt 0.1436 0.02
vt 0.1037 0.02
vt 0.0252 0.0371
vt 0.0251 0.0327
vt 0.1556 0.0327
vt 0.1557 0.0371
vt 0.1737 0.1612
vt 0.1609 0.1612
vt 0.1609 0.1527
vt 0.1737 0.1527
vt 0.1215 0.1612
vt 0.1215 0.1527
vt 0.1087 0.1376
vt 0.1215 0.1376
vt 0.1215 0.1462
vt 0.1087 0.1462
vt 0.1494 0.1129
vt 0.1494 0.1257
vt 0.11 0.1257
vt 0.11 0.1129
vt 0.0694 0.1462
vt 0.0694 0.1376
vt 0.1609 0.1376
vt 0.1737 0.1376
vt 0.1737 0.1462
vt 0.1609 0.1462
vt 0.0683 0.0712
vt 0.0387 0.0712
vt 0.0341 0.0668
vt 0.0729 0.0668
vt 0.0387 0.0888
vt 0.0341 0.0932
vt 0.2794 0.1989
vt 0.2804 0.2319
vt 0.0977 0.1744
vt 0.1263 0.1744
vt 0.0723 0.1744
vt 0.1296 0.3042
vt 0.0972 0.3042
vt 0.0684 0.3042
vt 0.2292 0.1941
vt 0.2028 0.1941
vt 0.1978 0.1086
vt 0.2025 0.1136
vt 0.0639 0.02
vt 0.0239 0.02
vt 0.0237 0.0147
vt 0.0636 0.0147
vt 0.1833 0.0147
vt 0.1835 0.02
vt 0.0399 0.3042
vt 0.2557 0.1941
vt 0.2817 0.1941
vt 0.0683 0.0888
vt 0.0729 0.0932
vt 0.0694 0.1527
vt 0.1087 0.1527
vt 0.1087 0.1612
vt 0.0694 0.1612
vt 0.2431 0.1641
vt 0.2461 0.175
vt 0.2364 0.1484
vt 0.1633 0.3042
vt 0.1801 0.2537
vt 0.1773 0.1941
vt 0.6466 0.2804
vt 0.6288 0.2907
vt 0.622 0.2721
vt 0.6339 0.2652
vt 0.5501 0.2452
vt 0.5501 0.2247
vt 0.5696 0.2281
vt 0.5696 0.2418
vt 0.5704 0.1895
vt 0.5882 0.1792
vt 0.595 0.1978
vt 0.5831 0.2047
vt 0.6288 0.1792
vt 0.6466 0.1895
vt 0.6339 0.2047
vt 0.622 0.1978
vt 0.6669 0.2247
vt 0.6669 0.2452
vt 0.6474 0.2418
vt 0.6474 0.2281
vt 0.6598 0.2646
vt 0.6427 0.2547
vt 0.5572 0.2053
vt 0.5743 0.2152
vt 0.6085 0.1757
vt 0.6085 0.1954
vt 0.6598 0.2053
vt 0.6427 0.2152
vt 0.6085 0.2942
vt 0.6085 0.2745
vt 0.5501 0.2247
vt 0.5696 0.2281
vt 0.4983 0.4989
vt 0.4859 0.4989
vt 0.4859 0.1141
vt 0.4983 0.1141
vt 0.399 0.4989
vt 0.3866 0.4989
vt 0.3866 0.1141
vt 0.399 0.1141
vt 0.4363 0.4989
vt 0.4238 0.4989
vt 0.4238 0.1141
vt 0.4363 0.1141
vt 0.4487 0.4989
vt 0.4487 0.1141
vt 0.6158 0.3075
vt 0.652 0.3011
vt 0.652 0.3518
vt 0.6332 0.3551
vt 0.652 0.5127
vt 0.6158 0.5063
vt 0.6332 0.4587
vt 0.652 0.462
vt 0.72 0.3259
vt 0.7436 0.354
vt 0.6997 0.3794
vt 0.6874 0.3647
vt 0.5478 0.3886
vt 0.5604 0.354
vt 0.6043 0.3794
vt 0.5977 0.3974
vt 0.7562 0.3886
vt 0.7063 0.3974
vt 0.584 0.3259
vt 0.6158 0.3075
vt 0.6332 0.3551
vt 0.6166 0.3647
vt 0.6882 0.5063
vt 0.6708 0.4587
vt 0.6882 0.3075
vt 0.6708 0.3551
vt 0.5478 0.4253
vt 0.5977 0.4165
vt 0.584 0.488
vt 0.6166 0.4491
vt 0.3907 0.0461
vt 0.3691 0.0461
vt 0.3691 0.0413
vt 0.3907 0.0413
vt 0.6921 0.0461
vt 0.6644 0.0461
vt 0.6644 0.0413
vt 0.6921 0.0413
vt 0.5553 0.0461
vt 0.5283 0.0461
vt 0.5283 0.0413
vt 0.5553 0.0413
vt 0.4186 0.0461
vt 0.4186 0.0413
vt 0.7747 0.0461
vt 0.7475 0.0461
vt 0.7475 0.0413
vt 0.7747 0.0413
vt 0.7189 0.0461
vt 0.7189 0.0413
vt 0.5831 0.0461
vt 0.5831 0.0413
vt 0.4456 0.0461
vt 0.4456 0.0413
vt 0.8025 0.0461
vt 0.8025 0.0413
vt 0.6098 0.0461
vt 0.6098 0.0413
vt 0.4736 0.0461
vt 0.4736 0.0413
vt 0.8278 0.0461
vt 0.8278 0.0413
vt 0.6375 0.0461
vt 0.6375 0.0413
vt 0.5007 0.0461
vt 0.5007 0.0413
vt 0.857 0.0461
vt 0.857 0.0413
vt 0.4186 0.0586
vt 0.3907 0.0586
vt 0.7475 0.0586
vt 0.7189 0.0586
vt 0.6098 0.0586
vt 0.5831 0.0586
vt 0.8278 0.0586
vt 0.8025 0.0586
vt 0.6375 0.0586
vt 0.6644 0.0586
vt 0.618 0.0258
vt 0.5766 0.0258
vt 0.5766 0.0166
vt 0.618 0.0166
vt 0.4111 0.0258
vt 0.3698 0.0258
vt 0.3698 0.0166
vt 0.4111 0.0166
vt 0.6595 0.0258
vt 0.6594 0.0166
vt 0.7008 0.0258
vt 0.7008 0.0165
vt 0.3284 0.0258
vt 0.3284 0.0166
vt 0.825 0.0257
vt 0.7836 0.0257
vt 0.7836 0.0165
vt 0.8249 0.0165
vt 0.9264 0.2253
vt 0.9264 0.1865
vt 0.9539 0.1817
vt 0.9539 0.2301
vt 0.7448 0.2914
vt 0.7784 0.3107
vt 0.7688 0.3369
vt 0.7269 0.3127
vt 0.9131 0.2617
vt 0.9373 0.2756
vt 0.7066 0.1865
vt 0.7066 0.2253
vt 0.6792 0.2301
vt 0.6792 0.1817
vt 0.8882 0.2914
vt 0.9062 0.3127
vt 0.8547 0.3107
vt 0.8642 0.3369
vt 0.9651 0.1685
vt 0.9651 0.1342
vt 0.9696 0.1342
vt 0.9696 0.1685
vt 0.9651 0.5468
vt 0.9652 0.5124
vt 0.9697 0.5124
vt 0.9696 0.5468
vt 0.9652 0.3746
vt 0.9652 0.3402
vt 0.9698 0.3402
vt 0.9698 0.3746
vt 0.9652 0.2028
vt 0.9697 0.2028
vt 0.9651 0.5813
vt 0.9696 0.5813
vt 0.9652 0.409
vt 0.9698 0.409
vt 0.9652 0.2372
vt 0.9697 0.2371
vt 0.9696 0.6157
vt 0.965 0.6158
vt 0.965 0.6502
vt 0.9695 0.6502
vt 0.9652 0.4435
vt 0.9697 0.4434
vt 0.9652 0.2715
vt 0.9697 0.2714
vt 0.9649 0.7192
vt 0.9649 0.6847
vt 0.9695 0.6847
vt 0.9694 0.7191
vt 0.9652 0.4779
vt 0.9697 0.4779
vt 0.9652 0.3058
vt 0.9697 0.3058
vt 0.9651 0.0999
vt 0.9696 0.0999
vt 0.8409 0.4706
vt 0.8538 0.4706
vt 0.8582 0.495
vt 0.8366 0.495
vt 0.8846 0.4339
vt 0.8824 0.4212
vt 0.9057 0.4127
vt 0.9094 0.4339
vt 0.7999 0.4738
vt 0.7891 0.4551
vt 0.8124 0.4466
vt 0.8189 0.4578
vt 0.8288 0.4661
vt 0.8164 0.4876
vt 0.8824 0.4466
vt 0.9057 0.4551
vt 0.8759 0.4578
vt 0.8949 0.4738
vt 0.866 0.4661
vt 0.8784 0.4876
vt 0.8759 0.41
vt 0.866 0.4017
vt 0.8784 0.3802
vt 0.8949 0.394
vt 0.8214 0.2117
vt 0.8093 0.1434
vt 0.8334 0.1434
vt 0.7867 0.2717
vt 0.7683 0.2562
vt 0.8865 0.2354
vt 0.8745 0.2562
vt 0.8561 0.2717
vt 0.7562 0.1879
vt 0.7683 0.1671
vt 0.8334 0.28
vt 0.8745 0.1671
vt 0.8865 0.1879
vt 0.8093 0.28
vt 0.8907 0.2117
vt 0.7562 0.2354
vt 0.5225 0.695
vt 0.507 0.695
vt 0.4993 0.6636
vt 0.5195 0.6636
vt 0.4993 0.6378
vt 0.5195 0.6378
vt 0.8094 0.7877
vt 0.7954 0.7877
vt 0.7885 0.7594
vt 0.822 0.7877
vt 0.8356 0.7877
vt 0.8433 0.7594
vt 0.7885 0.7362
vt 0.8433 0.7362
vt 0.8664 0.7917
vt 0.8528 0.7917
vt 0.8797 0.7917
vt 0.8862 0.7606
vt 0.8862 0.7359
vt 0.8489 0.6152
vt 0.8489 0.5395
vt 0.7684 0.6152
vt 0.7684 0.5395
vt 0.5775 0.6153
vt 0.5777 0.5394
vt 0.638 0.6154
vt 0.6382 0.5396
vt 0.8288 0.6152
vt 0.8288 0.5395
vt 0.8201 0.6291
vt 0.8432 0.6327
vt 0.8432 0.6616
vt 0.8201 0.6581
vt 0.797 0.6327
vt 0.797 0.6616
vt 0.7347 0.7136
vt 0.7211 0.7136
vt 0.7211 0.6371
vt 0.7347 0.6371
vt 0.6669 0.7136
vt 0.6533 0.7136
vt 0.6533 0.6371
vt 0.6669 0.6371
vt 0.5991 0.7136
vt 0.5855 0.7136
vt 0.5855 0.6371
vt 0.5991 0.6371
vt 0.6804 0.7136
vt 0.6804 0.6371
vt 0.6126 0.7136
vt 0.6126 0.6371
vt 0.7889 0.7136
vt 0.7754 0.7136
vt 0.7754 0.6371
vt 0.7889 0.6371
vt 0.694 0.7136
vt 0.694 0.6371
vt 0.6262 0.7136
vt 0.6262 0.6371
vt 0.5584 0.7136
vt 0.5448 0.7136
vt 0.5448 0.6371
vt 0.5584 0.6371
vt 0.7076 0.7136
vt 0.7076 0.6371
vt 0.6398 0.7136
vt 0.6398 0.6371
vt 0.5719 0.7136
vt 0.5719 0.6371
vt 0.214 0.2934
vt 0.2234 0.2934
vt 0.593 0.1201
vt 0.593 0.1268
vt 0.5748 0.13
vt 0.5748 0.1169
vt 0.2335 0.2934
vt 0.2438 0.2934
vt 0.2142 0.1336
vt 0.22 0.1328
vt 0.2083 0.1328
vt 0.2148 0.1864
vt 0.1984 0.1857
vt 0.2311 0.1851
vt 0.1821 0.1833
vt 0.2474 0.182
vt 0.1801 0.2224
vt 0.1561 0.1744
vt 0.0471 0.1744
vt 0.5995 0.1382
vt 0.6053 0.1415
vt 0.599 0.1589
vt 0.5877 0.1524
vt 0.5953 0.133
vt 0.5793 0.1423
vt 0.6119 0.1427
vt 0.6119 0.1612
vt 0.6243 0.1382
vt 0.6286 0.1331
vt 0.6446 0.1423
vt 0.6362 0.1524
vt 0.6185 0.1416
vt 0.6249 0.1589
vt 0.2704 0.2635
vt 0.2533 0.2934
vt 0.2254 0.1305
vt 0.6286 0.1138
vt 0.6244 0.1087
vt 0.6362 0.0945
vt 0.6446 0.1046
vt 0.6309 0.1201
vt 0.6491 0.1169
vt 0.6309 0.1268
vt 0.6491 0.13
vt 0.2028 0.1305
vt 0.6054 0.1053
vt 0.5996 0.1087
vt 0.5877 0.0945
vt 0.599 0.088
vt 0.612 0.1042
vt 0.6119 0.0857
vt 0.6186 0.1053
vt 0.6248 0.088
vt 0.5953 0.1138
vt 0.5793 0.1046
vt 0.5882 0.2907
vt 0.5704 0.2804
vt 0.5831 0.2652
vt 0.595 0.2721
vt 0.5572 0.2646
vt 0.5743 0.2547
vt 0.5107 0.4989
vt 0.5107 0.1141
vt 0.3742 0.4989
vt 0.3742 0.1141
vt 0.3494 0.4989
vt 0.337 0.4989
vt 0.337 0.1141
vt 0.3494 0.1141
vt 0.4611 0.4989
vt 0.4611 0.1141
vt 0.4114 0.4989
vt 0.4114 0.1141
vt 0.3618 0.4989
vt 0.3618 0.1141
vt 0.3246 0.4989
vt 0.3122 0.4989
vt 0.3122 0.1141
vt 0.3246 0.1141
vt 0.5231 0.4989
vt 0.5231 0.1141
vt 0.4735 0.4989
vt 0.4735 0.1141
vt 0.5355 0.4989
vt 0.5355 0.1141
vt 0.7562 0.4253
vt 0.7063 0.4165
vt 0.5604 0.4598
vt 0.6043 0.4345
vt 0.7436 0.4598
vt 0.72 0.488
vt 0.6874 0.4491
vt 0.6997 0.4345
vt 0.7747 0.0586
vt 0.6921 0.0586
vt 0.5553 0.0586
vt 0.4456 0.0586
vt 0.4736 0.0586
vt 0.5007 0.0586
vt 0.857 0.0586
vt 0.5283 0.0586
vt 0.3691 0.0586
vt 0.949 0.0256
vt 0.9076 0.0256
vt 0.9076 0.0164
vt 0.949 0.0164
vt 0.4525 0.0258
vt 0.4525 0.0166
vt 0.9903 0.0255
vt 0.9903 0.0163
vt 0.4939 0.0258
vt 0.4939 0.0166
vt 0.2871 0.0258
vt 0.2457 0.0258
vt 0.2457 0.0166
vt 0.2871 0.0166
vt 0.7422 0.0257
vt 0.7422 0.0165
vt 0.5352 0.0258
vt 0.5352 0.0166
vt 0.8663 0.0256
vt 0.8663 0.0164
vt 0.9131 0.1501
vt 0.9373 0.1362
vt 0.7784 0.101
vt 0.7448 0.1204
vt 0.7269 0.099
vt 0.7688 0.0748
vt 0.7199 0.2617
vt 0.6957 0.2756
vt 0.8165 0.3175
vt 0.8165 0.3454
vt 0.8165 0.0943
vt 0.8165 0.0664
vt 0.8547 0.101
vt 0.8642 0.0748
vt 0.8882 0.1204
vt 0.9062 0.099
vt 0.7199 0.1501
vt 0.6957 0.1362
vt 0.8288 0.4017
vt 0.8189 0.41
vt 0.7999 0.394
vt 0.8164 0.3802
vt 0.8409 0.3973
vt 0.8366 0.3728
vt 0.8538 0.3973
vt 0.8582 0.3728
vt 0.8102 0.4339
vt 0.7853 0.4339
vt 0.8124 0.4212
vt 0.7891 0.4127
vt 0.752 0.2117
vt 0.8561 0.1516
vt 0.7867 0.1516
vt 0.3138 0.7245
vt 0.3138 0.7319
vt 0.3032 0.7319
vt 0.3032 0.7245
vt 0.2607 0.7245
vt 0.2607 0.7319
vt 0.2501 0.7319
vt 0.2501 0.7245
vt 0.3986 0.7244
vt 0.3986 0.7318
vt 0.388 0.7318
vt 0.388 0.7244
vt 0.3456 0.7244
vt 0.3456 0.7318
vt 0.335 0.7319
vt 0.335 0.7244
vt 0.3244 0.7244
vt 0.3244 0.7319
vt 0.2713 0.7245
vt 0.2713 0.7319
vt 0.4093 0.7244
vt 0.4093 0.7318
vt 0.3562 0.7244
vt 0.3562 0.7318
vt 0.2819 0.7245
vt 0.2819 0.7319
vt 0.2289 0.7245
vt 0.2289 0.7319
vt 0.2183 0.7319
vt 0.2183 0.7245
vt 0.3668 0.7244
vt 0.3668 0.7318
vt 0.2925 0.7245
vt 0.2925 0.7319
vt 0.2395 0.7245
vt 0.2395 0.7319
vt 0.3774 0.7244
vt 0.3774 0.7318
vt 0.3306 0.72
vt 0.3181 0.72
vt 0.3181 0.7113
vt 0.3306 0.7113
vt 0.268 0.72
vt 0.2554 0.72
vt 0.2554 0.7113
vt 0.268 0.7113
vt 0.4309 0.72
vt 0.4184 0.72
vt 0.4184 0.7113
vt 0.4309 0.7113
vt 0.3682 0.72
vt 0.3557 0.72
vt 0.3557 0.7113
vt 0.3682 0.7113
vt 0.3432 0.72
vt 0.3432 0.7113
vt 0.2805 0.72
vt 0.2805 0.7113
vt 0.4435 0.72
vt 0.4435 0.7113
vt 0.3808 0.72
vt 0.3808 0.7113
vt 0.293 0.72
vt 0.293 0.7113
vt 0.2304 0.72
vt 0.2178 0.72
vt 0.2178 0.7113
vt 0.2304 0.7113
vt 0.3933 0.72
vt 0.3933 0.7113
vt 0.3056 0.72
vt 0.3056 0.7113
vt 0.2429 0.72
vt 0.2429 0.7113
vt 0.4059 0.72
vt 0.4059 0.7113
vt 0.3843 0.6562
vt 0.3843 0.6688
vt 0.3788 0.6678
vt 0.3788 0.6572
vt 0.3611 0.6285
vt 0.3719 0.6348
vt 0.3683 0.6391
vt 0.3592 0.6338
vt 0.3255 0.6348
vt 0.3363 0.6285
vt 0.3383 0.6338
vt 0.3291 0.6391
vt 0.3131 0.6688
vt 0.3131 0.6562
vt 0.3186 0.6572
vt 0.3186 0.6678
vt 0.3363 0.6965
vt 0.3255 0.6902
vt 0.3291 0.6859
vt 0.3383 0.6912
vt 0.3719 0.6902
vt 0.3611 0.6965
vt 0.3592 0.6912
vt 0.3683 0.6859
vt 0.2779 0.6916
vt 0.287 0.6863
vt 0.2906 0.6906
vt 0.2798 0.6969
vt 0.2478 0.6863
vt 0.257 0.6916
vt 0.2551 0.6969
vt 0.2442 0.6906
vt 0.2373 0.6576
vt 0.2373 0.6682
vt 0.2318 0.6692
vt 0.2318 0.6567
vt 0.257 0.6342
vt 0.2478 0.6395
vt 0.2442 0.6353
vt 0.2551 0.629
vt 0.287 0.6395
vt 0.2779 0.6342
vt 0.2798 0.629
vt 0.2906 0.6353
vt 0.2975 0.6683
vt 0.2975 0.6576
vt 0.303 0.6567
vt 0.303 0.6692
vt 0.38 0.6444
vt 0.3752 0.6472
vt 0.3487 0.6264
vt 0.3487 0.632
vt 0.3174 0.6444
vt 0.3223 0.6472
vt 0.3174 0.6806
vt 0.3223 0.6778
vt 0.3487 0.6986
vt 0.3487 0.693
vt 0.38 0.6806
vt 0.3751 0.6778
vt 0.2674 0.6935
vt 0.2674 0.6991
vt 0.241 0.6782
vt 0.2361 0.681
vt 0.241 0.6477
vt 0.2361 0.6449
vt 0.2674 0.6324
vt 0.2674 0.6268
vt 0.2939 0.6477
vt 0.2987 0.6449
vt 0.2939 0.6782
vt 0.2987 0.681
vt 0.2537 0.612
vt 0.2537 0.6154
vt 0.2424 0.6154
vt 0.2424 0.612
vt 0.4019 0.6121
vt 0.4019 0.6155
vt 0.3905 0.6154
vt 0.3905 0.6121
vt 0.3221 0.612
vt 0.3221 0.6154
vt 0.3107 0.6154
vt 0.3107 0.612
vt 0.2651 0.612
vt 0.2651 0.6154
vt 0.4133 0.6121
vt 0.4133 0.6155
vt 0.3563 0.612
vt 0.3563 0.6154
vt 0.3449 0.6154
vt 0.3449 0.612
vt 0.3335 0.612
vt 0.3335 0.6154
vt 0.2765 0.612
vt 0.2765 0.6154
vt 0.4247 0.6121
vt 0.4247 0.6155
vt 0.3677 0.612
vt 0.3677 0.6154
vt 0.2879 0.612
vt 0.2879 0.6154
vt 0.231 0.6121
vt 0.231 0.6154
vt 0.2196 0.6154
vt 0.2196 0.6121
vt 0.3791 0.612
vt 0.3791 0.6154
vt 0.2993 0.612
vt 0.2993 0.6154
vt 0.2573 0.6053
vt 0.2447 0.6053
vt 0.2447 0.6016
vt 0.2573 0.6016
vt 0.4202 0.6053
vt 0.4077 0.6053
vt 0.4077 0.6016
vt 0.4202 0.6016
vt 0.3325 0.6053
vt 0.32 0.6053
vt 0.32 0.6016
vt 0.3325 0.6016
vt 0.2698 0.6053
vt 0.2698 0.6016
vt 0.4328 0.6053
vt 0.4328 0.6016
vt 0.3701 0.6053
vt 0.3576 0.6053
vt 0.3576 0.6016
vt 0.3701 0.6016
vt 0.3451 0.6053
vt 0.3451 0.6016
vt 0.2824 0.6053
vt 0.2824 0.6016
vt 0.4453 0.6053
vt 0.4453 0.6015
vt 0.3827 0.6053
vt 0.3827 0.6016
vt 0.2949 0.6053
vt 0.2949 0.6016
vt 0.2322 0.6053
vt 0.2197 0.6053
vt 0.2197 0.6016
vt 0.2322 0.6016
vt 0.3952 0.6053
vt 0.3952 0.6016
vt 0.3075 0.6053
vt 0.3075 0.6016
vt 0.2441 0.5333
vt 0.2368 0.542
vt 0.234 0.5404
vt 0.242 0.5308
vt 0.2764 0.5276
vt 0.2652 0.5256
vt 0.2652 0.5223
vt 0.2776 0.5245
vt 0.3785 0.5573
vt 0.3763 0.5697
vt 0.3732 0.5685
vt 0.3752 0.5573
vt 0.3604 0.526
vt 0.37 0.5341
vt 0.3675 0.5362
vt 0.3588 0.5289
vt 0.3243 0.526
vt 0.3361 0.5218
vt 0.3367 0.525
vt 0.326 0.5289
vt 0.3063 0.5573
vt 0.3085 0.545
vt 0.3115 0.5461
vt 0.3096 0.5573
vt 0.3243 0.5886
vt 0.3147 0.5805
vt 0.3172 0.5784
vt 0.326 0.5857
vt 0.3604 0.5886
vt 0.3486 0.5929
vt 0.3481 0.5896
vt 0.3588 0.5857
vt 0.2975 0.5641
vt 0.2975 0.5527
vt 0.3008 0.5521
vt 0.3008 0.5647
vt 0.2764 0.5892
vt 0.2863 0.5835
vt 0.2884 0.5861
vt 0.2776 0.5923
vt 0.2441 0.5835
vt 0.254 0.5892
vt 0.2529 0.5923
vt 0.242 0.5861
vt 0.2329 0.5527
vt 0.2329 0.5641
vt 0.2297 0.5647
vt 0.2297 0.5521
vt 0.254 0.5276
vt 0.2529 0.5245
vt 0.2863 0.5333
vt 0.2884 0.5308
vt 0.3763 0.545
vt 0.3732 0.5461
vt 0.3486 0.5218
vt 0.3481 0.525
vt 0.3147 0.5341
vt 0.3172 0.5362
vt 0.3085 0.5697
vt 0.3115 0.5685
vt 0.3361 0.5929
vt 0.3367 0.5896
vt 0.3675 0.5784
vt 0.37 0.5805
vt 0.2936 0.5748
vt 0.2965 0.5765
vt 0.2652 0.5912
vt 0.2652 0.5945
vt 0.2368 0.5748
vt 0.234 0.5765
vt 0.2965 0.5404
vt 0.2936 0.542
vt 0.9127 0.8592
vt 0.9127 0.8521
vt 0.9189 0.8521
vt 0.9191 0.8592
vt 0.9131 0.8682
vt 0.9133 0.861
vt 0.9199 0.861
vt 0.9194 0.8682
vt 0.9066 0.8682
vt 0.9064 0.861
vt 0.9061 0.8592
vt 0.9062 0.8521
vt 0.9003 0.8682
vt 0.8998 0.861
vt 0.8998 0.8592
vt 0.8999 0.8521
vt 0.8947 0.8682
vt 0.8939 0.861
vt 0.8941 0.8592
vt 0.8943 0.8521
vt 0.8901 0.8682
vt 0.889 0.861
vt 0.8894 0.8592
vt 0.8898 0.8521
vt 0.8861 0.8592
vt 0.8866 0.8521
vt 0.8868 0.8682
vt 0.8856 0.861
vt 0.9296 0.8682
vt 0.9307 0.861
vt 0.9341 0.861
vt 0.9329 0.8682
vt 0.9294 0.8592
vt 0.9291 0.8521
vt 0.9323 0.8521
vt 0.9327 0.8592
vt 0.925 0.8682
vt 0.9258 0.861
vt 0.9248 0.8592
vt 0.9245 0.8521
vt 0.9622 0.8027
vt 0.9501 0.8171
vt 0.9501 0.7983
vt 0.8974 0.8161
vt 0.9039 0.8341
vt 0.8909 0.8341
vt 0.9687 0.8139
vt 0.914 0.8257
vt 0.9664 0.8266
vt 0.9162 0.8128
vt 0.9566 0.8348
vt 0.9097 0.8015
vt 0.9437 0.8348
vt 0.8974 0.797
vt 0.9338 0.8266
vt 0.8851 0.8015
vt 0.9316 0.8139
vt 0.8786 0.8128
vt 0.938 0.8027
vt 0.8808 0.8257
vt 0.9246 0.9397
vt 0.9234 0.9397
vt 0.9234 0.912
vt 0.9246 0.912
vt 0.9401 0.9397
vt 0.9389 0.9397
vt 0.9389 0.912
vt 0.9401 0.912
vt 0.9342 0.9397
vt 0.933 0.9397
vt 0.933 0.912
vt 0.9342 0.912
vt 0.9282 0.9397
vt 0.927 0.9397
vt 0.927 0.912
vt 0.9282 0.912
vt 0.9258 0.9397
vt 0.9258 0.912
vt 0.9413 0.9397
vt 0.9413 0.912
vt 0.9353 0.9397
vt 0.9353 0.912
vt 0.9294 0.9397
vt 0.9294 0.912
vt 0.921 0.9397
vt 0.9198 0.9397
vt 0.9198 0.912
vt 0.921 0.912
vt 0.9365 0.9397
vt 0.9365 0.912
vt 0.9306 0.9397
vt 0.9306 0.912
vt 0.9222 0.9397
vt 0.9222 0.912
vt 0.9377 0.9397
vt 0.9377 0.912
vt 0.9318 0.9397
vt 0.9318 0.912
vt 0.8136 0.9357
vt 0.8108 0.9356
vt 0.8088 0.9248
vt 0.8154 0.9248
vt 0.804 0.9432
vt 0.8044 0.9459
vt 0.7943 0.9499
vt 0.7931 0.9435
vt 0.8133 0.9513
vt 0.8159 0.9504
vt 0.8214 0.9598
vt 0.8153 0.962
vt 0.8162 0.9368
vt 0.8216 0.9271
vt 0.8046 0.9405
vt 0.7942 0.937
vt 0.8105 0.9512
vt 0.8088 0.962
vt 0.8183 0.9386
vt 0.8267 0.9315
vt 0.806 0.9382
vt 0.7975 0.9313
vt 0.8079 0.9501
vt 0.8026 0.9598
vt 0.8195 0.9464
vt 0.82 0.9437
vt 0.8308 0.9437
vt 0.8296 0.95
vt 0.8196 0.941
vt 0.8299 0.9373
vt 0.8082 0.9365
vt 0.8026 0.927
vt 0.8058 0.9483
vt 0.7976 0.9556
vt 0.8181 0.9487
vt 0.8264 0.9556
vt 0.9255 0.9044
vt 0.9246 0.9044
vt 0.9246 0.8751
vt 0.9255 0.8751
vt 0.9369 0.9044
vt 0.9361 0.9044
vt 0.9361 0.8751
vt 0.9369 0.8751
vt 0.9325 0.9044
vt 0.9317 0.9044
vt 0.9317 0.8751
vt 0.9325 0.8751
vt 0.9264 0.9044
vt 0.9264 0.8751
vt 0.9378 0.9044
vt 0.9378 0.8751
vt 0.9334 0.9044
vt 0.9334 0.8751
vt 0.929 0.9044
vt 0.9281 0.9044
vt 0.9281 0.8751
vt 0.929 0.8751
vt 0.9273 0.9044
vt 0.9273 0.8751
vt 0.9387 0.9044
vt 0.9387 0.8751
vt 0.9343 0.9044
vt 0.9343 0.8751
vt 0.9299 0.9044
vt 0.9299 0.8751
vt 0.9237 0.9044
vt 0.9229 0.9044
vt 0.9229 0.8751
vt 0.9237 0.8751
vt 0.9352 0.9044
vt 0.9352 0.8751
vt 0.9308 0.9044
vt 0.9308 0.8751
vt 0.8201 0.8791
vt 0.8179 0.8776
vt 0.8225 0.8647
vt 0.8289 0.8685
vt 0.8085 0.8807
vt 0.8075 0.8832
vt 0.7939 0.881
vt 0.7964 0.874
vt 0.8122 0.892
vt 0.8149 0.8925
vt 0.8151 0.9063
vt 0.8078 0.905
vt 0.8227 0.8864
vt 0.8227 0.8837
vt 0.8361 0.8813
vt 0.8361 0.8886
vt 0.8218 0.8812
vt 0.8337 0.8743
vt 0.8103 0.8787
vt 0.8013 0.8683
vt 0.8099 0.8905
vt 0.8013 0.9013
vt 0.8217 0.8889
vt 0.8336 0.8955
vt 0.8126 0.8774
vt 0.8078 0.8646
vt 0.8083 0.8884
vt 0.7964 0.8955
vt 0.8199 0.8909
vt 0.8289 0.9012
vt 0.8153 0.877
vt 0.8152 0.8633
vt 0.8074 0.8859
vt 0.7939 0.8885
vt 0.8176 0.8921
vt 0.8225 0.9049
vt 0.969 0.9862
vt 0.9674 0.9862
vt 0.9674 0.8619
vt 0.969 0.8619
vt 0.9659 0.9862
vt 0.9643 0.9862
vt 0.9643 0.8619
vt 0.9659 0.8619
vt 0.9864 0.9862
vt 0.9848 0.9862
vt 0.9848 0.8619
vt 0.9864 0.8619
vt 0.9785 0.9862
vt 0.9769 0.9862
vt 0.9769 0.8619
vt 0.9785 0.8619
vt 0.9706 0.9862
vt 0.9706 0.8619
vt 0.9595 0.9862
vt 0.958 0.9862
vt 0.958 0.8619
vt 0.9595 0.8619
vt 0.9801 0.9862
vt 0.9801 0.8619
vt 0.9722 0.9862
vt 0.9722 0.8619
vt 0.9611 0.9862
vt 0.9611 0.8619
vt 0.9816 0.9862
vt 0.9816 0.8619
vt 0.9737 0.9862
vt 0.9737 0.8619
vt 0.9627 0.9862
vt 0.9627 0.8619
vt 0.9832 0.9862
vt 0.9832 0.8619
vt 0.9753 0.9862
vt 0.9753 0.8619
vt 0.7301 0.9052
vt 0.765 0.9052
vt 0.765 0.9196
vt 0.7301 0.9196
vt 0.7795 0.9196
vt 0.7795 0.9545
vt 0.765 0.9545
vt 0.765 0.8703
vt 0.7301 0.8703
vt 0.7301 0.8558
vt 0.765 0.8558
vt 0.7157 0.9545
vt 0.7157 0.9196
vt 0.7301 0.9545
vt 0.7422 0.7613
vt 0.738 0.7613
vt 0.738 0.7443
vt 0.7423 0.7443
vt 0.7465 0.7613
vt 0.7465 0.7443
vt 0.7508 0.7443
vt 0.7508 0.7613
vt 0.755 0.7613
vt 0.755 0.7443
vt 0.7635 0.7613
vt 0.7593 0.7613
vt 0.7593 0.7443
vt 0.7635 0.7443
vt 0.7459 0.84
vt 0.7435 0.8359
vt 0.7483 0.8359
vt 0.7483 0.8441
vt 0.7435 0.8441
vt 0.7411 0.84
vt 0.7506 0.84
vt 0.7423 0.8277
vt 0.738 0.8277
vt 0.7381 0.8107
vt 0.7423 0.8107
vt 0.7381 0.8022
vt 0.7423 0.8022
vt 0.738 0.7698
vt 0.7422 0.7698
vt 0.7466 0.8277
vt 0.7466 0.8107
vt 0.7508 0.8107
vt 0.7508 0.8277
vt 0.7466 0.8022
vt 0.7508 0.8022
vt 0.7465 0.7698
vt 0.7508 0.7698
vt 0.7551 0.8277
vt 0.7551 0.8107
vt 0.7551 0.8022
vt 0.755 0.7698
vt 0.7636 0.8277
vt 0.7593 0.8277
vt 0.7593 0.8107
vt 0.7636 0.8107
vt 0.7593 0.8022
vt 0.7636 0.8022
vt 0.7593 0.7698
vt 0.7635 0.7698
vt 0.7309 0.814
vt 0.7309 0.8249
vt 0.5679 0.8249
vt 0.5679 0.814
vt 0.5685 0.8064
vt 0.5685 0.7955
vt 0.7314 0.7955
vt 0.7314 0.8064
vt 0.7314 0.8283
vt 0.7314 0.8392
vt 0.5685 0.8392
vt 0.5685 0.8282
vt 0.7314 0.8174
vt 0.5685 0.8173
vt 0.7309 0.8359
vt 0.5679 0.8359
vt 0.5679 0.8031
vt 0.7309 0.8031
vt 0.5679 0.7922
vt 0.7309 0.7922
vt 0.5685 0.7542
vt 0.5685 0.7433
vt 0.7314 0.7433
vt 0.7314 0.7542
vt 0.7314 0.776
vt 0.7314 0.787
vt 0.5685 0.787
vt 0.5685 0.776
vt 0.7314 0.7651
vt 0.5685 0.7651
vt 0.4162 0.7458
vt 0.4212 0.7458
vt 0.4212 0.8062
vt 0.4162 0.8062
vt 0.4261 0.8062
vt 0.4261 0.7458
vt 0.4361 0.8062
vt 0.4311 0.8062
vt 0.4311 0.7458
vt 0.4361 0.7458
vt 0.4112 0.8062
vt 0.4112 0.7458
vt 0.4411 0.8062
vt 0.4411 0.7458
vt 0.5065 0.7788
vt 0.5028 0.7788
vt 0.5026 0.751
vt 0.5062 0.7511
vt 0.5173 0.7788
vt 0.5137 0.7787
vt 0.5133 0.751
vt 0.5168 0.7512
vt 0.5245 0.7792
vt 0.5209 0.779
vt 0.5204 0.7513
vt 0.524 0.7514
vt 0.5101 0.7787
vt 0.5097 0.7509
vt 0.52 0.7889
vt 0.5168 0.7887
vt 0.5134 0.7951
vt 0.5101 0.795
vt 0.5104 0.7912
vt 0.5137 0.7914
vt 0.5068 0.789
vt 0.5031 0.789
vt 0.5136 0.7886
vt 0.5235 0.7893
vt 0.5104 0.7887
vt 0.5068 0.791
vt 0.5066 0.7948
vt 0.51 0.8216
vt 0.5066 0.822
vt 0.5201 0.7952
vt 0.5167 0.7953
vt 0.5167 0.7915
vt 0.5199 0.7914
vt 0.503 0.7946
vt 0.5031 0.7909
vt 0.5237 0.7951
vt 0.5235 0.7913
vt 0.5101 0.8251
vt 0.5066 0.8249
vt 0.5133 0.8212
vt 0.52 0.8218
vt 0.5167 0.8213
vt 0.503 0.8219
vt 0.5235 0.8223
vt 0.5234 0.828
vt 0.5199 0.8283
vt 0.5198 0.8253
vt 0.5233 0.8252
vt 0.5134 0.8254
vt 0.5165 0.8255
vt 0.503 0.8247
vt 0.5057 0.8546
vt 0.5024 0.8544
vt 0.5028 0.8275
vt 0.5064 0.8277
vt 0.5099 0.8281
vt 0.5132 0.8285
vt 0.5165 0.8286
vt 0.5052 0.8604
vt 0.502 0.8602
vt 0.5168 0.856
vt 0.513 0.856
vt 0.5241 0.8549
vt 0.5206 0.8554
vt 0.5093 0.8552
vt 0.5205 0.8652
vt 0.5168 0.864
vt 0.517 0.861
vt 0.5211 0.8609
vt 0.5126 0.8611
vt 0.5245 0.8608
vt 0.5085 0.8607
vt 0.5194 0.8918
vt 0.5163 0.8912
vt 0.5055 0.8657
vt 0.5021 0.8658
vt 0.5126 0.864
vt 0.5238 0.8661
vt 0.5088 0.8649
vt 0.519 0.897
vt 0.516 0.897
vt 0.5066 0.8921
vt 0.5029 0.8921
vt 0.5131 0.8911
vt 0.5228 0.8925
vt 0.51 0.8916
vt 0.5129 0.9021
vt 0.5098 0.9012
vt 0.5102 0.8967
vt 0.5132 0.8969
vt 0.5066 0.8965
vt 0.5028 0.8965
vt 0.5225 0.8969
vt 0.5064 0.9001
vt 0.5097 0.9061
vt 0.5063 0.9047
vt 0.5192 0.9015
vt 0.516 0.9023
vt 0.5026 0.8999
vt 0.5227 0.9005
vt 0.506 0.9226
vt 0.5097 0.9221
vt 0.51 0.9241
vt 0.5061 0.9245
vt 0.5128 0.9072
vt 0.519 0.9064
vt 0.5159 0.9073
vt 0.5024 0.9046
vt 0.5225 0.9052
vt 0.5098 0.9281
vt 0.5057 0.9276
vt 0.5126 0.9124
vt 0.5094 0.9119
vt 0.519 0.9122
vt 0.5158 0.9125
vt 0.5059 0.9114
vt 0.5021 0.9112
vt 0.5226 0.9119
vt 0.5222 0.9294
vt 0.5185 0.9313
vt 0.5179 0.9282
vt 0.5218 0.9276
vt 0.5126 0.9284
vt 0.5127 0.9239
vt 0.5151 0.9285
vt 0.5151 0.9241
vt 0.5177 0.9243
vt 0.5014 0.927
vt 0.5017 0.9243
vt 0.5215 0.9246
vt 0.5245 0.9417
vt 0.5203 0.9424
vt 0.5091 0.9312
vt 0.5054 0.9294
vt 0.5124 0.9322
vt 0.5153 0.9323
vt 0.5012 0.9287
vt 0.5074 0.9424
vt 0.5031 0.9418
vt 0.5117 0.943
vt 0.5161 0.9429
vt 0.4991 0.941
vt 0.5126 0.9218
vt 0.5181 0.9222
vt 0.5152 0.9219
vt 0.5018 0.9225
vt 0.5217 0.9229
vt 0.4754 0.7774
vt 0.4719 0.7772
vt 0.4717 0.7498
vt 0.4753 0.7499
vt 0.4648 0.7768
vt 0.4612 0.7767
vt 0.4611 0.7493
vt 0.4646 0.7494
vt 0.4683 0.777
vt 0.4682 0.7496
vt 0.454 0.7768
vt 0.4576 0.7767
vt 0.4576 0.7491
vt 0.4541 0.7493
vt 0.4675 0.7869
vt 0.4643 0.7866
vt 0.4609 0.793
vt 0.4575 0.7928
vt 0.4579 0.789
vt 0.4611 0.7892
vt 0.4747 0.7875
vt 0.471 0.7873
vt 0.4611 0.7865
vt 0.4544 0.7868
vt 0.4579 0.7866
vt 0.4544 0.7888
vt 0.4541 0.7925
vt 0.457 0.8192
vt 0.4535 0.8196
vt 0.4675 0.7931
vt 0.4641 0.7931
vt 0.4641 0.7894
vt 0.4674 0.7894
vt 0.4745 0.7932
vt 0.4709 0.793
vt 0.4709 0.7893
vt 0.4746 0.7895
vt 0.4571 0.8228
vt 0.4536 0.8224
vt 0.4604 0.8189
vt 0.4671 0.8195
vt 0.4637 0.819
vt 0.4741 0.8202
vt 0.4705 0.8201
vt 0.4704 0.8258
vt 0.4668 0.8261
vt 0.4668 0.8231
vt 0.4703 0.823
vt 0.4604 0.823
vt 0.4635 0.8232
vt 0.474 0.8231
vt 0.4744 0.8528
vt 0.4709 0.8528
vt 0.474 0.8258
vt 0.4569 0.8258
vt 0.4533 0.8253
vt 0.4602 0.8262
vt 0.4635 0.8263
vt 0.4742 0.8588
vt 0.4711 0.8586
vt 0.4636 0.8538
vt 0.4598 0.8537
vt 0.4674 0.8532
vt 0.456 0.8529
vt 0.4526 0.8523
vt 0.4672 0.8629
vt 0.4635 0.8617
vt 0.4637 0.8588
vt 0.4678 0.8587
vt 0.4593 0.8588
vt 0.4553 0.8584
vt 0.4519 0.8581
vt 0.466 0.8892
vt 0.4629 0.8886
vt 0.4737 0.8641
vt 0.4705 0.8638
vt 0.4594 0.8617
vt 0.4556 0.8626
vt 0.4523 0.8634
vt 0.4655 0.8943
vt 0.4625 0.8943
vt 0.4729 0.8901
vt 0.4694 0.8899
vt 0.4598 0.8885
vt 0.4567 0.8889
vt 0.4532 0.8893
vt 0.4595 0.8994
vt 0.4563 0.8985
vt 0.4568 0.894
vt 0.4597 0.8942
vt 0.4728 0.8943
vt 0.4691 0.8943
vt 0.4533 0.8937
vt 0.4529 0.8972
vt 0.4562 0.9034
vt 0.4528 0.902
vt 0.4657 0.8988
vt 0.4625 0.8995
vt 0.4729 0.8978
vt 0.4691 0.8978
vt 0.4526 0.9199
vt 0.4563 0.9194
vt 0.4565 0.9215
vt 0.4527 0.9217
vt 0.4593 0.9045
vt 0.4655 0.9037
vt 0.4624 0.9046
vt 0.4729 0.9024
vt 0.469 0.9024
vt 0.4562 0.9256
vt 0.4521 0.9248
vt 0.4592 0.9097
vt 0.4559 0.9093
vt 0.4656 0.9095
vt 0.4623 0.9098
vt 0.473 0.9091
vt 0.4691 0.9091
vt 0.469 0.9274
vt 0.4651 0.9292
vt 0.4645 0.926
vt 0.4687 0.9255
vt 0.4591 0.926
vt 0.4593 0.9214
vt 0.4616 0.9262
vt 0.4617 0.9216
vt 0.4645 0.9219
vt 0.4731 0.925
vt 0.4684 0.9224
vt 0.4728 0.9221
vt 0.4711 0.9401
vt 0.4667 0.9407
vt 0.4554 0.9288
vt 0.4516 0.9266
vt 0.4587 0.93
vt 0.4618 0.9301
vt 0.4733 0.9267
vt 0.4531 0.9406
vt 0.4486 0.9397
vt 0.4578 0.9411
vt 0.4623 0.9411
vt 0.4754 0.9393
vt 0.4523 0.9087
vt 0.4592 0.9192
vt 0.4648 0.9198
vt 0.4619 0.9194
vt 0.4727 0.9205
vt 0.4686 0.9205
f 2/1 1/2 5/3 6/4
f 6/5 7/6 3/7 2/8
f 7/9 8/10 4/11 3/12
f 1/13 4/14 8/15 5/16
f 4/14 1/13 9/17 12/18
f 8/15 7/6 6/5 5/16
f 12/19 11/20 3/12 4/11
f 11/21 10/22 2/8 3/7
f 1/2 2/1 10/23 9/24
f 323/25 240/26 15/27 17/28
f 16/29 13/30 116/31 237/32
f 37/33 90/34 96/35 98/36
f 274/37 273/38 35/39 73/40
f 235/41 229/42 37/43 173/44
f 187/45 181/46 38/47 171/48
f 62/49 45/50 43/51 103/52
f 89/53 49/54 31/55 76/56
f 38/57 85/58 32/59 61/60
f 231/61 230/62 47/63 142/64
f 183/65 182/66 48/67 143/68
f 234/69 228/70 52/71 117/72
f 186/73 180/74 53/75 170/76
f 54/77 69/78 67/79 92/80
f 61/60 32/59 247/81 306/82
f 203/83 192/84 49/54 89/53
f 226/85 225/86 40/87 83/88
f 178/89 177/90 39/91 82/92
f 214/93 211/94 54/95 140/96
f 209/97 217/98 55/99 144/100
f 215/101 218/102 56/103 168/104
f 220/105 212/106 57/107 68/108
f 298/109 300/110 45/50 62/49
f 299/111 267/112 63/113 44/114
f 191/115 204/116 88/117 50/118
f 638/119 637/120 260/121 297/122
f 202/123 189/124 87/125 152/126
f 200/127 190/128 86/129 138/130
f 198/131 203/132 89/133 172/134
f 259/135 268/136 65/137 139/138
f 258/139 298/140 62/141 147/142
f 211/143 219/144 69/78 54/77
f 181/145 179/146 85/58 38/57
f 229/147 227/148 90/34 37/33
f 68/108 57/107 95/149 66/150
f 171/48 38/47 61/151 174/152
f 140/96 54/95 92/153 141/154
f 144/100 55/99 93/155 145/156
f 50/118 88/117 74/157 30/158
f 170/76 53/75 59/159 150/160
f 237/161 276/162 71/163 114/164
f 168/104 56/103 94/165 125/166
f 82/92 39/91 58/167 33/168
f 83/88 40/87 101/169 97/170
f 143/68 48/67 60/171 163/172
f 172/134 89/133 76/173 106/174
f 152/126 87/125 77/175 164/176
f 153/177 64/178 102/179 154/180
f 138/130 86/129 75/181 151/182
f 255/183 275/184 72/185 155/186
f 44/114 63/113 105/187 42/188
f 117/72 52/71 100/189 124/190
f 142/64 47/63 99/191 132/192
f 173/44 37/43 98/193 157/194
f 52/195 130/196 78/197 100/198
f 147/142 62/141 103/199 146/200
f 139/138 65/137 104/201 136/202
f 239/203 274/204 73/205 158/206
f 254/207 253/208 70/209 34/210
f 65/211 81/212 80/213 104/214
f 267/215 266/216 148/217 63/218
f 212/219 216/220 169/221 57/222
f 253/223 238/224 137/225 70/226
f 223/227 196/228 121/229 29/230
f 190/231 201/232 112/233 86/234
f 57/222 169/221 167/235 95/236
f 53/237 166/238 160/239 59/240
f 225/241 233/242 119/243 40/244
f 59/240 160/239 308/245 245/246
f 230/247 236/248 135/249 47/250
f 180/251 184/252 166/238 53/237
f 56/253 165/254 113/255 94/256
f 228/257 232/258 130/196 52/195
f 60/259 108/260 264/261 248/262
f 268/263 265/264 81/212 65/211
f 40/244 119/243 123/265 101/266
f 86/234 112/233 79/267 75/268
f 218/269 210/270 165/254 56/253
f 204/271 199/272 126/273 88/274
f 276/275 256/276 161/277 71/278
f 177/279 185/280 127/281 39/282
f 275/283 240/284 111/285 72/286
f 63/218 148/217 149/287 105/288
f 635/289 633/290 64/291 153/292
f 88/274 126/273 122/293 74/294
f 87/295 129/296 109/297 77/298
f 182/299 188/300 134/301 48/302
f 217/303 213/304 107/305 55/306
f 39/282 127/281 115/307 58/308
f 189/309 197/310 129/296 87/295
f 55/306 107/305 156/311 93/312
f 64/313 128/314 110/315 102/316
f 48/302 134/301 108/260 60/259
f 47/250 135/249 159/317 99/318
f 58/308 115/307 262/319 307/320
f 33/168 58/167 307/321 246/322
f 210/270 220/105 68/108 165/254
f 216/220 214/93 140/96 169/221
f 219/144 209/97 144/100 69/78
f 185/280 187/45 171/48 127/281
f 179/146 183/65 143/68 85/58
f 192/84 202/123 152/126 49/54
f 227/148 231/61 142/64 90/34
f 300/110 260/323 153/324 45/50
f 199/272 198/131 172/134 126/273
f 233/242 235/41 173/44 119/243
f 266/216 258/139 147/142 148/217
f 265/264 299/111 44/114 81/212
f 232/258 226/85 83/88 130/196
f 201/232 191/115 50/118 112/233
f 184/252 178/89 82/92 166/238
f 238/224 317/325 258/139 137/225
f 304/326 147/142 146/200 233/242
f 119/243 312/327 198/131 123/265
f 249/328 172/134 106/174 185/280
f 127/281 261/329 214/93 115/307
f 278/330 255/183 155/186 300/110
f 45/50 291/331 231/61 43/51
f 296/332 142/64 132/192 192/84
f 49/54 271/333 183/65 31/55
f 247/81 143/68 163/172 219/144
f 240/284 319/334 259/135 111/285
f 301/335 139/138 136/202 236/248
f 135/249 309/336 200/127 159/317
f 252/337 138/130 151/182 188/300
f 134/301 263/338 215/101 108/260
f 196/228 168/104 125/166 121/229
f 313/339 254/207 34/210 265/264
f 81/212 242/340 226/85 80/213
f 285/341 83/88 97/170 201/232
f 112/233 282/342 178/89 79/267
f 308/245 82/92 33/168 210/270
f 251/343 269/344 181/46 187/45
f 271/333 270/345 182/66 183/65
f 250/346 284/347 180/74 186/73
f 282/342 281/348 177/90 178/89
f 269/349 283/350 179/146 181/145
f 284/351 272/352 184/252 180/251
f 281/353 249/328 185/280 177/279
f 270/354 252/337 188/300 182/299
f 134/301 188/300 186/73 170/76
f 248/262 264/261 213/304 217/303
f 245/246 308/245 210/270 218/269
f 294/355 285/341 201/232 190/231
f 306/82 247/81 219/144 211/143
f 94/256 113/255 194/356 222/357
f 92/80 67/79 206/358 224/359
f 66/150 95/149 221/360 205/361
f 107/305 213/304 215/101 168/104
f 246/322 307/321 212/106 220/105
f 95/236 167/235 193/362 221/363
f 307/320 262/319 216/220 212/219
f 150/160 59/159 245/364 263/338
f 305/365 248/366 217/98 209/97
f 145/156 93/155 223/367 207/368
f 129/296 197/310 200/127 138/130
f 263/338 245/364 218/102 215/101
f 261/329 306/369 211/94 214/93
f 93/312 156/311 196/228 223/227
f 309/336 294/370 190/128 200/127
f 125/166 94/165 222/371 208/372
f 174/152 61/151 306/369 261/329
f 293/373 310/374 197/310 189/309
f 163/172 60/171 248/366 305/365
f 141/154 92/153 224/375 195/376
f 295/377 288/378 204/116 191/115
f 287/379 296/332 192/84 203/83
f 312/327 287/380 203/132 198/131
f 286/381 293/382 189/124 202/123
f 288/383 311/384 199/272 204/271
f 302/385 289/386 229/42 235/41
f 291/331 290/387 230/62 231/61
f 303/388 244/389 228/70 234/69
f 242/340 241/390 225/86 226/85
f 289/391 243/392 227/148 229/147
f 241/393 304/326 233/242 225/241
f 290/394 301/335 236/248 230/247
f 244/395 292/396 232/258 228/257
f 135/249 236/248 234/69 117/72
f 280/397 320/398 257/399 297/400
f 131/401 84/402 254/207 256/276
f 315/403 313/339 265/264 268/263
f 46/404 120/405 240/284 275/283
f 317/325 277/406 298/140 258/139
f 314/407 316/408 266/216 267/215
f 318/409 280/410 297/411 260/412
f 36/413 91/414 273/38 274/37
f 162/415 46/416 275/184 255/183
f 279/417 314/418 267/112 299/111
f 124/190 100/189 294/370 309/336
f 128/419 257/420 259/135 139/138
f 99/318 159/317 310/374 293/373
f 118/421 175/422 239/203 238/224
f 319/334 315/423 268/136 259/135
f 277/424 278/330 300/110 298/109
f 41/425 118/421 238/224 253/223
f 106/174 76/173 269/344 251/343
f 75/268 79/267 272/352 284/351
f 175/422 36/426 274/204 239/203
f 74/294 122/293 249/328 281/353
f 76/56 31/55 283/350 269/349
f 116/427 51/428 276/162 237/161
f 51/429 131/401 256/276 276/275
f 30/158 74/157 281/348 282/342
f 98/36 96/35 296/332 287/379
f 84/402 41/430 253/208 254/207
f 97/170 101/169 288/378 295/377
f 155/186 72/185 280/410 318/409
f 151/182 75/181 284/347 250/346
f 77/298 109/297 252/337 270/354
f 146/200 103/199 289/386 302/385
f 164/176 77/175 270/345 271/333
f 114/164 71/163 315/423 319/334
f 101/266 123/265 311/384 288/383
f 154/180 102/179 290/387 291/331
f 100/198 78/197 285/341 294/355
f 157/194 98/193 287/380 312/327
f 73/40 35/39 278/330 277/424
f 132/192 99/191 293/382 286/381
f 104/214 80/213 292/396 244/395
f 42/188 105/187 241/390 242/340
f 158/206 73/205 277/406 317/325
f 136/202 104/201 244/389 303/388
f 105/288 149/287 304/326 241/393
f 102/316 110/315 301/335 290/394
f 103/52 43/51 243/392 289/391
f 34/210 70/209 314/418 279/417
f 72/286 111/285 320/398 280/397
f 71/278 161/277 313/339 315/403
f 70/226 137/225 316/408 314/407
f 321/431 323/432 324/433 322/434
f 325/435 327/436 328/437 326/438
f 324/433 323/432 17/439 18/440
f 499/441 528/442 330/443 480/444
f 511/445 527/446 331/447 466/448
f 512/449 526/450 332/451 445/452
f 509/453 525/454 329/455 394/456
f 340/457 392/458 400/459 402/460
f 578/461 577/462 338/463 375/464
f 539/465 533/466 340/467 478/468
f 491/469 485/470 341/471 476/472
f 364/473 348/474 346/475 407/476
f 391/477 351/478 334/479 378/480
f 341/481 387/482 335/483 363/484
f 535/485 534/486 349/487 446/488
f 487/489 486/490 350/491 447/492
f 538/493 532/494 354/495 421/496
f 490/497 484/498 355/499 475/500
f 356/501 371/502 369/503 396/504
f 363/484 335/483 551/505 610/506
f 507/507 496/508 351/478 391/477
f 530/509 529/510 343/511 385/512
f 482/513 481/514 342/515 384/516
f 518/517 515/518 356/519 442/520
f 513/521 521/522 357/523 448/524
f 519/525 522/526 358/527 473/528
f 524/529 516/530 359/531 370/532
f 602/533 604/534 348/474 364/473
f 603/535 571/536 365/537 347/538
f 495/539 508/540 390/541 352/542
f 564/543 601/544 366/545 457/546
f 506/547 493/548 389/549 456/550
f 504/551 494/552 388/553 440/554
f 502/555 507/556 391/557 477/558
f 563/559 572/560 367/561 441/562
f 562/563 602/564 364/565 451/566
f 515/567 523/568 371/502 356/501
f 485/569 483/570 387/482 341/481
f 533/571 531/572 392/458 340/457
f 370/532 359/531 399/573 368/574
f 528/575 510/576 395/577 330/578
f 476/472 341/471 363/579 479/580
f 442/520 356/519 396/581 443/582
f 448/524 357/523 397/583 449/584
f 352/542 390/541 376/585 333/586
f 475/500 355/499 361/587 454/588
f 541/589 580/590 373/591 418/592
f 473/528 358/527 398/593 428/594
f 384/516 342/515 360/595 336/596
f 385/512 343/511 405/597 401/598
f 447/492 350/491 362/599 468/600
f 477/558 391/557 378/601 410/602
f 456/550 389/549 379/603 469/604
f 457/546 366/545 406/605 458/606
f 440/554 388/553 377/607 455/608
f 559/609 579/610 374/611 459/612
f 347/538 365/537 409/613 345/614
f 421/496 354/495 404/615 427/616
f 446/488 349/487 403/617 434/618
f 478/468 340/467 402/619 461/620
f 354/621 433/622 380/623 404/624
f 451/566 364/565 407/625 450/626
f 441/562 367/561 408/627 438/628
f 543/629 578/630 375/631 462/632
f 558/633 557/634 372/635 337/636
f 367/637 383/638 382/639 408/640
f 571/641 570/642 452/643 365/644
f 516/645 520/646 474/647 359/648
f 557/649 542/650 439/651 372/652
f 527/653 500/654 424/655 331/656
f 494/657 505/658 416/659 388/660
f 526/661 498/662 435/663 332/664
f 359/648 474/647 472/665 399/666
f 355/667 471/668 464/669 361/670
f 529/671 537/672 423/673 343/674
f 361/670 464/669 612/675 549/676
f 534/677 540/678 437/679 349/680
f 484/681 488/682 471/668 355/667
f 358/683 470/684 417/685 398/686
f 532/687 536/688 433/622 354/621
f 362/689 412/690 568/691 552/692
f 572/693 569/694 383/638 367/637
f 343/674 423/673 426/695 405/696
f 388/660 416/659 381/697 377/698
f 522/699 514/700 470/684 358/683
f 508/701 503/702 429/703 390/704
f 580/705 560/706 465/707 373/708
f 525/709 497/710 444/711 329/712
f 481/713 489/714 430/715 342/716
f 579/717 544/718 415/719 374/720
f 365/644 452/643 453/721 409/722
f 601/723 561/724 431/725 366/726
f 390/704 429/703 425/727 376/728
f 389/729 432/730 413/731 379/732
f 486/733 492/734 436/735 350/736
f 521/737 517/738 411/739 357/740
f 342/716 430/715 419/741 360/742
f 493/743 501/744 432/730 389/729
f 357/740 411/739 460/745 397/746
f 366/726 431/725 414/747 406/748
f 350/736 436/735 412/690 362/689
f 349/680 437/679 463/749 403/750
f 360/742 419/741 566/751 611/752
f 336/596 360/595 611/753 550/754
f 514/700 524/529 370/532 470/684
f 520/646 518/517 442/520 474/647
f 523/568 513/521 448/524 371/502
f 489/714 491/469 476/472 430/715
f 483/570 487/489 447/492 387/482
f 496/508 506/547 456/550 351/478
f 531/572 535/485 446/488 392/458
f 604/534 564/543 457/546 348/474
f 503/702 502/555 477/558 429/703
f 537/672 539/465 478/468 423/673
f 570/642 562/563 451/566 452/643
f 569/694 603/535 347/538 383/638
f 536/688 530/509 385/512 433/622
f 505/658 495/539 352/542 416/659
f 488/682 482/513 384/516 471/668
f 542/650 621/755 562/563 439/651
f 608/756 451/566 450/626 537/672
f 423/673 616/757 502/555 426/695
f 553/758 477/558 410/602 489/714
f 430/715 565/759 518/517 419/741
f 497/710 442/520 443/582 444/711
f 582/760 559/609 459/612 604/534
f 348/474 595/761 535/485 346/475
f 600/762 446/488 434/618 496/508
f 351/478 575/763 487/489 334/479
f 551/505 447/492 468/600 523/568
f 371/502 511/445 466/448 369/503
f 544/718 623/764 563/559 415/719
f 605/765 441/562 438/628 540/678
f 437/679 613/766 504/551 463/749
f 556/767 440/554 455/608 492/734
f 436/735 567/768 519/525 412/690
f 500/654 473/528 428/594 424/655
f 617/769 558/633 337/636 569/694
f 383/638 546/770 530/509 382/639
f 589/771 385/512 401/598 505/658
f 416/659 586/772 482/513 381/697
f 612/675 384/516 336/596 514/700
f 470/684 509/453 394/456 417/685
f 555/773 573/774 485/470 491/469
f 575/763 574/775 486/490 487/489
f 554/776 588/777 484/498 490/497
f 586/772 585/778 481/514 482/513
f 573/779 587/780 483/570 485/569
f 588/781 576/782 488/682 484/681
f 585/783 553/758 489/714 481/713
f 574/784 556/767 492/734 486/733
f 436/735 492/734 490/497 475/500
f 552/692 568/691 517/738 521/737
f 549/676 612/675 514/700 522/699
f 598/785 589/771 505/658 494/657
f 610/506 551/505 523/568 515/567
f 398/686 417/685 498/662 526/661
f 396/504 369/503 510/576 528/575
f 368/574 399/573 525/454 509/453
f 411/739 517/738 519/525 473/528
f 550/754 611/753 516/530 524/529
f 399/666 472/665 497/710 525/709
f 611/752 566/751 520/646 516/645
f 454/588 361/587 549/786 567/768
f 609/787 552/788 521/522 513/521
f 449/584 397/583 527/446 511/445
f 432/730 501/744 504/551 440/554
f 567/768 549/786 522/526 519/525
f 565/759 610/789 515/518 518/517
f 397/746 460/745 500/654 527/653
f 613/766 598/790 494/552 504/551
f 428/594 398/593 526/450 512/449
f 479/580 363/579 610/789 565/759
f 597/791 614/792 501/744 493/743
f 468/600 362/599 552/788 609/787
f 443/582 396/581 528/442 499/441
f 599/793 592/794 508/540 495/539
f 591/795 600/762 496/508 507/507
f 616/757 591/796 507/556 502/555
f 590/797 597/798 493/548 506/547
f 592/799 615/800 503/702 508/701
f 606/801 593/802 533/466 539/465
f 595/761 594/803 534/486 535/485
f 607/804 548/805 532/494 538/493
f 546/770 545/806 529/510 530/509
f 593/807 547/808 531/572 533/571
f 545/809 608/756 537/672 529/671
f 594/810 605/765 540/678 534/677
f 548/811 596/812 536/688 532/687
f 437/679 540/678 538/493 421/496
f 584/813 624/814 561/724 601/723
f 619/815 617/769 569/694 572/693
f 621/755 581/816 602/564 562/563
f 618/817 620/818 570/642 571/641
f 622/819 584/820 601/544 564/543
f 339/821 393/822 577/462 578/461
f 583/823 618/824 571/536 603/535
f 427/616 404/615 598/790 613/766
f 431/725 561/724 563/559 441/562
f 403/750 463/749 614/792 597/791
f 623/764 619/825 572/560 563/559
f 581/826 582/760 604/534 602/533
f 344/827 422/828 542/650 557/649
f 410/602 378/601 573/774 555/773
f 377/698 381/697 576/782 588/781
f 376/728 425/727 553/758 585/783
f 378/480 334/479 587/780 573/779
f 420/829 353/830 580/590 541/589
f 333/586 376/585 585/778 586/772
f 402/460 400/459 600/762 591/795
f 386/831 344/832 557/634 558/633
f 401/598 405/597 592/794 599/793
f 459/612 374/611 584/820 622/819
f 455/608 377/607 588/777 554/776
f 379/732 413/731 556/767 574/784
f 450/626 407/625 593/802 606/801
f 469/604 379/603 574/775 575/763
f 418/592 373/591 619/825 623/764
f 405/696 426/695 615/800 592/799
f 458/606 406/605 594/803 595/761
f 404/624 380/623 589/771 598/785
f 461/620 402/619 591/796 616/757
f 375/464 338/463 582/760 581/826
f 434/618 403/617 597/798 590/797
f 408/640 382/639 596/812 548/811
f 345/614 409/613 545/806 546/770
f 462/632 375/631 581/816 621/755
f 438/628 408/627 548/805 607/804
f 409/722 453/721 608/756 545/809
f 406/748 414/747 605/765 594/810
f 407/476 346/475 547/808 593/807
f 337/636 372/635 618/824 583/823
f 374/720 415/719 624/814 584/813
f 373/708 465/707 617/769 619/815
f 372/652 439/651 620/818 618/817
f 625/833 627/834 628/835 626/836
f 629/837 631/838 632/839 630/840
f 541/841 625/842 626/843 420/844
f 195/376 224/375 339/845 176/846
f 207/368 223/367 29/847 467/848
f 208/372 222/371 353/830 420/829
f 205/361 221/360 344/832 386/831
f 224/359 206/358 393/822 339/821
f 222/357 194/356 133/849 353/850
f 221/363 193/362 422/828 344/827
f 193/362 140/96 141/154 422/828
f 69/78 207/368 467/848 67/79
f 165/254 205/361 386/831 113/255
f 133/849 386/831 558/633 560/706
f 467/851 29/852 639/853 641/854
f 640/855 639/853 29/852 121/856
f 422/828 176/846 543/629 542/650
f 176/846 339/845 578/630 543/629
f 353/850 133/849 560/706 580/705
f 24/857 21/858 420/859 541/860
f 21/858 28/861 626/862 420/859
f 28/861 27/863 625/864 626/862
f 27/865 24/857 541/860 625/866
f 544/867 121/868 22/869 23/870
f 628/835 627/834 25/871 26/872
f 26/872 22/869 121/868 628/835
f 240/26 120/873 14/874 15/27
f 321/875 322/876 20/877 19/878
f 627/879 544/867 23/870 25/880
f 13/30 20/877 322/876 116/31
f 120/873 324/433 18/440 14/874
f 237/32 321/881 19/882 16/29
f 128/883 64/884 633/885 634/886
f 637/120 635/289 153/292 260/121
f 257/887 128/883 634/886 636/888
f 636/888 638/119 297/122 257/887
f 642/889 640/855 121/856 544/890
f 544/890 579/891 644/892 642/889
f 559/893 467/851 641/854 643/894
f 579/895 559/893 643/894 644/896
f 653/897 658/898 324/899 120/405
f 131/401 51/429 648/900 654/901
f 120/405 46/404 647/902 653/897
f 650/903 660/904 328/437 91/414
f 175/422 118/421 652/905 656/906
f 322/907 324/899 658/898 657/908
f 116/427 322/907 657/908 651/909
f 162/415 326/438 659/910 655/911
f 91/414 36/413 645/912 650/903
f 326/438 328/437 660/904 659/910
f 656/906 645/913 36/426 175/422
f 649/914 646/915 41/430 84/402
f 118/421 41/425 646/916 652/905
f 651/909 648/917 51/428 116/427
f 655/911 647/918 46/416 162/415
f 654/901 649/914 84/402 131/401
f 665/919 662/920 646/915 649/914
f 666/921 676/922 660/904 650/903
f 651/909 657/908 673/923 667/924
f 671/925 663/926 647/918 655/911
f 652/905 646/916 662/927 668/928
f 669/929 674/930 658/898 653/897
f 670/931 665/919 649/914 654/901
f 650/903 645/912 661/932 666/921
f 657/908 658/898 674/930 673/923
f 667/924 664/933 648/917 651/909
f 653/897 647/902 663/934 669/929
f 659/910 660/904 676/922 675/935
f 672/936 661/937 645/913 656/906
f 654/901 648/900 664/938 670/931
f 655/911 659/910 675/935 671/925
f 656/906 652/905 668/928 672/936
f 673/939 674/940 690/941 689/942
f 682/943 692/944 676/922 666/921
f 666/921 661/932 677/945 682/943
f 681/946 678/947 662/920 665/919
f 683/948 680/949 664/950 667/951
f 667/951 673/939 689/942 683/948
f 675/935 676/922 692/944 691/952
f 669/953 663/954 679/955 685/956
f 687/957 679/958 663/926 671/925
f 688/959 677/960 661/961 672/962
f 685/956 690/941 674/940 669/953
f 671/925 675/935 691/952 687/957
f 668/963 662/964 678/965 684/966
f 670/931 664/938 680/967 686/968
f 686/968 681/946 665/919 670/931
f 672/962 668/963 684/966 688/959
f 697/3 698/4 694/1 693/2
f 698/5 699/6 695/7 694/8
f 699/9 700/10 696/11 695/12
f 700/15 697/16 693/13 696/14
f 701/17 704/18 696/14 693/13
f 700/15 699/6 698/5 697/16
f 704/19 703/20 695/12 696/11
f 703/21 702/22 694/8 695/7
f 702/23 701/24 693/2 694/1
f 1015/25 932/26 707/27 709/28
f 708/29 705/30 808/31 929/32
f 729/33 782/34 788/35 790/36
f 966/37 965/38 727/39 765/40
f 927/41 921/42 729/43 865/44
f 879/45 873/46 730/47 863/48
f 754/49 737/50 735/51 795/52
f 781/53 741/54 723/55 768/56
f 730/57 777/58 724/59 753/60
f 923/61 922/62 739/63 834/64
f 875/65 874/66 740/67 835/68
f 926/69 920/70 744/71 809/72
f 878/73 872/74 745/75 862/76
f 746/77 761/78 759/79 784/80
f 753/60 724/59 939/81 998/82
f 895/83 884/84 741/54 781/53
f 918/85 917/86 732/87 775/88
f 870/89 869/90 731/91 774/92
f 906/93 903/94 746/95 832/96
f 901/97 909/98 747/99 836/100
f 907/101 910/102 748/103 860/104
f 912/105 904/106 749/107 760/108
f 990/109 992/110 737/50 754/49
f 991/111 959/112 755/113 736/114
f 883/115 896/116 780/117 742/118
f 1330/119 1329/120 952/121 989/122
f 894/123 881/124 779/125 844/126
f 892/127 882/128 778/129 830/130
f 890/131 895/132 781/133 864/134
f 951/135 960/136 757/137 831/138
f 950/139 990/140 754/141 839/142
f 903/143 911/144 761/78 746/77
f 873/145 871/146 777/58 730/57
f 921/147 919/148 782/34 729/33
f 760/108 749/107 787/149 758/150
f 863/48 730/47 753/151 866/152
f 832/96 746/95 784/153 833/154
f 836/100 747/99 785/155 837/156
f 742/118 780/117 766/157 722/158
f 862/76 745/75 751/159 842/160
f 929/161 968/162 763/163 806/164
f 860/104 748/103 786/165 817/166
f 774/92 731/91 750/167 725/168
f 775/88 732/87 793/169 789/170
f 835/68 740/67 752/171 855/172
f 864/134 781/133 768/173 798/174
f 844/126 779/125 769/175 856/176
f 845/177 756/178 794/179 846/180
f 830/130 778/129 767/181 843/182
f 947/183 967/184 764/185 847/186
f 736/114 755/113 797/187 734/188
f 809/72 744/71 792/189 816/190
f 834/64 739/63 791/191 824/192
f 865/44 729/43 790/193 849/194
f 744/195 822/196 770/197 792/198
f 839/142 754/141 795/199 838/200
f 831/138 757/137 796/201 828/202
f 931/203 966/204 765/205 850/206
f 946/207 945/208 762/209 726/210
f 757/211 773/212 772/213 796/214
f 959/215 958/216 840/217 755/218
f 904/219 908/220 861/221 749/222
f 945/223 930/224 829/225 762/226
f 915/227 888/228 813/229 721/230
f 882/231 893/232 804/233 778/234
f 749/222 861/221 859/235 787/236
f 745/237 858/238 852/239 751/240
f 917/241 925/242 811/243 732/244
f 751/240 852/239 1000/245 937/246
f 922/247 928/248 827/249 739/250
f 872/251 876/252 858/238 745/237
f 748/253 857/254 805/255 786/256
f 920/257 924/258 822/196 744/195
f 752/259 800/260 956/261 940/262
f 960/263 957/264 773/212 757/211
f 732/244 811/243 815/265 793/266
f 778/234 804/233 771/267 767/268
f 910/269 902/270 857/254 748/253
f 896/271 891/272 818/273 780/274
f 968/275 948/276 853/277 763/278
f 869/279 877/280 819/281 731/282
f 967/283 932/284 803/285 764/286
f 755/218 840/217 841/287 797/288
f 1327/289 1325/290 756/291 845/292
f 780/274 818/273 814/293 766/294
f 779/295 821/296 801/297 769/298
f 874/299 880/300 826/301 740/302
f 909/303 905/304 799/305 747/306
f 731/282 819/281 807/307 750/308
f 881/309 889/310 821/296 779/295
f 747/306 799/305 848/311 785/312
f 756/313 820/314 802/315 794/316
f 740/302 826/301 800/260 752/259
f 739/250 827/249 851/317 791/318
f 750/308 807/307 954/319 999/320
f 725/168 750/167 999/321 938/322
f 902/270 912/105 760/108 857/254
f 908/220 906/93 832/96 861/221
f 911/144 901/97 836/100 761/78
f 877/280 879/45 863/48 819/281
f 871/146 875/65 835/68 777/58
f 884/84 894/123 844/126 741/54
f 919/148 923/61 834/64 782/34
f 992/110 952/323 845/324 737/50
f 891/272 890/131 864/134 818/273
f 925/242 927/41 865/44 811/243
f 958/216 950/139 839/142 840/217
f 957/264 991/111 736/114 773/212
f 924/258 918/85 775/88 822/196
f 893/232 883/115 742/118 804/233
f 876/252 870/89 774/92 858/238
f 930/224 1009/325 950/139 829/225
f 996/326 839/142 838/200 925/242
f 811/243 1004/327 890/131 815/265
f 941/328 864/134 798/174 877/280
f 819/281 953/329 906/93 807/307
f 970/330 947/183 847/186 992/110
f 737/50 983/331 923/61 735/51
f 988/332 834/64 824/192 884/84
f 741/54 963/333 875/65 723/55
f 939/81 835/68 855/172 911/144
f 932/284 1011/334 951/135 803/285
f 993/335 831/138 828/202 928/248
f 827/249 1001/336 892/127 851/317
f 944/337 830/130 843/182 880/300
f 826/301 955/338 907/101 800/260
f 888/228 860/104 817/166 813/229
f 1005/339 946/207 726/210 957/264
f 773/212 934/340 918/85 772/213
f 977/341 775/88 789/170 893/232
f 804/233 974/342 870/89 771/267
f 1000/245 774/92 725/168 902/270
f 943/343 961/344 873/46 879/45
f 963/333 962/345 874/66 875/65
f 942/346 976/347 872/74 878/73
f 974/342 973/348 869/90 870/89
f 961/349 975/350 871/146 873/145
f 976/351 964/352 876/252 872/251
f 973/353 941/328 877/280 869/279
f 962/354 944/337 880/300 874/299
f 826/301 880/300 878/73 862/76
f 940/262 956/261 905/304 909/303
f 937/246 1000/245 902/270 910/269
f 986/355 977/341 893/232 882/231
f 998/82 939/81 911/144 903/143
f 786/256 805/255 886/356 914/357
f 784/80 759/79 898/358 916/359
f 758/150 787/149 913/360 897/361
f 799/305 905/304 907/101 860/104
f 938/322 999/321 904/106 912/105
f 787/236 859/235 885/362 913/363
f 999/320 954/319 908/220 904/219
f 842/160 751/159 937/364 955/338
f 997/365 940/366 909/98 901/97
f 837/156 785/155 915/367 899/368
f 821/296 889/310 892/127 830/130
f 955/338 937/364 910/102 907/101
f 953/329 998/369 903/94 906/93
f 785/312 848/311 888/228 915/227
f 1001/336 986/370 882/128 892/127
f 817/166 786/165 914/371 900/372
f 866/152 753/151 998/369 953/329
f 985/373 1002/374 889/310 881/309
f 855/172 752/171 940/366 997/365
f 833/154 784/153 916/375 887/376
f 987/377 980/378 896/116 883/115
f 979/379 988/332 884/84 895/83
f 1004/327 979/380 895/132 890/131
f 978/381 985/382 881/124 894/123
f 980/383 1003/384 891/272 896/271
f 994/385 981/386 921/42 927/41
f 983/331 982/387 922/62 923/61
f 995/388 936/389 920/70 926/69
f 934/340 933/390 917/86 918/85
f 981/391 935/392 919/148 921/147
f 933/393 996/326 925/242 917/241
f 982/394 993/335 928/248 922/247
f 936/395 984/396 924/258 920/257
f 827/249 928/248 926/69 809/72
f 972/397 1012/398 949/399 989/400
f 823/401 776/402 946/207 948/276
f 1007/403 1005/339 957/264 960/263
f 738/404 812/405 932/284 967/283
f 1009/325 969/406 990/140 950/139
f 1006/407 1008/408 958/216 959/215
f 1010/409 972/410 989/411 952/412
f 728/413 783/414 965/38 966/37
f 854/415 738/416 967/184 947/183
f 971/417 1006/418 959/112 991/111
f 816/190 792/189 986/370 1001/336
f 820/419 949/420 951/135 831/138
f 791/318 851/317 1002/374 985/373
f 810/421 867/422 931/203 930/224
f 1011/334 1007/423 960/136 951/135
f 969/424 970/330 992/110 990/109
f 733/425 810/421 930/224 945/223
f 798/174 768/173 961/344 943/343
f 767/268 771/267 964/352 976/351
f 867/422 728/426 966/204 931/203
f 766/294 814/293 941/328 973/353
f 768/56 723/55 975/350 961/349
f 808/427 743/428 968/162 929/161
f 743/429 823/401 948/276 968/275
f 722/158 766/157 973/348 974/342
f 790/36 788/35 988/332 979/379
f 776/402 733/430 945/208 946/207
f 789/170 793/169 980/378 987/377
f 847/186 764/185 972/410 1010/409
f 843/182 767/181 976/347 942/346
f 769/298 801/297 944/337 962/354
f 838/200 795/199 981/386 994/385
f 856/176 769/175 962/345 963/333
f 806/164 763/163 1007/423 1011/334
f 793/266 815/265 1003/384 980/383
f 846/180 794/179 982/387 983/331
f 792/198 770/197 977/341 986/355
f 849/194 790/193 979/380 1004/327
f 765/40 727/39 970/330 969/424
f 824/192 791/191 985/382 978/381
f 796/214 772/213 984/396 936/395
f 734/188 797/187 933/390 934/340
f 850/206 765/205 969/406 1009/325
f 828/202 796/201 936/389 995/388
f 797/288 841/287 996/326 933/393
f 794/316 802/315 993/335 982/394
f 795/52 735/51 935/392 981/391
f 726/210 762/209 1006/418 971/417
f 764/286 803/285 1012/398 972/397
f 763/278 853/277 1005/339 1007/403
f 762/226 829/225 1008/408 1006/407
f 1013/431 1015/432 1016/433 1014/434
f 1017/435 1019/436 1020/437 1018/438
f 1016/433 1015/432 709/439 710/440
f 1191/441 1220/442 1022/443 1172/444
f 1203/445 1219/446 1023/447 1158/448
f 1204/449 1218/450 1024/451 1137/452
f 1201/453 1217/454 1021/455 1086/456
f 1032/457 1084/458 1092/459 1094/460
f 1270/461 1269/462 1030/463 1067/464
f 1231/465 1225/466 1032/467 1170/468
f 1183/469 1177/470 1033/471 1168/472
f 1056/473 1040/474 1038/475 1099/476
f 1083/477 1043/478 1026/479 1070/480
f 1033/481 1079/482 1027/483 1055/484
f 1227/485 1226/486 1041/487 1138/488
f 1179/489 1178/490 1042/491 1139/492
f 1230/493 1224/494 1046/495 1113/496
f 1182/497 1176/498 1047/499 1167/500
f 1048/501 1063/502 1061/503 1088/504
f 1055/484 1027/483 1243/505 1302/506
f 1199/507 1188/508 1043/478 1083/477
f 1222/509 1221/510 1035/511 1077/512
f 1174/513 1173/514 1034/515 1076/516
f 1210/517 1207/518 1048/519 1134/520
f 1205/521 1213/522 1049/523 1140/524
f 1211/525 1214/526 1050/527 1165/528
f 1216/529 1208/530 1051/531 1062/532
f 1294/533 1296/534 1040/474 1056/473
f 1295/535 1263/536 1057/537 1039/538
f 1187/539 1200/540 1082/541 1044/542
f 1256/543 1293/544 1058/545 1149/546
f 1198/547 1185/548 1081/549 1148/550
f 1196/551 1186/552 1080/553 1132/554
f 1194/555 1199/556 1083/557 1169/558
f 1255/559 1264/560 1059/561 1133/562
f 1254/563 1294/564 1056/565 1143/566
f 1207/567 1215/568 1063/502 1048/501
f 1177/569 1175/570 1079/482 1033/481
f 1225/571 1223/572 1084/458 1032/457
f 1062/532 1051/531 1091/573 1060/574
f 1220/575 1202/576 1087/577 1022/578
f 1168/472 1033/471 1055/579 1171/580
f 1134/520 1048/519 1088/581 1135/582
f 1140/524 1049/523 1089/583 1141/584
f 1044/542 1082/541 1068/585 1025/586
f 1167/500 1047/499 1053/587 1146/588
f 1233/589 1272/590 1065/591 1110/592
f 1165/528 1050/527 1090/593 1120/594
f 1076/516 1034/515 1052/595 1028/596
f 1077/512 1035/511 1097/597 1093/598
f 1139/492 1042/491 1054/599 1160/600
f 1169/558 1083/557 1070/601 1102/602
f 1148/550 1081/549 1071/603 1161/604
f 1149/546 1058/545 1098/605 1150/606
f 1132/554 1080/553 1069/607 1147/608
f 1251/609 1271/610 1066/611 1151/612
f 1039/538 1057/537 1101/613 1037/614
f 1113/496 1046/495 1096/615 1119/616
f 1138/488 1041/487 1095/617 1126/618
f 1170/468 1032/467 1094/619 1153/620
f 1046/621 1125/622 1072/623 1096/624
f 1143/566 1056/565 1099/625 1142/626
f 1133/562 1059/561 1100/627 1130/628
f 1235/629 1270/630 1067/631 1154/632
f 1250/633 1249/634 1064/635 1029/636
f 1059/637 1075/638 1074/639 1100/640
f 1263/641 1262/642 1144/643 1057/644
f 1208/645 1212/646 1166/647 1051/648
f 1249/649 1234/650 1131/651 1064/652
f 1219/653 1192/654 1116/655 1023/656
f 1186/657 1197/658 1108/659 1080/660
f 1218/661 1190/662 1127/663 1024/664
f 1051/648 1166/647 1164/665 1091/666
f 1047/667 1163/668 1156/669 1053/670
f 1221/671 1229/672 1115/673 1035/674
f 1053/670 1156/669 1304/675 1241/676
f 1226/677 1232/678 1129/679 1041/680
f 1176/681 1180/682 1163/668 1047/667
f 1050/683 1162/684 1109/685 1090/686
f 1224/687 1228/688 1125/622 1046/621
f 1054/689 1104/690 1260/691 1244/692
f 1264/693 1261/694 1075/638 1059/637
f 1035/674 1115/673 1118/695 1097/696
f 1080/660 1108/659 1073/697 1069/698
f 1214/699 1206/700 1162/684 1050/683
f 1200/701 1195/702 1121/703 1082/704
f 1272/705 1252/706 1157/707 1065/708
f 1217/709 1189/710 1136/711 1021/712
f 1173/713 1181/714 1122/715 1034/716
f 1271/717 1236/718 1107/719 1066/720
f 1057/644 1144/643 1145/721 1101/722
f 1293/723 1253/724 1123/725 1058/726
f 1082/704 1121/703 1117/727 1068/728
f 1081/729 1124/730 1105/731 1071/732
f 1178/733 1184/734 1128/735 1042/736
f 1213/737 1209/738 1103/739 1049/740
f 1034/716 1122/715 1111/741 1052/742
f 1185/743 1193/744 1124/730 1081/729
f 1049/740 1103/739 1152/745 1089/746
f 1058/726 1123/725 1106/747 1098/748
f 1042/736 1128/735 1104/690 1054/689
f 1041/680 1129/679 1155/749 1095/750
f 1052/742 1111/741 1258/751 1303/752
f 1028/596 1052/595 1303/753 1242/754
f 1206/700 1216/529 1062/532 1162/684
f 1212/646 1210/517 1134/520 1166/647
f 1215/568 1205/521 1140/524 1063/502
f 1181/714 1183/469 1168/472 1122/715
f 1175/570 1179/489 1139/492 1079/482
f 1188/508 1198/547 1148/550 1043/478
f 1223/572 1227/485 1138/488 1084/458
f 1296/534 1256/543 1149/546 1040/474
f 1195/702 1194/555 1169/558 1121/703
f 1229/672 1231/465 1170/468 1115/673
f 1262/642 1254/563 1143/566 1144/643
f 1261/694 1295/535 1039/538 1075/638
f 1228/688 1222/509 1077/512 1125/622
f 1197/658 1187/539 1044/542 1108/659
f 1180/682 1174/513 1076/516 1163/668
f 1234/650 1313/755 1254/563 1131/651
f 1300/756 1143/566 1142/626 1229/672
f 1115/673 1308/757 1194/555 1118/695
f 1245/758 1169/558 1102/602 1181/714
f 1122/715 1257/759 1210/517 1111/741
f 1189/710 1134/520 1135/582 1136/711
f 1274/760 1251/609 1151/612 1296/534
f 1040/474 1287/761 1227/485 1038/475
f 1292/762 1138/488 1126/618 1188/508
f 1043/478 1267/763 1179/489 1026/479
f 1243/505 1139/492 1160/600 1215/568
f 1063/502 1203/445 1158/448 1061/503
f 1236/718 1315/764 1255/559 1107/719
f 1297/765 1133/562 1130/628 1232/678
f 1129/679 1305/766 1196/551 1155/749
f 1248/767 1132/554 1147/608 1184/734
f 1128/735 1259/768 1211/525 1104/690
f 1192/654 1165/528 1120/594 1116/655
f 1309/769 1250/633 1029/636 1261/694
f 1075/638 1238/770 1222/509 1074/639
f 1281/771 1077/512 1093/598 1197/658
f 1108/659 1278/772 1174/513 1073/697
f 1304/675 1076/516 1028/596 1206/700
f 1162/684 1201/453 1086/456 1109/685
f 1247/773 1265/774 1177/470 1183/469
f 1267/763 1266/775 1178/490 1179/489
f 1246/776 1280/777 1176/498 1182/497
f 1278/772 1277/778 1173/514 1174/513
f 1265/779 1279/780 1175/570 1177/569
f 1280/781 1268/782 1180/682 1176/681
f 1277/783 1245/758 1181/714 1173/713
f 1266/784 1248/767 1184/734 1178/733
f 1128/735 1184/734 1182/497 1167/500
f 1244/692 1260/691 1209/738 1213/737
f 1241/676 1304/675 1206/700 1214/699
f 1290/785 1281/771 1197/658 1186/657
f 1302/506 1243/505 1215/568 1207/567
f 1090/686 1109/685 1190/662 1218/661
f 1088/504 1061/503 1202/576 1220/575
f 1060/574 1091/573 1217/454 1201/453
f 1103/739 1209/738 1211/525 1165/528
f 1242/754 1303/753 1208/530 1216/529
f 1091/666 1164/665 1189/710 1217/709
f 1303/752 1258/751 1212/646 1208/645
f 1146/588 1053/587 1241/786 1259/768
f 1301/787 1244/788 1213/522 1205/521
f 1141/584 1089/583 1219/446 1203/445
f 1124/730 1193/744 1196/551 1132/554
f 1259/768 1241/786 1214/526 1211/525
f 1257/759 1302/789 1207/518 1210/517
f 1089/746 1152/745 1192/654 1219/653
f 1305/766 1290/790 1186/552 1196/551
f 1120/594 1090/593 1218/450 1204/449
f 1171/580 1055/579 1302/789 1257/759
f 1289/791 1306/792 1193/744 1185/743
f 1160/600 1054/599 1244/788 1301/787
f 1135/582 1088/581 1220/442 1191/441
f 1291/793 1284/794 1200/540 1187/539
f 1283/795 1292/762 1188/508 1199/507
f 1308/757 1283/796 1199/556 1194/555
f 1282/797 1289/798 1185/548 1198/547
f 1284/799 1307/800 1195/702 1200/701
f 1298/801 1285/802 1225/466 1231/465
f 1287/761 1286/803 1226/486 1227/485
f 1299/804 1240/805 1224/494 1230/493
f 1238/770 1237/806 1221/510 1222/509
f 1285/807 1239/808 1223/572 1225/571
f 1237/809 1300/756 1229/672 1221/671
f 1286/810 1297/765 1232/678 1226/677
f 1240/811 1288/812 1228/688 1224/687
f 1129/679 1232/678 1230/493 1113/496
f 1276/813 1316/814 1253/724 1293/723
f 1311/815 1309/769 1261/694 1264/693
f 1313/755 1273/816 1294/564 1254/563
f 1310/817 1312/818 1262/642 1263/641
f 1314/819 1276/820 1293/544 1256/543
f 1031/821 1085/822 1269/462 1270/461
f 1275/823 1310/824 1263/536 1295/535
f 1119/616 1096/615 1290/790 1305/766
f 1123/725 1253/724 1255/559 1133/562
f 1095/750 1155/749 1306/792 1289/791
f 1315/764 1311/825 1264/560 1255/559
f 1273/826 1274/760 1296/534 1294/533
f 1036/827 1114/828 1234/650 1249/649
f 1102/602 1070/601 1265/774 1247/773
f 1069/698 1073/697 1268/782 1280/781
f 1068/728 1117/727 1245/758 1277/783
f 1070/480 1026/479 1279/780 1265/779
f 1112/829 1045/830 1272/590 1233/589
f 1025/586 1068/585 1277/778 1278/772
f 1094/460 1092/459 1292/762 1283/795
f 1078/831 1036/832 1249/634 1250/633
f 1093/598 1097/597 1284/794 1291/793
f 1151/612 1066/611 1276/820 1314/819
f 1147/608 1069/607 1280/777 1246/776
f 1071/732 1105/731 1248/767 1266/784
f 1142/626 1099/625 1285/802 1298/801
f 1161/604 1071/603 1266/775 1267/763
f 1110/592 1065/591 1311/825 1315/764
f 1097/696 1118/695 1307/800 1284/799
f 1150/606 1098/605 1286/803 1287/761
f 1096/624 1072/623 1281/771 1290/785
f 1153/620 1094/619 1283/796 1308/757
f 1067/464 1030/463 1274/760 1273/826
f 1126/618 1095/617 1289/798 1282/797
f 1100/640 1074/639 1288/812 1240/811
f 1037/614 1101/613 1237/806 1238/770
f 1154/632 1067/631 1273/816 1313/755
f 1130/628 1100/627 1240/805 1299/804
f 1101/722 1145/721 1300/756 1237/809
f 1098/748 1106/747 1297/765 1286/810
f 1099/476 1038/475 1239/808 1285/807
f 1029/636 1064/635 1310/824 1275/823
f 1066/720 1107/719 1316/814 1276/813
f 1065/708 1157/707 1309/769 1311/815
f 1064/652 1131/651 1312/818 1310/817
f 1317/833 1319/834 1320/835 1318/836
f 1321/837 1323/838 1324/839 1322/840
f 1233/841 1317/842 1318/843 1112/844
f 887/376 916/375 1031/845 868/846
f 899/368 915/367 721/847 1159/848
f 900/372 914/371 1045/830 1112/829
f 897/361 913/360 1036/832 1078/831
f 916/359 898/358 1085/822 1031/821
f 914/357 886/356 825/849 1045/850
f 913/363 885/362 1114/828 1036/827
f 885/362 832/96 833/154 1114/828
f 761/78 899/368 1159/848 759/79
f 857/254 897/361 1078/831 805/255
f 825/849 1078/831 1250/633 1252/706
f 1159/851 721/852 1331/853 1333/854
f 1332/855 1331/853 721/852 813/856
f 1114/828 868/846 1235/629 1234/650
f 868/846 1031/845 1270/630 1235/629
f 1045/850 825/849 1252/706 1272/705
f 716/857 713/858 1112/859 1233/860
f 713/858 720/861 1318/862 1112/859
f 720/861 719/863 1317/864 1318/862
f 719/865 716/857 1233/860 1317/866
f 1236/867 813/868 714/869 715/870
f 1320/835 1319/834 717/871 718/872
f 718/872 714/869 813/868 1320/835
f 932/26 812/873 706/874 707/27
f 1013/875 1014/876 712/877 711/878
f 1319/879 1236/867 715/870 717/880
f 705/30 712/877 1014/876 808/31
f 812/873 1016/433 710/440 706/874
f 929/32 1013/881 711/882 708/29
f 820/883 756/884 1325/885 1326/886
f 1329/120 1327/289 845/292 952/121
f 949/887 820/883 1326/886 1328/888
f 1328/888 1330/119 989/122 949/887
f 1334/889 1332/855 813/856 1236/890
f 1236/890 1271/891 1336/892 1334/889
f 1251/893 1159/851 1333/854 1335/894
f 1271/895 1251/893 1335/894 1336/896
f 1345/897 1350/898 1016/899 812/405
f 823/401 743/429 1340/900 1346/901
f 812/405 738/404 1339/902 1345/897
f 1342/903 1352/904 1020/437 783/414
f 867/422 810/421 1344/905 1348/906
f 1014/907 1016/899 1350/898 1349/908
f 808/427 1014/907 1349/908 1343/909
f 854/415 1018/438 1351/910 1347/911
f 783/414 728/413 1337/912 1342/903
f 1018/438 1020/437 1352/904 1351/910
f 1348/906 1337/913 728/426 867/422
f 1341/914 1338/915 733/430 776/402
f 810/421 733/425 1338/916 1344/905
f 1343/909 1340/917 743/428 808/427
f 1347/911 1339/918 738/416 854/415
f 1346/901 1341/914 776/402 823/401
f 1357/919 1354/920 1338/915 1341/914
f 1358/921 1368/922 1352/904 1342/903
f 1343/909 1349/908 1365/923 1359/924
f 1363/925 1355/926 1339/918 1347/911
f 1344/905 1338/916 1354/927 1360/928
f 1361/929 1366/930 1350/898 1345/897
f 1362/931 1357/919 1341/914 1346/901
f 1342/903 1337/912 1353/932 1358/921
f 1349/908 1350/898 1366/930 1365/923
f 1359/924 1356/933 1340/917 1343/909
f 1345/897 1339/902 1355/934 1361/929
f 1351/910 1352/904 1368/922 1367/935
f 1364/936 1353/937 1337/913 1348/906
f 1346/901 1340/900 1356/938 1362/931
f 1347/911 1351/910 1367/935 1363/925
f 1348/906 1344/905 1360/928 1364/936
f 1365/939 1366/940 1382/941 1381/942
f 1374/943 1384/944 1368/922 1358/921
f 1358/921 1353/932 1369/945 1374/943
f 1373/946 1370/947 1354/920 1357/919
f 1375/948 1372/949 1356/950 1359/951
f 1359/951 1365/939 1381/942 1375/948
f 1367/935 1368/922 1384/944 1383/952
f 1361/953 1355/954 1371/955 1377/956
f 1379/957 1371/958 1355/926 1363/925
f 1380/959 1369/960 1353/961 1364/962
f 1377/956 1382/941 1366/940 1361/953
f 1363/925 1367/935 1383/952 1379/957
f 1360/963 1354/964 1370/965 1376/966
f 1362/931 1356/938 1372/967 1378/968
f 1378/968 1373/946 1357/919 1362/931
f 1364/962 1360/963 1376/966 1380/959
f 1389/3 1390/4 1386/1 1385/2
f 1390/5 1391/6 1387/7 1386/8
f 1391/9 1392/10 1388/11 1387/12
f 1392/15 1389/16 1385/13 1388/14
f 1393/17 1396/18 1388/14 1385/13
f 1392/15 1391/6 1390/5 1389/16
f 1396/19 1395/20 1387/12 1388/11
f 1395/21 1394/22 1386/8 1387/7
f 1394/23 1393/24 1385/2 1386/1
f 1707/25 1624/26 1399/27 1401/28
f 1400/29 1397/30 1500/31 1621/32
f 1421/33 1474/34 1480/35 1482/36
f 1658/37 1657/38 1419/39 1457/40
f 1619/41 1613/42 1421/43 1557/44
f 1571/45 1565/46 1422/47 1555/48
f 1446/49 1429/50 1427/51 1487/52
f 1473/53 1433/54 1415/55 1460/56
f 1422/57 1469/58 1416/59 1445/60
f 1615/61 1614/62 1431/63 1526/64
f 1567/65 1566/66 1432/67 1527/68
f 1618/69 1612/70 1436/71 1501/72
f 1570/73 1564/74 1437/75 1554/76
f 1438/77 1453/78 1451/79 1476/80
f 1445/60 1416/59 1631/81 1690/82
f 1587/83 1576/84 1433/54 1473/53
f 1610/85 1609/86 1424/87 1467/88
f 1562/89 1561/90 1423/91 1466/92
f 1598/93 1595/94 1438/95 1524/96
f 1593/97 1601/98 1439/99 1528/100
f 1599/101 1602/102 1440/103 1552/104
f 1604/105 1596/106 1441/107 1452/108
f 1682/109 1684/110 1429/50 1446/49
f 1683/111 1651/112 1447/113 1428/114
f 1575/115 1588/116 1472/117 1434/118
f 2022/119 2021/120 1644/121 1681/122
f 1586/123 1573/124 1471/125 1536/126
f 1584/127 1574/128 1470/129 1522/130
f 1582/131 1587/132 1473/133 1556/134
f 1643/135 1652/136 1449/137 1523/138
f 1642/139 1682/140 1446/141 1531/142
f 1595/143 1603/144 1453/78 1438/77
f 1565/145 1563/146 1469/58 1422/57
f 1613/147 1611/148 1474/34 1421/33
f 1452/108 1441/107 1479/149 1450/150
f 1555/48 1422/47 1445/151 1558/152
f 1524/96 1438/95 1476/153 1525/154
f 1528/100 1439/99 1477/155 1529/156
f 1434/118 1472/117 1458/157 1414/158
f 1554/76 1437/75 1443/159 1534/160
f 1621/161 1660/162 1455/163 1498/164
f 1552/104 1440/103 1478/165 1509/166
f 1466/92 1423/91 1442/167 1417/168
f 1467/88 1424/87 1485/169 1481/170
f 1527/68 1432/67 1444/171 1547/172
f 1556/134 1473/133 1460/173 1490/174
f 1536/126 1471/125 1461/175 1548/176
f 1537/177 1448/178 1486/179 1538/180
f 1522/130 1470/129 1459/181 1535/182
f 1639/183 1659/184 1456/185 1539/186
f 1428/114 1447/113 1489/187 1426/188
f 1501/72 1436/71 1484/189 1508/190
f 1526/64 1431/63 1483/191 1516/192
f 1557/44 1421/43 1482/193 1541/194
f 1436/195 1514/196 1462/197 1484/198
f 1531/142 1446/141 1487/199 1530/200
f 1523/138 1449/137 1488/201 1520/202
f 1623/203 1658/204 1457/205 1542/206
f 1638/207 1637/208 1454/209 1418/210
f 1449/211 1465/212 1464/213 1488/214
f 1651/215 1650/216 1532/217 1447/218
f 1596/219 1600/220 1553/221 1441/222
f 1637/223 1622/224 1521/225 1454/226
f 1607/227 1580/228 1505/229 1413/230
f 1574/231 1585/232 1496/233 1470/234
f 1441/222 1553/221 1551/235 1479/236
f 1437/237 1550/238 1544/239 1443/240
f 1609/241 1617/242 1503/243 1424/244
f 1443/240 1544/239 1692/245 1629/246
f 1614/247 1620/248 1519/249 1431/250
f 1564/251 1568/252 1550/238 1437/237
f 1440/253 1549/254 1497/255 1478/256
f 1612/257 1616/258 1514/196 1436/195
f 1444/259 1492/260 1648/261 1632/262
f 1652/263 1649/264 1465/212 1449/211
f 1424/244 1503/243 1507/265 1485/266
f 1470/234 1496/233 1463/267 1459/268
f 1602/269 1594/270 1549/254 1440/253
f 1588/271 1583/272 1510/273 1472/274
f 1660/275 1640/276 1545/277 1455/278
f 1561/279 1569/280 1511/281 1423/282
f 1659/283 1624/284 1495/285 1456/286
f 1447/218 1532/217 1533/287 1489/288
f 2019/289 2017/290 1448/291 1537/292
f 1472/274 1510/273 1506/293 1458/294
f 1471/295 1513/296 1493/297 1461/298
f 1566/299 1572/300 1518/301 1432/302
f 1601/303 1597/304 1491/305 1439/306
f 1423/282 1511/281 1499/307 1442/308
f 1573/309 1581/310 1513/296 1471/295
f 1439/306 1491/305 1540/311 1477/312
f 1448/313 1512/314 1494/315 1486/316
f 1432/302 1518/301 1492/260 1444/259
f 1431/250 1519/249 1543/317 1483/318
f 1442/308 1499/307 1646/319 1691/320
f 1417/168 1442/167 1691/321 1630/322
f 1594/270 1604/105 1452/108 1549/254
f 1600/220 1598/93 1524/96 1553/221
f 1603/144 1593/97 1528/100 1453/78
f 1569/280 1571/45 1555/48 1511/281
f 1563/146 1567/65 1527/68 1469/58
f 1576/84 1586/123 1536/126 1433/54
f 1611/148 1615/61 1526/64 1474/34
f 1684/110 1644/323 1537/324 1429/50
f 1583/272 1582/131 1556/134 1510/273
f 1617/242 1619/41 1557/44 1503/243
f 1650/216 1642/139 1531/142 1532/217
f 1649/264 1683/111 1428/114 1465/212
f 1616/258 1610/85 1467/88 1514/196
f 1585/232 1575/115 1434/118 1496/233
f 1568/252 1562/89 1466/92 1550/238
f 1622/224 1701/325 1642/139 1521/225
f 1688/326 1531/142 1530/200 1617/242
f 1503/243 1696/327 1582/131 1507/265
f 1633/328 1556/134 1490/174 1569/280
f 1511/281 1645/329 1598/93 1499/307
f 1662/330 1639/183 1539/186 1684/110
f 1429/50 1675/331 1615/61 1427/51
f 1680/332 1526/64 1516/192 1576/84
f 1433/54 1655/333 1567/65 1415/55
f 1631/81 1527/68 1547/172 1603/144
f 1624/284 1703/334 1643/135 1495/285
f 1685/335 1523/138 1520/202 1620/248
f 1519/249 1693/336 1584/127 1543/317
f 1636/337 1522/130 1535/182 1572/300
f 1518/301 1647/338 1599/101 1492/260
f 1580/228 1552/104 1509/166 1505/229
f 1697/339 1638/207 1418/210 1649/264
f 1465/212 1626/340 1610/85 1464/213
f 1669/341 1467/88 1481/170 1585/232
f 1496/233 1666/342 1562/89 1463/267
f 1692/245 1466/92 1417/168 1594/270
f 1635/343 1653/344 1565/46 1571/45
f 1655/333 1654/345 1566/66 1567/65
f 1634/346 1668/347 1564/74 1570/73
f 1666/342 1665/348 1561/90 1562/89
f 1653/349 1667/350 1563/146 1565/145
f 1668/351 1656/352 1568/252 1564/251
f 1665/353 1633/328 1569/280 1561/279
f 1654/354 1636/337 1572/300 1566/299
f 1518/301 1572/300 1570/73 1554/76
f 1632/262 1648/261 1597/304 1601/303
f 1629/246 1692/245 1594/270 1602/269
f 1678/355 1669/341 1585/232 1574/231
f 1690/82 1631/81 1603/144 1595/143
f 1478/256 1497/255 1578/356 1606/357
f 1476/80 1451/79 1590/358 1608/359
f 1450/150 1479/149 1605/360 1589/361
f 1491/305 1597/304 1599/101 1552/104
f 1630/322 1691/321 1596/106 1604/105
f 1479/236 1551/235 1577/362 1605/363
f 1691/320 1646/319 1600/220 1596/219
f 1534/160 1443/159 1629/364 1647/338
f 1689/365 1632/366 1601/98 1593/97
f 1529/156 1477/155 1607/367 1591/368
f 1513/296 1581/310 1584/127 1522/130
f 1647/338 1629/364 1602/102 1599/101
f 1645/329 1690/369 1595/94 1598/93
f 1477/312 1540/311 1580/228 1607/227
f 1693/336 1678/370 1574/128 1584/127
f 1509/166 1478/165 1606/371 1592/372
f 1558/152 1445/151 1690/369 1645/329
f 1677/373 1694/374 1581/310 1573/309
f 1547/172 1444/171 1632/366 1689/365
f 1525/154 1476/153 1608/375 1579/376
f 1679/377 1672/378 1588/116 1575/115
f 1671/379 1680/332 1576/84 1587/83
f 1696/327 1671/380 1587/132 1582/131
f 1670/381 1677/382 1573/124 1586/123
f 1672/383 1695/384 1583/272 1588/271
f 1686/385 1673/386 1613/42 1619/41
f 1675/331 1674/387 1614/62 1615/61
f 1687/388 1628/389 1612/70 1618/69
f 1626/340 1625/390 1609/86 1610/85
f 1673/391 1627/392 1611/148 1613/147
f 1625/393 1688/326 1617/242 1609/241
f 1674/394 1685/335 1620/248 1614/247
f 1628/395 1676/396 1616/258 1612/257
f 1519/249 1620/248 1618/69 1501/72
f 1664/397 1704/398 1641/399 1681/400
f 1515/401 1468/402 1638/207 1640/276
f 1699/403 1697/339 1649/264 1652/263
f 1430/404 1504/405 1624/284 1659/283
f 1701/325 1661/406 1682/140 1642/139
f 1698/407 1700/408 1650/216 1651/215
f 1702/409 1664/410 1681/411 1644/412
f 1420/413 1475/414 1657/38 1658/37
f 1546/415 1430/416 1659/184 1639/183
f 1663/417 1698/418 1651/112 1683/111
f 1508/190 1484/189 1678/370 1693/336
f 1512/419 1641/420 1643/135 1523/138
f 1483/318 1543/317 1694/374 1677/373
f 1502/421 1559/422 1623/203 1622/224
f 1703/334 1699/423 1652/136 1643/135
f 1661/424 1662/330 1684/110 1682/109
f 1425/425 1502/421 1622/224 1637/223
f 1490/174 1460/173 1653/344 1635/343
f 1459/268 1463/267 1656/352 1668/351
f 1559/422 1420/426 1658/204 1623/203
f 1458/294 1506/293 1633/328 1665/353
f 1460/56 1415/55 1667/350 1653/349
f 1500/427 1435/428 1660/162 1621/161
f 1435/429 1515/401 1640/276 1660/275
f 1414/158 1458/157 1665/348 1666/342
f 1482/36 1480/35 1680/332 1671/379
f 1468/402 1425/430 1637/208 1638/207
f 1481/170 1485/169 1672/378 1679/377
f 1539/186 1456/185 1664/410 1702/409
f 1535/182 1459/181 1668/347 1634/346
f 1461/298 1493/297 1636/337 1654/354
f 1530/200 1487/199 1673/386 1686/385
f 1548/176 1461/175 1654/345 1655/333
f 1498/164 1455/163 1699/423 1703/334
f 1485/266 1507/265 1695/384 1672/383
f 1538/180 1486/179 1674/387 1675/331
f 1484/198 1462/197 1669/341 1678/355
f 1541/194 1482/193 1671/380 1696/327
f 1457/40 1419/39 1662/330 1661/424
f 1516/192 1483/191 1677/382 1670/381
f 1488/214 1464/213 1676/396 1628/395
f 1426/188 1489/187 1625/390 1626/340
f 1542/206 1457/205 1661/406 1701/325
f 1520/202 1488/201 1628/389 1687/388
f 1489/288 1533/287 1688/326 1625/393
f 1486/316 1494/315 1685/335 1674/394
f 1487/52 1427/51 1627/392 1673/391
f 1418/210 1454/209 1698/418 1663/417
f 1456/286 1495/285 1704/398 1664/397
f 1455/278 1545/277 1697/339 1699/403
f 1454/226 1521/225 1700/408 1698/407
f 1705/431 1707/432 1708/433 1706/434
f 1709/435 1711/436 1712/437 1710/438
f 1708/433 1707/432 1401/439 1402/440
f 1883/441 1912/442 1714/443 1864/444
f 1895/445 1911/446 1715/447 1850/448
f 1896/449 1910/450 1716/451 1829/452
f 1893/453 1909/454 1713/455 1778/456
f 1724/457 1776/458 1784/459 1786/460
f 1962/461 1961/462 1722/463 1759/464
f 1923/465 1917/466 1724/467 1862/468
f 1875/469 1869/470 1725/471 1860/472
f 1748/473 1732/474 1730/475 1791/476
f 1775/477 1735/478 1718/479 1762/480
f 1725/481 1771/482 1719/483 1747/484
f 1919/485 1918/486 1733/487 1830/488
f 1871/489 1870/490 1734/491 1831/492
f 1922/493 1916/494 1738/495 1805/496
f 1874/497 1868/498 1739/499 1859/500
f 1740/501 1755/502 1753/503 1780/504
f 1747/484 1719/483 1935/505 1994/506
f 1891/507 1880/508 1735/478 1775/477
f 1914/509 1913/510 1727/511 1769/512
f 1866/513 1865/514 1726/515 1768/516
f 1902/517 1899/518 1740/519 1826/520
f 1897/521 1905/522 1741/523 1832/524
f 1903/525 1906/526 1742/527 1857/528
f 1908/529 1900/530 1743/531 1754/532
f 1986/533 1988/534 1732/474 1748/473
f 1987/535 1955/536 1749/537 1731/538
f 1879/539 1892/540 1774/541 1736/542
f 1948/543 1985/544 1750/545 1841/546
f 1890/547 1877/548 1773/549 1840/550
f 1888/551 1878/552 1772/553 1824/554
f 1886/555 1891/556 1775/557 1861/558
f 1947/559 1956/560 1751/561 1825/562
f 1946/563 1986/564 1748/565 1835/566
f 1899/567 1907/568 1755/502 1740/501
f 1869/569 1867/570 1771/482 1725/481
f 1917/571 1915/572 1776/458 1724/457
f 1754/532 1743/531 1783/573 1752/574
f 1912/575 1894/576 1779/577 1714/578
f 1860/472 1725/471 1747/579 1863/580
f 1826/520 1740/519 1780/581 1827/582
f 1832/524 1741/523 1781/583 1833/584
f 1736/542 1774/541 1760/585 1717/586
f 1859/500 1739/499 1745/587 1838/588
f 1925/589 1964/590 1757/591 1802/592
f 1857/528 1742/527 1782/593 1812/594
f 1768/516 1726/515 1744/595 1720/596
f 1769/512 1727/511 1789/597 1785/598
f 1831/492 1734/491 1746/599 1852/600
f 1861/558 1775/557 1762/601 1794/602
f 1840/550 1773/549 1763/603 1853/604
f 1841/546 1750/545 1790/605 1842/606
f 1824/554 1772/553 1761/607 1839/608
f 1943/609 1963/610 1758/611 1843/612
f 1731/538 1749/537 1793/613 1729/614
f 1805/496 1738/495 1788/615 1811/616
f 1830/488 1733/487 1787/617 1818/618
f 1862/468 1724/467 1786/619 1845/620
f 1738/621 1817/622 1764/623 1788/624
f 1835/566 1748/565 1791/625 1834/626
f 1825/562 1751/561 1792/627 1822/628
f 1927/629 1962/630 1759/631 1846/632
f 1942/633 1941/634 1756/635 1721/636
f 1751/637 1767/638 1766/639 1792/640
f 1955/641 1954/642 1836/643 1749/644
f 1900/645 1904/646 1858/647 1743/648
f 1941/649 1926/650 1823/651 1756/652
f 1911/653 1884/654 1808/655 1715/656
f 1878/657 1889/658 1800/659 1772/660
f 1910/661 1882/662 1819/663 1716/664
f 1743/648 1858/647 1856/665 1783/666
f 1739/667 1855/668 1848/669 1745/670
f 1913/671 1921/672 1807/673 1727/674
f 1745/670 1848/669 1996/675 1933/676
f 1918/677 1924/678 1821/679 1733/680
f 1868/681 1872/682 1855/668 1739/667
f 1742/683 1854/684 1801/685 1782/686
f 1916/687 1920/688 1817/622 1738/621
f 1746/689 1796/690 1952/691 1936/692
f 1956/693 1953/694 1767/638 1751/637
f 1727/674 1807/673 1810/695 1789/696
f 1772/660 1800/659 1765/697 1761/698
f 1906/699 1898/700 1854/684 1742/683
f 1892/701 1887/702 1813/703 1774/704
f 1964/705 1944/706 1849/707 1757/708
f 1909/709 1881/710 1828/711 1713/712
f 1865/713 1873/714 1814/715 1726/716
f 1963/717 1928/718 1799/719 1758/720
f 1749/644 1836/643 1837/721 1793/722
f 1985/723 1945/724 1815/725 1750/726
f 1774/704 1813/703 1809/727 1760/728
f 1773/729 1816/730 1797/731 1763/732
f 1870/733 1876/734 1820/735 1734/736
f 1905/737 1901/738 1795/739 1741/740
f 1726/716 1814/715 1803/741 1744/742
f 1877/743 1885/744 1816/730 1773/729
f 1741/740 1795/739 1844/745 1781/746
f 1750/726 1815/725 1798/747 1790/748
f 1734/736 1820/735 1796/690 1746/689
f 1733/680 1821/679 1847/749 1787/750
f 1744/742 1803/741 1950/751 1995/752
f 1720/596 1744/595 1995/753 1934/754
f 1898/700 1908/529 1754/532 1854/684
f 1904/646 1902/517 1826/520 1858/647
f 1907/568 1897/521 1832/524 1755/502
f 1873/714 1875/469 1860/472 1814/715
f 1867/570 1871/489 1831/492 1771/482
f 1880/508 1890/547 1840/550 1735/478
f 1915/572 1919/485 1830/488 1776/458
f 1988/534 1948/543 1841/546 1732/474
f 1887/702 1886/555 1861/558 1813/703
f 1921/672 1923/465 1862/468 1807/673
f 1954/642 1946/563 1835/566 1836/643
f 1953/694 1987/535 1731/538 1767/638
f 1920/688 1914/509 1769/512 1817/622
f 1889/658 1879/539 1736/542 1800/659
f 1872/682 1866/513 1768/516 1855/668
f 1926/650 2005/755 1946/563 1823/651
f 1992/756 1835/566 1834/626 1921/672
f 1807/673 2000/757 1886/555 1810/695
f 1937/758 1861/558 1794/602 1873/714
f 1814/715 1949/759 1902/517 1803/741
f 1881/710 1826/520 1827/582 1828/711
f 1966/760 1943/609 1843/612 1988/534
f 1732/474 1979/761 1919/485 1730/475
f 1984/762 1830/488 1818/618 1880/508
f 1735/478 1959/763 1871/489 1718/479
f 1935/505 1831/492 1852/600 1907/568
f 1755/502 1895/445 1850/448 1753/503
f 1928/718 2007/764 1947/559 1799/719
f 1989/765 1825/562 1822/628 1924/678
f 1821/679 1997/766 1888/551 1847/749
f 1940/767 1824/554 1839/608 1876/734
f 1820/735 1951/768 1903/525 1796/690
f 1884/654 1857/528 1812/594 1808/655
f 2001/769 1942/633 1721/636 1953/694
f 1767/638 1930/770 1914/509 1766/639
f 1973/771 1769/512 1785/598 1889/658
f 1800/659 1970/772 1866/513 1765/697
f 1996/675 1768/516 1720/596 1898/700
f 1854/684 1893/453 1778/456 1801/685
f 1939/773 1957/774 1869/470 1875/469
f 1959/763 1958/775 1870/490 1871/489
f 1938/776 1972/777 1868/498 1874/497
f 1970/772 1969/778 1865/514 1866/513
f 1957/779 1971/780 1867/570 1869/569
f 1972/781 1960/782 1872/682 1868/681
f 1969/783 1937/758 1873/714 1865/713
f 1958/784 1940/767 1876/734 1870/733
f 1820/735 1876/734 1874/497 1859/500
f 1936/692 1952/691 1901/738 1905/737
f 1933/676 1996/675 1898/700 1906/699
f 1982/785 1973/771 1889/658 1878/657
f 1994/506 1935/505 1907/568 1899/567
f 1782/686 1801/685 1882/662 1910/661
f 1780/504 1753/503 1894/576 1912/575
f 1752/574 1783/573 1909/454 1893/453
f 1795/739 1901/738 1903/525 1857/528
f 1934/754 1995/753 1900/530 1908/529
f 1783/666 1856/665 1881/710 1909/709
f 1995/752 1950/751 1904/646 1900/645
f 1838/588 1745/587 1933/786 1951/768
f 1993/787 1936/788 1905/522 1897/521
f 1833/584 1781/583 1911/446 1895/445
f 1816/730 1885/744 1888/551 1824/554
f 1951/768 1933/786 1906/526 1903/525
f 1949/759 1994/789 1899/518 1902/517
f 1781/746 1844/745 1884/654 1911/653
f 1997/766 1982/790 1878/552 1888/551
f 1812/594 1782/593 1910/450 1896/449
f 1863/580 1747/579 1994/789 1949/759
f 1981/791 1998/792 1885/744 1877/743
f 1852/600 1746/599 1936/788 1993/787
f 1827/582 1780/581 1912/442 1883/441
f 1983/793 1976/794 1892/540 1879/539
f 1975/795 1984/762 1880/508 1891/507
f 2000/757 1975/796 1891/556 1886/555
f 1974/797 1981/798 1877/548 1890/547
f 1976/799 1999/800 1887/702 1892/701
f 1990/801 1977/802 1917/466 1923/465
f 1979/761 1978/803 1918/486 1919/485
f 1991/804 1932/805 1916/494 1922/493
f 1930/770 1929/806 1913/510 1914/509
f 1977/807 1931/808 1915/572 1917/571
f 1929/809 1992/756 1921/672 1913/671
f 1978/810 1989/765 1924/678 1918/677
f 1932/811 1980/812 1920/688 1916/687
f 1821/679 1924/678 1922/493 1805/496
f 1968/813 2008/814 1945/724 1985/723
f 2003/815 2001/769 1953/694 1956/693
f 2005/755 1965/816 1986/564 1946/563
f 2002/817 2004/818 1954/642 1955/641
f 2006/819 1968/820 1985/544 1948/543
f 1723/821 1777/822 1961/462 1962/461
f 1967/823 2002/824 1955/536 1987/535
f 1811/616 1788/615 1982/790 1997/766
f 1815/725 1945/724 1947/559 1825/562
f 1787/750 1847/749 1998/792 1981/791
f 2007/764 2003/825 1956/560 1947/559
f 1965/826 1966/760 1988/534 1986/533
f 1728/827 1806/828 1926/650 1941/649
f 1794/602 1762/601 1957/774 1939/773
f 1761/698 1765/697 1960/782 1972/781
f 1760/728 1809/727 1937/758 1969/783
f 1762/480 1718/479 1971/780 1957/779
f 1804/829 1737/830 1964/590 1925/589
f 1717/586 1760/585 1969/778 1970/772
f 1786/460 1784/459 1984/762 1975/795
f 1770/831 1728/832 1941/634 1942/633
f 1785/598 1789/597 1976/794 1983/793
f 1843/612 1758/611 1968/820 2006/819
f 1839/608 1761/607 1972/777 1938/776
f 1763/732 1797/731 1940/767 1958/784
f 1834/626 1791/625 1977/802 1990/801
f 1853/604 1763/603 1958/775 1959/763
f 1802/592 1757/591 2003/825 2007/764
f 1789/696 1810/695 1999/800 1976/799
f 1842/606 1790/605 1978/803 1979/761
f 1788/624 1764/623 1973/771 1982/785
f 1845/620 1786/619 1975/796 2000/757
f 1759/464 1722/463 1966/760 1965/826
f 1818/618 1787/617 1981/798 1974/797
f 1792/640 1766/639 1980/812 1932/811
f 1729/614 1793/613 1929/806 1930/770
f 1846/632 1759/631 1965/816 2005/755
f 1822/628 1792/627 1932/805 1991/804
f 1793/722 1837/721 1992/756 1929/809
f 1790/748 1798/747 1989/765 1978/810
f 1791/476 1730/475 1931/808 1977/807
f 1721/636 1756/635 2002/824 1967/823
f 1758/720 1799/719 2008/814 1968/813
f 1757/708 1849/707 2001/769 2003/815
f 1756/652 1823/651 2004/818 2002/817
f 2009/833 2011/834 2012/835 2010/836
f 2013/837 2015/838 2016/839 2014/840
f 1925/841 2009/842 2010/843 1804/844
f 1579/376 1608/375 1723/845 1560/846
f 1591/368 1607/367 1413/847 1851/848
f 1592/372 1606/371 1737/830 1804/829
f 1589/361 1605/360 1728/832 1770/831
f 1608/359 1590/358 1777/822 1723/821
f 1606/357 1578/356 1517/849 1737/850
f 1605/363 1577/362 1806/828 1728/827
f 1577/362 1524/96 1525/154 1806/828
f 1453/78 1591/368 1851/848 1451/79
f 1549/254 1589/361 1770/831 1497/255
f 1517/849 1770/831 1942/633 1944/706
f 1851/851 1413/852 2023/853 2025/854
f 2024/855 2023/853 1413/852 1505/856
f 1806/828 1560/846 1927/629 1926/650
f 1560/846 1723/845 1962/630 1927/629
f 1737/850 1517/849 1944/706 1964/705
f 1408/857 1405/858 1804/859 1925/860
f 1405/858 1412/861 2010/862 1804/859
f 1412/861 1411/863 2009/864 2010/862
f 1411/865 1408/857 1925/860 2009/866
f 1928/867 1505/868 1406/869 1407/870
f 2012/835 2011/834 1409/871 1410/872
f 1410/872 1406/869 1505/868 2012/835
f 1624/26 1504/873 1398/874 1399/27
f 1705/875 1706/876 1404/877 1403/878
f 2011/879 1928/867 1407/870 1409/880
f 1397/30 1404/877 1706/876 1500/31
f 1504/873 1708/433 1402/440 1398/874
f 1621/32 1705/881 1403/882 1400/29
f 1512/883 1448/884 2017/885 2018/886
f 2021/120 2019/289 1537/292 1644/121
f 1641/887 1512/883 2018/886 2020/888
f 2020/888 2022/119 1681/122 1641/887
f 2026/889 2024/855 1505/856 1928/890
f 1928/890 1963/891 2028/892 2026/889
f 1943/893 1851/851 2025/854 2027/894
f 1963/895 1943/893 2027/894 2028/896
f 2037/897 2042/898 1708/899 1504/405
f 1515/401 1435/429 2032/900 2038/901
f 1504/405 1430/404 2031/902 2037/897
f 2034/903 2044/904 1712/437 1475/414
f 1559/422 1502/421 2036/905 2040/906
f 1706/907 1708/899 2042/898 2041/908
f 1500/427 1706/907 2041/908 2035/909
f 1546/415 1710/438 2043/910 2039/911
f 1475/414 1420/413 2029/912 2034/903
f 1710/438 1712/437 2044/904 2043/910
f 2040/906 2029/913 1420/426 1559/422
f 2033/914 2030/915 1425/430 1468/402
f 1502/421 1425/425 2030/916 2036/905
f 2035/909 2032/917 1435/428 1500/427
f 2039/911 2031/918 1430/416 1546/415
f 2038/901 2033/914 1468/402 1515/401
f 2049/919 2046/920 2030/915 2033/914
f 2050/921 2060/922 2044/904 2034/903
f 2035/909 2041/908 2057/923 2051/924
f 2055/925 2047/926 2031/918 2039/911
f 2036/905 2030/916 2046/927 2052/928
f 2053/929 2058/930 2042/898 2037/897
f 2054/931 2049/919 2033/914 2038/901
f 2034/903 2029/912 2045/932 2050/921
f 2041/908 2042/898 2058/930 2057/923
f 2051/924 2048/933 2032/917 2035/909
f 2037/897 2031/902 2047/934 2053/929
f 2043/910 2044/904 2060/922 2059/935
f 2056/936 2045/937 2029/913 2040/906
f 2038/901 2032/900 2048/938 2054/931
f 2039/911 2043/910 2059/935 2055/925
f 2040/906 2036/905 2052/928 2056/936
f 2057/939 2058/940 2074/941 2073/942
f 2066/943 2076/944 2060/922 2050/921
f 2050/921 2045/932 2061/945 2066/943
f 2065/946 2062/947 2046/920 2049/919
f 2067/948 2064/949 2048/950 2051/951
f 2051/951 2057/939 2073/942 2067/948
f 2059/935 2060/922 2076/944 2075/952
f 2053/953 2047/954 2063/955 2069/956
f 2071/957 2063/958 2047/926 2055/925
f 2072/959 2061/960 2045/961 2056/962
f 2069/956 2074/941 2058/940 2053/953
f 2055/925 2059/935 2075/952 2071/957
f 2052/963 2046/964 2062/965 2068/966
f 2054/931 2048/938 2064/967 2070/968
f 2070/968 2065/946 2049/919 2054/931
f 2056/962 2052/963 2068/966 2072/959
f 2081/3 2082/4 2078/1 2077/2
f 2082/5 2083/6 2079/7 2078/8
f 2083/9 2084/10 2080/11 2079/12
f 2084/15 2081/16 2077/13 2080/14
f 2085/17 2088/18 2080/14 2077/13
f 2084/15 2083/6 2082/5 2081/16
f 2088/19 2087/20 2079/12 2080/11
f 2087/21 2086/22 2078/8 2079/7
f 2086/23 2085/24 2077/2 2078/1
f 2399/25 2316/26 2091/27 2093/28
f 2092/29 2089/30 2192/31 2313/32
f 2113/33 2166/34 2172/35 2174/36
f 2350/37 2349/38 2111/39 2149/40
f 2311/41 2305/42 2113/43 2249/44
f 2263/45 2257/46 2114/47 2247/48
f 2138/49 2121/50 2119/51 2179/52
f 2165/53 2125/54 2107/55 2152/56
f 2114/57 2161/58 2108/59 2137/60
f 2307/61 2306/62 2123/63 2218/64
f 2259/65 2258/66 2124/67 2219/68
f 2310/69 2304/70 2128/71 2193/72
f 2262/73 2256/74 2129/75 2246/76
f 2130/77 2145/78 2143/79 2168/80
f 2137/60 2108/59 2323/81 2382/82
f 2279/83 2268/84 2125/54 2165/53
f 2302/85 2301/86 2116/87 2159/88
f 2254/89 2253/90 2115/91 2158/92
f 2290/93 2287/94 2130/95 2216/96
f 2285/97 2293/98 2131/99 2220/100
f 2291/101 2294/102 2132/103 2244/104
f 2296/105 2288/106 2133/107 2144/108
f 2374/109 2376/110 2121/50 2138/49
f 2375/111 2343/112 2139/113 2120/114
f 2267/115 2280/116 2164/117 2126/118
f 2714/119 2713/120 2336/121 2373/122
f 2278/123 2265/124 2163/125 2228/126
f 2276/127 2266/128 2162/129 2214/130
f 2274/131 2279/132 2165/133 2248/134
f 2335/135 2344/136 2141/137 2215/138
f 2334/139 2374/140 2138/141 2223/142
f 2287/143 2295/144 2145/78 2130/77
f 2257/145 2255/146 2161/58 2114/57
f 2305/147 2303/148 2166/34 2113/33
f 2144/108 2133/107 2171/149 2142/150
f 2247/48 2114/47 2137/151 2250/152
f 2216/96 2130/95 2168/153 2217/154
f 2220/100 2131/99 2169/155 2221/156
f 2126/118 2164/117 2150/157 2106/158
f 2246/76 2129/75 2135/159 2226/160
f 2313/161 2352/162 2147/163 2190/164
f 2244/104 2132/103 2170/165 2201/166
f 2158/92 2115/91 2134/167 2109/168
f 2159/88 2116/87 2177/169 2173/170
f 2219/68 2124/67 2136/171 2239/172
f 2248/134 2165/133 2152/173 2182/174
f 2228/126 2163/125 2153/175 2240/176
f 2229/177 2140/178 2178/179 2230/180
f 2214/130 2162/129 2151/181 2227/182
f 2331/183 2351/184 2148/185 2231/186
f 2120/114 2139/113 2181/187 2118/188
f 2193/72 2128/71 2176/189 2200/190
f 2218/64 2123/63 2175/191 2208/192
f 2249/44 2113/43 2174/193 2233/194
f 2128/195 2206/196 2154/197 2176/198
f 2223/142 2138/141 2179/199 2222/200
f 2215/138 2141/137 2180/201 2212/202
f 2315/203 2350/204 2149/205 2234/206
f 2330/207 2329/208 2146/209 2110/210
f 2141/211 2157/212 2156/213 2180/214
f 2343/215 2342/216 2224/217 2139/218
f 2288/219 2292/220 2245/221 2133/222
f 2329/223 2314/224 2213/225 2146/226
f 2299/227 2272/228 2197/229 2105/230
f 2266/231 2277/232 2188/233 2162/234
f 2133/222 2245/221 2243/235 2171/236
f 2129/237 2242/238 2236/239 2135/240
f 2301/241 2309/242 2195/243 2116/244
f 2135/240 2236/239 2384/245 2321/246
f 2306/247 2312/248 2211/249 2123/250
f 2256/251 2260/252 2242/238 2129/237
f 2132/253 2241/254 2189/255 2170/256
f 2304/257 2308/258 2206/196 2128/195
f 2136/259 2184/260 2340/261 2324/262
f 2344/263 2341/264 2157/212 2141/211
f 2116/244 2195/243 2199/265 2177/266
f 2162/234 2188/233 2155/267 2151/268
f 2294/269 2286/270 2241/254 2132/253
f 2280/271 2275/272 2202/273 2164/274
f 2352/275 2332/276 2237/277 2147/278
f 2253/279 2261/280 2203/281 2115/282
f 2351/283 2316/284 2187/285 2148/286
f 2139/218 2224/217 2225/287 2181/288
f 2711/289 2709/290 2140/291 2229/292
f 2164/274 2202/273 2198/293 2150/294
f 2163/295 2205/296 2185/297 2153/298
f 2258/299 2264/300 2210/301 2124/302
f 2293/303 2289/304 2183/305 2131/306
f 2115/282 2203/281 2191/307 2134/308
f 2265/309 2273/310 2205/296 2163/295
f 2131/306 2183/305 2232/311 2169/312
f 2140/313 2204/314 2186/315 2178/316
f 2124/302 2210/301 2184/260 2136/259
f 2123/250 2211/249 2235/317 2175/318
f 2134/308 2191/307 2338/319 2383/320
f 2109/168 2134/167 2383/321 2322/322
f 2286/270 2296/105 2144/108 2241/254
f 2292/220 2290/93 2216/96 2245/221
f 2295/144 2285/97 2220/100 2145/78
f 2261/280 2263/45 2247/48 2203/281
f 2255/146 2259/65 2219/68 2161/58
f 2268/84 2278/123 2228/126 2125/54
f 2303/148 2307/61 2218/64 2166/34
f 2376/110 2336/323 2229/324 2121/50
f 2275/272 2274/131 2248/134 2202/273
f 2309/242 2311/41 2249/44 2195/243
f 2342/216 2334/139 2223/142 2224/217
f 2341/264 2375/111 2120/114 2157/212
f 2308/258 2302/85 2159/88 2206/196
f 2277/232 2267/115 2126/118 2188/233
f 2260/252 2254/89 2158/92 2242/238
f 2314/224 2393/325 2334/139 2213/225
f 2380/326 2223/142 2222/200 2309/242
f 2195/243 2388/327 2274/131 2199/265
f 2325/328 2248/134 2182/174 2261/280
f 2203/281 2337/329 2290/93 2191/307
f 2354/330 2331/183 2231/186 2376/110
f 2121/50 2367/331 2307/61 2119/51
f 2372/332 2218/64 2208/192 2268/84
f 2125/54 2347/333 2259/65 2107/55
f 2323/81 2219/68 2239/172 2295/144
f 2316/284 2395/334 2335/135 2187/285
f 2377/335 2215/138 2212/202 2312/248
f 2211/249 2385/336 2276/127 2235/317
f 2328/337 2214/130 2227/182 2264/300
f 2210/301 2339/338 2291/101 2184/260
f 2272/228 2244/104 2201/166 2197/229
f 2389/339 2330/207 2110/210 2341/264
f 2157/212 2318/340 2302/85 2156/213
f 2361/341 2159/88 2173/170 2277/232
f 2188/233 2358/342 2254/89 2155/267
f 2384/245 2158/92 2109/168 2286/270
f 2327/343 2345/344 2257/46 2263/45
f 2347/333 2346/345 2258/66 2259/65
f 2326/346 2360/347 2256/74 2262/73
f 2358/342 2357/348 2253/90 2254/89
f 2345/349 2359/350 2255/146 2257/145
f 2360/351 2348/352 2260/252 2256/251
f 2357/353 2325/328 2261/280 2253/279
f 2346/354 2328/337 2264/300 2258/299
f 2210/301 2264/300 2262/73 2246/76
f 2324/262 2340/261 2289/304 2293/303
f 2321/246 2384/245 2286/270 2294/269
f 2370/355 2361/341 2277/232 2266/231
f 2382/82 2323/81 2295/144 2287/143
f 2170/256 2189/255 2270/356 2298/357
f 2168/80 2143/79 2282/358 2300/359
f 2142/150 2171/149 2297/360 2281/361
f 2183/305 2289/304 2291/101 2244/104
f 2322/322 2383/321 2288/106 2296/105
f 2171/236 2243/235 2269/362 2297/363
f 2383/320 2338/319 2292/220 2288/219
f 2226/160 2135/159 2321/364 2339/338
f 2381/365 2324/366 2293/98 2285/97
f 2221/156 2169/155 2299/367 2283/368
f 2205/296 2273/310 2276/127 2214/130
f 2339/338 2321/364 2294/102 2291/101
f 2337/329 2382/369 2287/94 2290/93
f 2169/312 2232/311 2272/228 2299/227
f 2385/336 2370/370 2266/128 2276/127
f 2201/166 2170/165 2298/371 2284/372
f 2250/152 2137/151 2382/369 2337/329
f 2369/373 2386/374 2273/310 2265/309
f 2239/172 2136/171 2324/366 2381/365
f 2217/154 2168/153 2300/375 2271/376
f 2371/377 2364/378 2280/116 2267/115
f 2363/379 2372/332 2268/84 2279/83
f 2388/327 2363/380 2279/132 2274/131
f 2362/381 2369/382 2265/124 2278/123
f 2364/383 2387/384 2275/272 2280/271
f 2378/385 2365/386 2305/42 2311/41
f 2367/331 2366/387 2306/62 2307/61
f 2379/388 2320/389 2304/70 2310/69
f 2318/340 2317/390 2301/86 2302/85
f 2365/391 2319/392 2303/148 2305/147
f 2317/393 2380/326 2309/242 2301/241
f 2366/394 2377/335 2312/248 2306/247
f 2320/395 2368/396 2308/258 2304/257
f 2211/249 2312/248 2310/69 2193/72
f 2356/397 2396/398 2333/399 2373/400
f 2207/401 2160/402 2330/207 2332/276
f 2391/403 2389/339 2341/264 2344/263
f 2122/404 2196/405 2316/284 2351/283
f 2393/325 2353/406 2374/140 2334/139
f 2390/407 2392/408 2342/216 2343/215
f 2394/409 2356/410 2373/411 2336/412
f 2112/413 2167/414 2349/38 2350/37
f 2238/415 2122/416 2351/184 2331/183
f 2355/417 2390/418 2343/112 2375/111
f 2200/190 2176/189 2370/370 2385/336
f 2204/419 2333/420 2335/135 2215/138
f 2175/318 2235/317 2386/374 2369/373
f 2194/421 2251/422 2315/203 2314/224
f 2395/334 2391/423 2344/136 2335/135
f 2353/424 2354/330 2376/110 2374/109
f 2117/425 2194/421 2314/224 2329/223
f 2182/174 2152/173 2345/344 2327/343
f 2151/268 2155/267 2348/352 2360/351
f 2251/422 2112/426 2350/204 2315/203
f 2150/294 2198/293 2325/328 2357/353
f 2152/56 2107/55 2359/350 2345/349
f 2192/427 2127/428 2352/162 2313/161
f 2127/429 2207/401 2332/276 2352/275
f 2106/158 2150/157 2357/348 2358/342
f 2174/36 2172/35 2372/332 2363/379
f 2160/402 2117/430 2329/208 2330/207
f 2173/170 2177/169 2364/378 2371/377
f 2231/186 2148/185 2356/410 2394/409
f 2227/182 2151/181 2360/347 2326/346
f 2153/298 2185/297 2328/337 2346/354
f 2222/200 2179/199 2365/386 2378/385
f 2240/176 2153/175 2346/345 2347/333
f 2190/164 2147/163 2391/423 2395/334
f 2177/266 2199/265 2387/384 2364/383
f 2230/180 2178/179 2366/387 2367/331
f 2176/198 2154/197 2361/341 2370/355
f 2233/194 2174/193 2363/380 2388/327
f 2149/40 2111/39 2354/330 2353/424
f 2208/192 2175/191 2369/382 2362/381
f 2180/214 2156/213 2368/396 2320/395
f 2118/188 2181/187 2317/390 2318/340
f 2234/206 2149/205 2353/406 2393/325
f 2212/202 2180/201 2320/389 2379/388
f 2181/288 2225/287 2380/326 2317/393
f 2178/316 2186/315 2377/335 2366/394
f 2179/52 2119/51 2319/392 2365/391
f 2110/210 2146/209 2390/418 2355/417
f 2148/286 2187/285 2396/398 2356/397
f 2147/278 2237/277 2389/339 2391/403
f 2146/226 2213/225 2392/408 2390/407
f 2397/431 2399/432 2400/433 2398/434
f 2401/435 2403/436 2404/437 2402/438
f 2400/433 2399/432 2093/439 2094/440
f 2575/441 2604/442 2406/443 2556/444
f 2587/445 2603/446 2407/447 2542/448
f 2588/449 2602/450 2408/451 2521/452
f 2585/453 2601/454 2405/455 2470/456
f 2416/457 2468/458 2476/459 2478/460
f 2654/461 2653/462 2414/463 2451/464
f 2615/465 2609/466 2416/467 2554/468
f 2567/469 2561/470 2417/471 2552/472
f 2440/473 2424/474 2422/475 2483/476
f 2467/477 2427/478 2410/479 2454/480
f 2417/481 2463/482 2411/483 2439/484
f 2611/485 2610/486 2425/487 2522/488
f 2563/489 2562/490 2426/491 2523/492
f 2614/493 2608/494 2430/495 2497/496
f 2566/497 2560/498 2431/499 2551/500
f 2432/501 2447/502 2445/503 2472/504
f 2439/484 2411/483 2627/505 2686/506
f 2583/507 2572/508 2427/478 2467/477
f 2606/509 2605/510 2419/511 2461/512
f 2558/513 2557/514 2418/515 2460/516
f 2594/517 2591/518 2432/519 2518/520
f 2589/521 2597/522 2433/523 2524/524
f 2595/525 2598/526 2434/527 2549/528
f 2600/529 2592/530 2435/531 2446/532
f 2678/533 2680/534 2424/474 2440/473
f 2679/535 2647/536 2441/537 2423/538
f 2571/539 2584/540 2466/541 2428/542
f 2640/543 2677/544 2442/545 2533/546
f 2582/547 2569/548 2465/549 2532/550
f 2580/551 2570/552 2464/553 2516/554
f 2578/555 2583/556 2467/557 2553/558
f 2639/559 2648/560 2443/561 2517/562
f 2638/563 2678/564 2440/565 2527/566
f 2591/567 2599/568 2447/502 2432/501
f 2561/569 2559/570 2463/482 2417/481
f 2609/571 2607/572 2468/458 2416/457
f 2446/532 2435/531 2475/573 2444/574
f 2604/575 2586/576 2471/577 2406/578
f 2552/472 2417/471 2439/579 2555/580
f 2518/520 2432/519 2472/581 2519/582
f 2524/524 2433/523 2473/583 2525/584
f 2428/542 2466/541 2452/585 2409/586
f 2551/500 2431/499 2437/587 2530/588
f 2617/589 2656/590 2449/591 2494/592
f 2549/528 2434/527 2474/593 2504/594
f 2460/516 2418/515 2436/595 2412/596
f 2461/512 2419/511 2481/597 2477/598
f 2523/492 2426/491 2438/599 2544/600
f 2553/558 2467/557 2454/601 2486/602
f 2532/550 2465/549 2455/603 2545/604
f 2533/546 2442/545 2482/605 2534/606
f 2516/554 2464/553 2453/607 2531/608
f 2635/609 2655/610 2450/611 2535/612
f 2423/538 2441/537 2485/613 2421/614
f 2497/496 2430/495 2480/615 2503/616
f 2522/488 2425/487 2479/617 2510/618
f 2554/468 2416/467 2478/619 2537/620
f 2430/621 2509/622 2456/623 2480/624
f 2527/566 2440/565 2483/625 2526/626
f 2517/562 2443/561 2484/627 2514/628
f 2619/629 2654/630 2451/631 2538/632
f 2634/633 2633/634 2448/635 2413/636
f 2443/637 2459/638 2458/639 2484/640
f 2647/641 2646/642 2528/643 2441/644
f 2592/645 2596/646 2550/647 2435/648
f 2633/649 2618/650 2515/651 2448/652
f 2603/653 2576/654 2500/655 2407/656
f 2570/657 2581/658 2492/659 2464/660
f 2602/661 2574/662 2511/663 2408/664
f 2435/648 2550/647 2548/665 2475/666
f 2431/667 2547/668 2540/669 2437/670
f 2605/671 2613/672 2499/673 2419/674
f 2437/670 2540/669 2688/675 2625/676
f 2610/677 2616/678 2513/679 2425/680
f 2560/681 2564/682 2547/668 2431/667
f 2434/683 2546/684 2493/685 2474/686
f 2608/687 2612/688 2509/622 2430/621
f 2438/689 2488/690 2644/691 2628/692
f 2648/693 2645/694 2459/638 2443/637
f 2419/674 2499/673 2502/695 2481/696
f 2464/660 2492/659 2457/697 2453/698
f 2598/699 2590/700 2546/684 2434/683
f 2584/701 2579/702 2505/703 2466/704
f 2656/705 2636/706 2541/707 2449/708
f 2601/709 2573/710 2520/711 2405/712
f 2557/713 2565/714 2506/715 2418/716
f 2655/717 2620/718 2491/719 2450/720
f 2441/644 2528/643 2529/721 2485/722
f 2677/723 2637/724 2507/725 2442/726
f 2466/704 2505/703 2501/727 2452/728
f 2465/729 2508/730 2489/731 2455/732
f 2562/733 2568/734 2512/735 2426/736
f 2597/737 2593/738 2487/739 2433/740
f 2418/716 2506/715 2495/741 2436/742
f 2569/743 2577/744 2508/730 2465/729
f 2433/740 2487/739 2536/745 2473/746
f 2442/726 2507/725 2490/747 2482/748
f 2426/736 2512/735 2488/690 2438/689
f 2425/680 2513/679 2539/749 2479/750
f 2436/742 2495/741 2642/751 2687/752
f 2412/596 2436/595 2687/753 2626/754
f 2590/700 2600/529 2446/532 2546/684
f 2596/646 2594/517 2518/520 2550/647
f 2599/568 2589/521 2524/524 2447/502
f 2565/714 2567/469 2552/472 2506/715
f 2559/570 2563/489 2523/492 2463/482
f 2572/508 2582/547 2532/550 2427/478
f 2607/572 2611/485 2522/488 2468/458
f 2680/534 2640/543 2533/546 2424/474
f 2579/702 2578/555 2553/558 2505/703
f 2613/672 2615/465 2554/468 2499/673
f 2646/642 2638/563 2527/566 2528/643
f 2645/694 2679/535 2423/538 2459/638
f 2612/688 2606/509 2461/512 2509/622
f 2581/658 2571/539 2428/542 2492/659
f 2564/682 2558/513 2460/516 2547/668
f 2618/650 2697/755 2638/563 2515/651
f 2684/756 2527/566 2526/626 2613/672
f 2499/673 2692/757 2578/555 2502/695
f 2629/758 2553/558 2486/602 2565/714
f 2506/715 2641/759 2594/517 2495/741
f 2573/710 2518/520 2519/582 2520/711
f 2658/760 2635/609 2535/612 2680/534
f 2424/474 2671/761 2611/485 2422/475
f 2676/762 2522/488 2510/618 2572/508
f 2427/478 2651/763 2563/489 2410/479
f 2627/505 2523/492 2544/600 2599/568
f 2447/502 2587/445 2542/448 2445/503
f 2620/718 2699/764 2639/559 2491/719
f 2681/765 2517/562 2514/628 2616/678
f 2513/679 2689/766 2580/551 2539/749
f 2632/767 2516/554 2531/608 2568/734
f 2512/735 2643/768 2595/525 2488/690
f 2576/654 2549/528 2504/594 2500/655
f 2693/769 2634/633 2413/636 2645/694
f 2459/638 2622/770 2606/509 2458/639
f 2665/771 2461/512 2477/598 2581/658
f 2492/659 2662/772 2558/513 2457/697
f 2688/675 2460/516 2412/596 2590/700
f 2546/684 2585/453 2470/456 2493/685
f 2631/773 2649/774 2561/470 2567/469
f 2651/763 2650/775 2562/490 2563/489
f 2630/776 2664/777 2560/498 2566/497
f 2662/772 2661/778 2557/514 2558/513
f 2649/779 2663/780 2559/570 2561/569
f 2664/781 2652/782 2564/682 2560/681
f 2661/783 2629/758 2565/714 2557/713
f 2650/784 2632/767 2568/734 2562/733
f 2512/735 2568/734 2566/497 2551/500
f 2628/692 2644/691 2593/738 2597/737
f 2625/676 2688/675 2590/700 2598/699
f 2674/785 2665/771 2581/658 2570/657
f 2686/506 2627/505 2599/568 2591/567
f 2474/686 2493/685 2574/662 2602/661
f 2472/504 2445/503 2586/576 2604/575
f 2444/574 2475/573 2601/454 2585/453
f 2487/739 2593/738 2595/525 2549/528
f 2626/754 2687/753 2592/530 2600/529
f 2475/666 2548/665 2573/710 2601/709
f 2687/752 2642/751 2596/646 2592/645
f 2530/588 2437/587 2625/786 2643/768
f 2685/787 2628/788 2597/522 2589/521
f 2525/584 2473/583 2603/446 2587/445
f 2508/730 2577/744 2580/551 2516/554
f 2643/768 2625/786 2598/526 2595/525
f 2641/759 2686/789 2591/518 2594/517
f 2473/746 2536/745 2576/654 2603/653
f 2689/766 2674/790 2570/552 2580/551
f 2504/594 2474/593 2602/450 2588/449
f 2555/580 2439/579 2686/789 2641/759
f 2673/791 2690/792 2577/744 2569/743
f 2544/600 2438/599 2628/788 2685/787
f 2519/582 2472/581 2604/442 2575/441
f 2675/793 2668/794 2584/540 2571/539
f 2667/795 2676/762 2572/508 2583/507
f 2692/757 2667/796 2583/556 2578/555
f 2666/797 2673/798 2569/548 2582/547
f 2668/799 2691/800 2579/702 2584/701
f 2682/801 2669/802 2609/466 2615/465
f 2671/761 2670/803 2610/486 2611/485
f 2683/804 2624/805 2608/494 2614/493
f 2622/770 2621/806 2605/510 2606/509
f 2669/807 2623/808 2607/572 2609/571
f 2621/809 2684/756 2613/672 2605/671
f 2670/810 2681/765 2616/678 2610/677
f 2624/811 2672/812 2612/688 2608/687
f 2513/679 2616/678 2614/493 2497/496
f 2660/813 2700/814 2637/724 2677/723
f 2695/815 2693/769 2645/694 2648/693
f 2697/755 2657/816 2678/564 2638/563
f 2694/817 2696/818 2646/642 2647/641
f 2698/819 2660/820 2677/544 2640/543
f 2415/821 2469/822 2653/462 2654/461
f 2659/823 2694/824 2647/536 2679/535
f 2503/616 2480/615 2674/790 2689/766
f 2507/725 2637/724 2639/559 2517/562
f 2479/750 2539/749 2690/792 2673/791
f 2699/764 2695/825 2648/560 2639/559
f 2657/826 2658/760 2680/534 2678/533
f 2420/827 2498/828 2618/650 2633/649
f 2486/602 2454/601 2649/774 2631/773
f 2453/698 2457/697 2652/782 2664/781
f 2452/728 2501/727 2629/758 2661/783
f 2454/480 2410/479 2663/780 2649/779
f 2496/829 2429/830 2656/590 2617/589
f 2409/586 2452/585 2661/778 2662/772
f 2478/460 2476/459 2676/762 2667/795
f 2462/831 2420/832 2633/634 2634/633
f 2477/598 2481/597 2668/794 2675/793
f 2535/612 2450/611 2660/820 2698/819
f 2531/608 2453/607 2664/777 2630/776
f 2455/732 2489/731 2632/767 2650/784
f 2526/626 2483/625 2669/802 2682/801
f 2545/604 2455/603 2650/775 2651/763
f 2494/592 2449/591 2695/825 2699/764
f 2481/696 2502/695 2691/800 2668/799
f 2534/606 2482/605 2670/803 2671/761
f 2480/624 2456/623 2665/771 2674/785
f 2537/620 2478/619 2667/796 2692/757
f 2451/464 2414/463 2658/760 2657/826
f 2510/618 2479/617 2673/798 2666/797
f 2484/640 2458/639 2672/812 2624/811
f 2421/614 2485/613 2621/806 2622/770
f 2538/632 2451/631 2657/816 2697/755
f 2514/628 2484/627 2624/805 2683/804
f 2485/722 2529/721 2684/756 2621/809
f 2482/748 2490/747 2681/765 2670/810
f 2483/476 2422/475 2623/808 2669/807
f 2413/636 2448/635 2694/824 2659/823
f 2450/720 2491/719 2700/814 2660/813
f 2449/708 2541/707 2693/769 2695/815
f 2448/652 2515/651 2696/818 2694/817
f 2701/833 2703/834 2704/835 2702/836
f 2705/837 2707/838 2708/839 2706/840
f 2617/841 2701/842 2702/843 2496/844
f 2271/376 2300/375 2415/845 2252/846
f 2283/368 2299/367 2105/847 2543/848
f 2284/372 2298/371 2429/830 2496/829
f 2281/361 2297/360 2420/832 2462/831
f 2300/359 2282/358 2469/822 2415/821
f 2298/357 2270/356 2209/849 2429/850
f 2297/363 2269/362 2498/828 2420/827
f 2269/362 2216/96 2217/154 2498/828
f 2145/78 2283/368 2543/848 2143/79
f 2241/254 2281/361 2462/831 2189/255
f 2209/849 2462/831 2634/633 2636/706
f 2543/851 2105/852 2715/853 2717/854
f 2716/855 2715/853 2105/852 2197/856
f 2498/828 2252/846 2619/629 2618/650
f 2252/846 2415/845 2654/630 2619/629
f 2429/850 2209/849 2636/706 2656/705
f 2100/857 2097/858 2496/859 2617/860
f 2097/858 2104/861 2702/862 2496/859
f 2104/861 2103/863 2701/864 2702/862
f 2103/865 2100/857 2617/860 2701/866
f 2620/867 2197/868 2098/869 2099/870
f 2704/835 2703/834 2101/871 2102/872
f 2102/872 2098/869 2197/868 2704/835
f 2316/26 2196/873 2090/874 2091/27
f 2397/875 2398/876 2096/877 2095/878
f 2703/879 2620/867 2099/870 2101/880
f 2089/30 2096/877 2398/876 2192/31
f 2196/873 2400/433 2094/440 2090/874
f 2313/32 2397/881 2095/882 2092/29
f 2204/883 2140/884 2709/885 2710/886
f 2713/120 2711/289 2229/292 2336/121
f 2333/887 2204/883 2710/886 2712/888
f 2712/888 2714/119 2373/122 2333/887
f 2718/889 2716/855 2197/856 2620/890
f 2620/890 2655/891 2720/892 2718/889
f 2635/893 2543/851 2717/854 2719/894
f 2655/895 2635/893 2719/894 2720/896
f 2729/897 2734/898 2400/899 2196/405
f 2207/401 2127/429 2724/900 2730/901
f 2196/405 2122/404 2723/902 2729/897
f 2726/903 2736/904 2404/437 2167/414
f 2251/422 2194/421 2728/905 2732/906
f 2398/907 2400/899 2734/898 2733/908
f 2192/427 2398/907 2733/908 2727/909
f 2238/415 2402/438 2735/910 2731/911
f 2167/414 2112/413 2721/912 2726/903
f 2402/438 2404/437 2736/904 2735/910
f 2732/906 2721/913 2112/426 2251/422
f 2725/914 2722/915 2117/430 2160/402
f 2194/421 2117/425 2722/916 2728/905
f 2727/909 2724/917 2127/428 2192/427
f 2731/911 2723/918 2122/416 2238/415
f 2730/901 2725/914 2160/402 2207/401
f 2741/919 2738/920 2722/915 2725/914
f 2742/921 2752/922 2736/904 2726/903
f 2727/909 2733/908 2749/923 2743/924
f 2747/925 2739/926 2723/918 2731/911
f 2728/905 2722/916 2738/927 2744/928
f 2745/929 2750/930 2734/898 2729/897
f 2746/931 2741/919 2725/914 2730/901
f 2726/903 2721/912 2737/932 2742/921
f 2733/908 2734/898 2750/930 2749/923
f 2743/924 2740/933 2724/917 2727/909
f 2729/897 2723/902 2739/934 2745/929
f 2735/910 2736/904 2752/922 2751/935
f 2748/936 2737/937 2721/913 2732/906
f 2730/901 2724/900 2740/938 2746/931
f 2731/911 2735/910 2751/935 2747/925
f 2732/906 2728/905 2744/928 2748/936
f 2749/939 2750/940 2766/941 2765/942
f 2758/943 2768/944 2752/922 2742/921
f 2742/921 2737/932 2753/945 2758/943
f 2757/946 2754/947 2738/920 2741/919
f 2759/948 2756/949 2740/950 2743/951
f 2743/951 2749/939 2765/942 2759/948
f 2751/935 2752/922 2768/944 2767/952
f 2745/953 2739/954 2755/955 2761/956
f 2763/957 2755/958 2739/926 2747/925
f 2764/959 2753/960 2737/961 2748/962
f 2761/956 2766/941 2750/940 2745/953
f 2747/925 2751/935 2767/952 2763/957
f 2744/963 2738/964 2754/965 2760/966
f 2746/931 2740/938 2756/967 2762/968
f 2762/968 2757/946 2741/919 2746/931
f 2748/962 2744/963 2760/966 2764/959
f 2783/969 2779/970 2774/971 2778/972
f 2778/973 2774/974 2769/975 2773/976
f 2773/977 2772/978 2777/979 2778/980
f 2770/981 2769/975 2774/974 2775/982
f 2771/983 2770/981 2775/982 2776/984
f 2772/978 2771/983 2776/984 2777/979
f 2788/985 2784/986 2779/987 2783/988
f 2778/972 2777/989 2782/990 2783/969
f 2775/991 2774/971 2779/970 2780/992
f 2776/993 2775/991 2780/992 2781/994
f 2777/989 2776/993 2781/994 2782/990
f 2798/995 2795/996 2790/997 2793/998
f 2783/999 2782/1000 2787/1001 2788/1002
f 2780/1003 2779/987 2784/986 2785/1004
f 2781/1005 2780/1003 2785/1004 2786/1006
f 2782/1000 2781/1005 2786/1006 2787/1001
f 2790/1007 2789/1008 2785/1009 2784/1010
f 2789/1008 2791/1011 2786/1012 2785/1009
f 2791/1011 2792/1013 2787/1014 2786/1012
f 2792/1013 2793/1015 2788/1016 2787/1014
f 2793/1015 2790/1007 2784/1010 2788/1016
f 2794/1017 2795/1018 2798/1019
f 2796/1020 2794/1017 2798/1019
f 2796/1020 2798/1019 2797/1021
f 2793/1022 2792/1023 2797/1024 2798/1025
f 2789/1026 2790/997 2795/996 2794/1027
f 2791/1028 2789/1026 2794/1027 2796/1029
f 2792/1023 2791/1028 2796/1029 2797/1024
f 2813/969 2809/970 2804/971 2808/972
f 2808/973 2804/974 2799/975 2803/976
f 2803/977 2802/978 2807/979 2808/980
f 2800/981 2799/975 2804/974 2805/982
f 2801/983 2800/981 2805/982 2806/984
f 2802/978 2801/983 2806/984 2807/979
f 2818/985 2814/986 2809/987 2813/988
f 2808/972 2807/989 2812/990 2813/969
f 2805/991 2804/971 2809/970 2810/992
f 2806/993 2805/991 2810/992 2811/994
f 2807/989 2806/993 2811/994 2812/990
f 2828/995 2825/996 2820/997 2823/998
f 2813/999 2812/1000 2817/1001 2818/1002
f 2810/1003 2809/987 2814/986 2815/1004
f 2811/1005 2810/1003 2815/1004 2816/1006
f 2812/1000 2811/1005 2816/1006 2817/1001
f 2820/1007 2819/1008 2815/1009 2814/1010
f 2819/1008 2821/1011 2816/1012 2815/1009
f 2821/1011 2822/1013 2817/1014 2816/1012
f 2822/1013 2823/1015 2818/1016 2817/1014
f 2823/1015 2820/1007 2814/1010 2818/1016
f 2824/1017 2825/1018 2828/1019
f 2826/1020 2824/1017 2828/1019
f 2826/1020 2828/1019 2827/1021
f 2823/1022 2822/1023 2827/1024 2828/1025
f 2819/1026 2820/997 2825/996 2824/1027
f 2821/1028 2819/1026 2824/1027 2826/1029
f 2822/1023 2821/1028 2826/1029 2827/1024
f 2843/969 2839/970 2834/971 2838/972
f 2838/973 2834/974 2829/975 2833/976
f 2833/977 2832/978 2837/979 2838/980
f 2830/981 2829/975 2834/974 2835/982
f 2831/983 2830/981 2835/982 2836/984
f 2832/978 2831/983 2836/984 2837/979
f 2848/985 2844/986 2839/987 2843/988
f 2838/972 2837/989 2842/990 2843/969
f 2835/991 2834/971 2839/970 2840/992
f 2836/993 2835/991 2840/992 2841/994
f 2837/989 2836/993 2841/994 2842/990
f 2858/995 2855/996 2850/997 2853/998
f 2843/999 2842/1000 2847/1001 2848/1002
f 2840/1003 2839/987 2844/986 2845/1004
f 2841/1005 2840/1003 2845/1004 2846/1006
f 2842/1000 2841/1005 2846/1006 2847/1001
f 2850/1007 2849/1008 2845/1009 2844/1010
f 2849/1008 2851/1011 2846/1012 2845/1009
f 2851/1011 2852/1013 2847/1014 2846/1012
f 2852/1013 2853/1015 2848/1016 2847/1014
f 2853/1015 2850/1007 2844/1010 2848/1016
f 2854/1017 2855/1018 2858/1019
f 2856/1020 2854/1017 2858/1019
f 2856/1020 2858/1019 2857/1021
f 2853/1022 2852/1023 2857/1024 2858/1025
f 2849/1026 2850/997 2855/996 2854/1027
f 2851/1028 2849/1026 2854/1027 2856/1029
f 2852/1023 2851/1028 2856/1029 2857/1024
f 2873/969 2869/970 2864/971 2868/972
f 2868/973 2864/974 2859/975 2863/976
f 2863/977 2862/978 2867/979 2868/980
f 2860/981 2859/975 2864/974 2865/982
f 2861/983 2860/981 2865/982 2866/984
f 2862/978 2861/983 2866/984 2867/979
f 2878/985 2874/986 2869/987 2873/988
f 2868/972 2867/989 2872/990 2873/969
f 2865/991 2864/971 2869/970 2870/992
f 2866/993 2865/991 2870/992 2871/994
f 2867/989 2866/993 2871/994 2872/990
f 2888/995 2885/996 2880/997 2883/998
f 2873/999 2872/1000 2877/1001 2878/1002
f 2870/1003 2869/987 2874/986 2875/1004
f 2871/1005 2870/1003 2875/1004 2876/1006
f 2872/1000 2871/1005 2876/1006 2877/1001
f 2880/1007 2879/1008 2875/1009 2874/1010
f 2879/1008 2881/1011 2876/1012 2875/1009
f 2881/1011 2882/1013 2877/1014 2876/1012
f 2882/1013 2883/1015 2878/1016 2877/1014
f 2883/1015 2880/1007 2874/1010 2878/1016
f 2884/1017 2885/1018 2888/1019
f 2886/1020 2884/1017 2888/1019
f 2886/1020 2888/1019 2887/1021
f 2883/1022 2882/1023 2887/1024 2888/1025
f 2879/1026 2880/997 2885/996 2884/1027
f 2881/1028 2879/1026 2884/1027 2886/1029
f 2882/1023 2881/1028 2886/1029 2887/1024
f 2903/969 2899/970 2894/971 2898/972
f 2898/973 2894/974 2889/975 2893/976
f 2893/977 2892/978 2897/979 2898/980
f 2890/981 2889/975 2894/974 2895/982
f 2891/983 2890/981 2895/982 2896/984
f 2892/978 2891/983 2896/984 2897/979
f 2908/985 2904/986 2899/987 2903/988
f 2898/972 2897/989 2902/990 2903/969
f 2895/991 2894/971 2899/970 2900/992
f 2896/993 2895/991 2900/992 2901/994
f 2897/989 2896/993 2901/994 2902/990
f 2918/995 2915/996 2910/997 2913/998
f 2903/999 2902/1000 2907/1001 2908/1002
f 2900/1003 2899/987 2904/986 2905/1004
f 2901/1005 2900/1003 2905/1004 2906/1006
f 2902/1000 2901/1005 2906/1006 2907/1001
f 2910/1007 2909/1008 2905/1009 2904/1010
f 2909/1008 2911/1011 2906/1012 2905/1009
f 2911/1011 2912/1013 2907/1014 2906/1012
f 2912/1013 2913/1015 2908/1016 2907/1014
f 2913/1015 2910/1007 2904/1010 2908/1016
f 2914/1017 2915/1018 2918/1019
f 2916/1020 2914/1017 2918/1019
f 2916/1020 2918/1019 2917/1021
f 2913/1022 2912/1023 2917/1024 2918/1025
f 2909/1026 2910/997 2915/996 2914/1027
f 2911/1028 2909/1026 2914/1027 2916/1029
f 2912/1023 2911/1028 2916/1029 2917/1024
f 2933/969 2929/970 2924/971 2928/972
f 2928/973 2924/974 2919/975 2923/976
f 2923/977 2922/978 2927/979 2928/980
f 2920/981 2919/975 2924/974 2925/982
f 2921/983 2920/981 2925/982 2926/984
f 2922/978 2921/983 2926/984 2927/979
f 2938/985 2934/986 2929/987 2933/988
f 2928/972 2927/989 2932/990 2933/969
f 2925/991 2924/971 2929/970 2930/992
f 2926/993 2925/991 2930/992 2931/994
f 2927/989 2926/993 2931/994 2932/990
f 2948/995 2945/996 2940/997 2943/998
f 2933/999 2932/1000 2937/1001 2938/1002
f 2930/1003 2929/987 2934/986 2935/1004
f 2931/1005 2930/1003 2935/1004 2936/1006
f 2932/1000 2931/1005 2936/1006 2937/1001
f 2940/1007 2939/1008 2935/1009 2934/1010
f 2939/1008 2941/1011 2936/1012 2935/1009
f 2941/1011 2942/1013 2937/1014 2936/1012
f 2942/1013 2943/1015 2938/1016 2937/1014
f 2943/1015 2940/1007 2934/1010 2938/1016
f 2944/1017 2945/1018 2948/1019
f 2946/1020 2944/1017 2948/1019
f 2946/1020 2948/1019 2947/1021
f 2943/1022 2942/1023 2947/1024 2948/1025
f 2939/1026 2940/997 2945/996 2944/1027
f 2941/1028 2939/1026 2944/1027 2946/1029
f 2942/1023 2941/1028 2946/1029 2947/1024
f 2963/969 2959/970 2954/971 2958/972
f 2958/973 2954/974 2949/975 2953/976
f 2953/977 2952/978 2957/979 2958/980
f 2950/981 2949/975 2954/974 2955/982
f 2951/983 2950/981 2955/982 2956/984
f 2952/978 2951/983 2956/984 2957/979
f 2968/985 2964/986 2959/987 2963/988
f 2958/972 2957/989 2962/990 2963/969
f 2955/991 2954/971 2959/970 2960/992
f 2956/993 2955/991 2960/992 2961/994
f 2957/989 2956/993 2961/994 2962/990
f 2978/995 2975/996 2970/997 2973/998
f 2963/999 2962/1000 2967/1001 2968/1002
f 2960/1003 2959/987 2964/986 2965/1004
f 2961/1005 2960/1003 2965/1004 2966/1006
f 2962/1000 2961/1005 2966/1006 2967/1001
f 2970/1007 2969/1008 2965/1009 2964/1010
f 2969/1008 2971/1011 2966/1012 2965/1009
f 2971/1011 2972/1013 2967/1014 2966/1012
f 2972/1013 2973/1015 2968/1016 2967/1014
f 2973/1015 2970/1007 2964/1010 2968/1016
f 2974/1017 2975/1018 2978/1019
f 2976/1020 2974/1017 2978/1019
f 2976/1020 2978/1019 2977/1021
f 2973/1022 2972/1023 2977/1024 2978/1025
f 2969/1026 2970/997 2975/996 2974/1027
f 2971/1028 2969/1026 2974/1027 2976/1029
f 2972/1023 2971/1028 2976/1029 2977/1024
f 2993/969 2989/970 2984/971 2988/972
f 2988/973 2984/974 2979/975 2983/976
f 2983/977 2982/978 2987/979 2988/980
f 2980/981 2979/975 2984/974 2985/982
f 2981/983 2980/981 2985/982 2986/984
f 2982/978 2981/983 2986/984 2987/979
f 2998/985 2994/986 2989/987 2993/988
f 2988/972 2987/989 2992/990 2993/969
f 2985/991 2984/971 2989/970 2990/992
f 2986/993 2985/991 2990/992 2991/994
f 2987/989 2986/993 2991/994 2992/990
f 3008/995 3005/996 3000/997 3003/998
f 2993/999 2992/1000 2997/1001 2998/1002
f 2990/1003 2989/987 2994/986 2995/1004
f 2991/1005 2990/1003 2995/1004 2996/1006
f 2992/1000 2991/1005 2996/1006 2997/1001
f 3000/1007 2999/1008 2995/1009 2994/1010
f 2999/1008 3001/1011 2996/1012 2995/1009
f 3001/1011 3002/1013 2997/1014 2996/1012
f 3002/1013 3003/1015 2998/1016 2997/1014
f 3003/1015 3000/1007 2994/1010 2998/1016
f 3004/1017 3005/1018 3008/1019
f 3006/1020 3004/1017 3008/1019
f 3006/1020 3008/1019 3007/1021
f 3003/1022 3002/1023 3007/1024 3008/1025
f 2999/1026 3000/997 3005/996 3004/1027
f 3001/1028 2999/1026 3004/1027 3006/1029
f 3002/1023 3001/1028 3006/1029 3007/1024
f 3023/969 3019/970 3014/971 3018/972
f 3018/973 3014/974 3009/975 3013/976
f 3013/977 3012/978 3017/979 3018/980
f 3010/981 3009/975 3014/974 3015/982
f 3011/983 3010/981 3015/982 3016/984
f 3012/978 3011/983 3016/984 3017/979
f 3028/985 3024/986 3019/987 3023/988
f 3018/972 3017/989 3022/990 3023/969
f 3015/991 3014/971 3019/970 3020/992
f 3016/993 3015/991 3020/992 3021/994
f 3017/989 3016/993 3021/994 3022/990
f 3038/995 3035/996 3030/997 3033/998
f 3023/999 3022/1000 3027/1001 3028/1002
f 3020/1003 3019/987 3024/986 3025/1004
f 3021/1005 3020/1003 3025/1004 3026/1006
f 3022/1000 3021/1005 3026/1006 3027/1001
f 3030/1007 3029/1008 3025/1009 3024/1010
f 3029/1008 3031/1011 3026/1012 3025/1009
f 3031/1011 3032/1013 3027/1014 3026/1012
f 3032/1013 3033/1015 3028/1016 3027/1014
f 3033/1015 3030/1007 3024/1010 3028/1016
f 3034/1017 3035/1018 3038/1019
f 3036/1020 3034/1017 3038/1019
f 3036/1020 3038/1019 3037/1021
f 3033/1022 3032/1023 3037/1024 3038/1025
f 3029/1026 3030/997 3035/996 3034/1027
f 3031/1028 3029/1026 3034/1027 3036/1029
f 3032/1023 3031/1028 3036/1029 3037/1024
f 3056/1030 3055/1031 3042/1032 3043/1033
f 3064/1034 3044/1035 3039/1036 3063/1037
f 3068/1038 3063/1039 3039/1040 3040/1041
f 3055/1031 3075/1042 3041/1043 3042/1032
f 3064/1034 3056/1030 3043/1033 3044/1035
f 3075/1042 3068/1038 3040/1041 3041/1043
f 3051/1044 3049/1045 3050/1046
f 3051/1044 3046/1047 3047/1048
f 3051/1044 3048/1049 3049/1045
f 3051/1044 3050/1046 3045/1050
f 3051/1044 3045/1050 3046/1047
f 3051/1044 3047/1048 3048/1049
f 3049/1051 3048/1052 3052/1053 3059/1054
f 3059/1054 3052/1053 3053/1055 3058/1056
f 3058/1056 3053/1055 3054/1057 3057/1058
f 3057/1058 3054/1057 3055/1031 3056/1030
f 3050/1059 3067/1060 3060/1061 3045/1062
f 3067/1060 3066/1063 3061/1064 3060/1061
f 3066/1063 3065/1065 3062/1066 3061/1064
f 3065/1065 3064/1034 3063/1037 3062/1066
f 3046/1067 3045/1068 3060/1069 3071/1070
f 3071/1070 3060/1069 3061/1071 3070/1072
f 3070/1072 3061/1071 3062/1073 3069/1074
f 3069/1074 3062/1073 3063/1039 3068/1038
f 3048/1052 3047/1075 3072/1076 3052/1053
f 3052/1053 3072/1076 3073/1077 3053/1055
f 3053/1055 3073/1077 3074/1078 3054/1057
f 3054/1057 3074/1078 3075/1042 3055/1031
f 3050/1059 3049/1051 3059/1054 3067/1060
f 3079/1079 3083/1080 3067/1081 3059/1082
f 3066/1063 3058/1056 3057/1058 3065/1065
f 3056/1083 3064/1084 3080/1085 3076/1086
f 3047/1075 3046/1067 3071/1070 3072/1076
f 3072/1076 3071/1070 3070/1072 3073/1077
f 3073/1077 3070/1072 3069/1074 3074/1078
f 3074/1078 3069/1074 3068/1038 3075/1042
f 3081/1087 3080/1088 3064/1089 3065/1090
f 3077/1091 3081/1087 3065/1090 3057/1092
f 3083/1080 3082/1093 3066/1094 3067/1081
f 3057/1092 3056/1083 3076/1086 3077/1091
f 3059/1082 3058/1095 3078/1096 3079/1079
f 3058/1095 3066/1097 3082/1098 3078/1096
f 3101/1030 3100/1031 3087/1032 3088/1033
f 3109/1034 3089/1035 3084/1036 3108/1037
f 3113/1038 3108/1039 3084/1040 3085/1041
f 3100/1031 3120/1042 3086/1043 3087/1032
f 3109/1034 3101/1030 3088/1033 3089/1035
f 3120/1042 3113/1038 3085/1041 3086/1043
f 3096/1044 3094/1045 3095/1046
f 3096/1044 3091/1047 3092/1048
f 3096/1044 3093/1049 3094/1045
f 3096/1044 3095/1046 3090/1050
f 3096/1044 3090/1050 3091/1047
f 3096/1044 3092/1048 3093/1049
f 3094/1051 3093/1052 3097/1053 3104/1054
f 3104/1054 3097/1053 3098/1055 3103/1056
f 3103/1056 3098/1055 3099/1057 3102/1058
f 3102/1058 3099/1057 3100/1031 3101/1030
f 3095/1059 3112/1060 3105/1061 3090/1062
f 3112/1060 3111/1063 3106/1064 3105/1061
f 3111/1063 3110/1065 3107/1066 3106/1064
f 3110/1065 3109/1034 3108/1037 3107/1066
f 3091/1067 3090/1068 3105/1069 3116/1070
f 3116/1070 3105/1069 3106/1071 3115/1072
f 3115/1072 3106/1071 3107/1073 3114/1074
f 3114/1074 3107/1073 3108/1039 3113/1038
f 3093/1052 3092/1075 3117/1076 3097/1053
f 3097/1053 3117/1076 3118/1077 3098/1055
f 3098/1055 3118/1077 3119/1078 3099/1057
f 3099/1057 3119/1078 3120/1042 3100/1031
f 3095/1059 3094/1051 3104/1054 3112/1060
f 3124/1079 3128/1080 3112/1081 3104/1082
f 3111/1063 3103/1056 3102/1058 3110/1065
f 3101/1083 3109/1084 3125/1085 3121/1086
f 3092/1075 3091/1067 3116/1070 3117/1076
f 3117/1076 3116/1070 3115/1072 3118/1077
f 3118/1077 3115/1072 3114/1074 3119/1078
f 3119/1078 3114/1074 3113/1038 3120/1042
f 3126/1087 3125/1088 3109/1089 3110/1090
f 3122/1091 3126/1087 3110/1090 3102/1092
f 3128/1080 3127/1093 3111/1094 3112/1081
f 3102/1092 3101/1083 3121/1086 3122/1091
f 3104/1082 3103/1095 3123/1096 3124/1079
f 3103/1095 3111/1097 3127/1098 3123/1096
f 3146/1030 3145/1031 3132/1032 3133/1033
f 3154/1034 3134/1035 3129/1036 3153/1037
f 3158/1038 3153/1039 3129/1040 3130/1041
f 3145/1031 3165/1042 3131/1043 3132/1032
f 3154/1034 3146/1030 3133/1033 3134/1035
f 3165/1042 3158/1038 3130/1041 3131/1043
f 3141/1044 3139/1045 3140/1046
f 3141/1044 3136/1047 3137/1048
f 3141/1044 3138/1049 3139/1045
f 3141/1044 3140/1046 3135/1050
f 3141/1044 3135/1050 3136/1047
f 3141/1044 3137/1048 3138/1049
f 3139/1051 3138/1052 3142/1053 3149/1054
f 3149/1054 3142/1053 3143/1055 3148/1056
f 3148/1056 3143/1055 3144/1057 3147/1058
f 3147/1058 3144/1057 3145/1031 3146/1030
f 3140/1059 3157/1060 3150/1061 3135/1062
f 3157/1060 3156/1063 3151/1064 3150/1061
f 3156/1063 3155/1065 3152/1066 3151/1064
f 3155/1065 3154/1034 3153/1037 3152/1066
f 3136/1067 3135/1068 3150/1069 3161/1070
f 3161/1070 3150/1069 3151/1071 3160/1072
f 3160/1072 3151/1071 3152/1073 3159/1074
f 3159/1074 3152/1073 3153/1039 3158/1038
f 3138/1052 3137/1075 3162/1076 3142/1053
f 3142/1053 3162/1076 3163/1077 3143/1055
f 3143/1055 3163/1077 3164/1078 3144/1057
f 3144/1057 3164/1078 3165/1042 3145/1031
f 3140/1059 3139/1051 3149/1054 3157/1060
f 3169/1079 3173/1080 3157/1081 3149/1082
f 3156/1063 3148/1056 3147/1058 3155/1065
f 3146/1083 3154/1084 3170/1085 3166/1086
f 3137/1075 3136/1067 3161/1070 3162/1076
f 3162/1076 3161/1070 3160/1072 3163/1077
f 3163/1077 3160/1072 3159/1074 3164/1078
f 3164/1078 3159/1074 3158/1038 3165/1042
f 3171/1087 3170/1088 3154/1089 3155/1090
f 3167/1091 3171/1087 3155/1090 3147/1092
f 3173/1080 3172/1093 3156/1094 3157/1081
f 3147/1092 3146/1083 3166/1086 3167/1091
f 3149/1082 3148/1095 3168/1096 3169/1079
f 3148/1095 3156/1097 3172/1098 3168/1096
f 3191/1030 3190/1031 3177/1032 3178/1033
f 3199/1034 3179/1035 3174/1036 3198/1037
f 3203/1038 3198/1039 3174/1040 3175/1041
f 3190/1031 3210/1042 3176/1043 3177/1032
f 3199/1034 3191/1030 3178/1033 3179/1035
f 3210/1042 3203/1038 3175/1041 3176/1043
f 3186/1044 3184/1045 3185/1046
f 3186/1044 3181/1047 3182/1048
f 3186/1044 3183/1049 3184/1045
f 3186/1044 3185/1046 3180/1050
f 3186/1044 3180/1050 3181/1047
f 3186/1044 3182/1048 3183/1049
f 3184/1051 3183/1052 3187/1053 3194/1054
f 3194/1054 3187/1053 3188/1055 3193/1056
f 3193/1056 3188/1055 3189/1057 3192/1058
f 3192/1058 3189/1057 3190/1031 3191/1030
f 3185/1059 3202/1060 3195/1061 3180/1062
f 3202/1060 3201/1063 3196/1064 3195/1061
f 3201/1063 3200/1065 3197/1066 3196/1064
f 3200/1065 3199/1034 3198/1037 3197/1066
f 3181/1067 3180/1068 3195/1069 3206/1070
f 3206/1070 3195/1069 3196/1071 3205/1072
f 3205/1072 3196/1071 3197/1073 3204/1074
f 3204/1074 3197/1073 3198/1039 3203/1038
f 3183/1052 3182/1075 3207/1076 3187/1053
f 3187/1053 3207/1076 3208/1077 3188/1055
f 3188/1055 3208/1077 3209/1078 3189/1057
f 3189/1057 3209/1078 3210/1042 3190/1031
f 3185/1059 3184/1051 3194/1054 3202/1060
f 3214/1079 3218/1080 3202/1081 3194/1082
f 3201/1063 3193/1056 3192/1058 3200/1065
f 3191/1083 3199/1084 3215/1085 3211/1086
f 3182/1075 3181/1067 3206/1070 3207/1076
f 3207/1076 3206/1070 3205/1072 3208/1077
f 3208/1077 3205/1072 3204/1074 3209/1078
f 3209/1078 3204/1074 3203/1038 3210/1042
f 3216/1087 3215/1088 3199/1089 3200/1090
f 3212/1091 3216/1087 3200/1090 3192/1092
f 3218/1080 3217/1093 3201/1094 3202/1081
f 3192/1092 3191/1083 3211/1086 3212/1091
f 3194/1082 3193/1095 3213/1096 3214/1079
f 3193/1095 3201/1097 3217/1098 3213/1096
f 3236/1030 3235/1031 3222/1032 3223/1033
f 3244/1034 3224/1035 3219/1036 3243/1037
f 3248/1038 3243/1039 3219/1040 3220/1041
f 3235/1031 3255/1042 3221/1043 3222/1032
f 3244/1034 3236/1030 3223/1033 3224/1035
f 3255/1042 3248/1038 3220/1041 3221/1043
f 3231/1044 3229/1045 3230/1046
f 3231/1044 3226/1047 3227/1048
f 3231/1044 3228/1049 3229/1045
f 3231/1044 3230/1046 3225/1050
f 3231/1044 3225/1050 3226/1047
f 3231/1044 3227/1048 3228/1049
f 3229/1051 3228/1052 3232/1053 3239/1054
f 3239/1054 3232/1053 3233/1055 3238/1056
f 3238/1056 3233/1055 3234/1057 3237/1058
f 3237/1058 3234/1057 3235/1031 3236/1030
f 3230/1059 3247/1060 3240/1061 3225/1062
f 3247/1060 3246/1063 3241/1064 3240/1061
f 3246/1063 3245/1065 3242/1066 3241/1064
f 3245/1065 3244/1034 3243/1037 3242/1066
f 3226/1067 3225/1068 3240/1069 3251/1070
f 3251/1070 3240/1069 3241/1071 3250/1072
f 3250/1072 3241/1071 3242/1073 3249/1074
f 3249/1074 3242/1073 3243/1039 3248/1038
f 3228/1052 3227/1075 3252/1076 3232/1053
f 3232/1053 3252/1076 3253/1077 3233/1055
f 3233/1055 3253/1077 3254/1078 3234/1057
f 3234/1057 3254/1078 3255/1042 3235/1031
f 3230/1059 3229/1051 3239/1054 3247/1060
f 3259/1079 3263/1080 3247/1081 3239/1082
f 3246/1063 3238/1056 3237/1058 3245/1065
f 3236/1083 3244/1084 3260/1085 3256/1086
f 3227/1075 3226/1067 3251/1070 3252/1076
f 3252/1076 3251/1070 3250/1072 3253/1077
f 3253/1077 3250/1072 3249/1074 3254/1078
f 3254/1078 3249/1074 3248/1038 3255/1042
f 3261/1087 3260/1088 3244/1089 3245/1090
f 3257/1091 3261/1087 3245/1090 3237/1092
f 3263/1080 3262/1093 3246/1094 3247/1081
f 3237/1092 3236/1083 3256/1086 3257/1091
f 3239/1082 3238/1095 3258/1096 3259/1079
f 3238/1095 3246/1097 3262/1098 3258/1096
f 3281/1030 3280/1031 3267/1032 3268/1033
f 3289/1034 3269/1035 3264/1036 3288/1037
f 3293/1038 3288/1039 3264/1040 3265/1041
f 3280/1031 3300/1042 3266/1043 3267/1032
f 3289/1034 3281/1030 3268/1033 3269/1035
f 3300/1042 3293/1038 3265/1041 3266/1043
f 3276/1044 3274/1045 3275/1046
f 3276/1044 3271/1047 3272/1048
f 3276/1044 3273/1049 3274/1045
f 3276/1044 3275/1046 3270/1050
f 3276/1044 3270/1050 3271/1047
f 3276/1044 3272/1048 3273/1049
f 3274/1051 3273/1052 3277/1053 3284/1054
f 3284/1054 3277/1053 3278/1055 3283/1056
f 3283/1056 3278/1055 3279/1057 3282/1058
f 3282/1058 3279/1057 3280/1031 3281/1030
f 3275/1059 3292/1060 3285/1061 3270/1062
f 3292/1060 3291/1063 3286/1064 3285/1061
f 3291/1063 3290/1065 3287/1066 3286/1064
f 3290/1065 3289/1034 3288/1037 3287/1066
f 3271/1067 3270/1068 3285/1069 3296/1070
f 3296/1070 3285/1069 3286/1071 3295/1072
f 3295/1072 3286/1071 3287/1073 3294/1074
f 3294/1074 3287/1073 3288/1039 3293/1038
f 3273/1052 3272/1075 3297/1076 3277/1053
f 3277/1053 3297/1076 3298/1077 3278/1055
f 3278/1055 3298/1077 3299/1078 3279/1057
f 3279/1057 3299/1078 3300/1042 3280/1031
f 3275/1059 3274/1051 3284/1054 3292/1060
f 3304/1079 3308/1080 3292/1081 3284/1082
f 3291/1063 3283/1056 3282/1058 3290/1065
f 3281/1083 3289/1084 3305/1085 3301/1086
f 3272/1075 3271/1067 3296/1070 3297/1076
f 3297/1076 3296/1070 3295/1072 3298/1077
f 3298/1077 3295/1072 3294/1074 3299/1078
f 3299/1078 3294/1074 3293/1038 3300/1042
f 3306/1087 3305/1088 3289/1089 3290/1090
f 3302/1091 3306/1087 3290/1090 3282/1092
f 3308/1080 3307/1093 3291/1094 3292/1081
f 3282/1092 3281/1083 3301/1086 3302/1091
f 3284/1082 3283/1095 3303/1096 3304/1079
f 3283/1095 3291/1097 3307/1098 3303/1096
f 3326/1030 3325/1031 3312/1032 3313/1033
f 3334/1034 3314/1035 3309/1036 3333/1037
f 3338/1038 3333/1039 3309/1040 3310/1041
f 3325/1031 3345/1042 3311/1043 3312/1032
f 3334/1034 3326/1030 3313/1033 3314/1035
f 3345/1042 3338/1038 3310/1041 3311/1043
f 3321/1044 3319/1045 3320/1046
f 3321/1044 3316/1047 3317/1048
f 3321/1044 3318/1049 3319/1045
f 3321/1044 3320/1046 3315/1050
f 3321/1044 3315/1050 3316/1047
f 3321/1044 3317/1048 3318/1049
f 3319/1051 3318/1052 3322/1053 3329/1054
f 3329/1054 3322/1053 3323/1055 3328/1056
f 3328/1056 3323/1055 3324/1057 3327/1058
f 3327/1058 3324/1057 3325/1031 3326/1030
f 3320/1059 3337/1060 3330/1061 3315/1062
f 3337/1060 3336/1063 3331/1064 3330/1061
f 3336/1063 3335/1065 3332/1066 3331/1064
f 3335/1065 3334/1034 3333/1037 3332/1066
f 3316/1067 3315/1068 3330/1069 3341/1070
f 3341/1070 3330/1069 3331/1071 3340/1072
f 3340/1072 3331/1071 3332/1073 3339/1074
f 3339/1074 3332/1073 3333/1039 3338/1038
f 3318/1052 3317/1075 3342/1076 3322/1053
f 3322/1053 3342/1076 3343/1077 3323/1055
f 3323/1055 3343/1077 3344/1078 3324/1057
f 3324/1057 3344/1078 3345/1042 3325/1031
f 3320/1059 3319/1051 3329/1054 3337/1060
f 3349/1079 3353/1080 3337/1081 3329/1082
f 3336/1063 3328/1056 3327/1058 3335/1065
f 3326/1083 3334/1084 3350/1085 3346/1086
f 3317/1075 3316/1067 3341/1070 3342/1076
f 3342/1076 3341/1070 3340/1072 3343/1077
f 3343/1077 3340/1072 3339/1074 3344/1078
f 3344/1078 3339/1074 3338/1038 3345/1042
f 3351/1087 3350/1088 3334/1089 3335/1090
f 3347/1091 3351/1087 3335/1090 3327/1092
f 3353/1080 3352/1093 3336/1094 3337/1081
f 3327/1092 3326/1083 3346/1086 3347/1091
f 3329/1082 3328/1095 3348/1096 3349/1079
f 3328/1095 3336/1097 3352/1098 3348/1096
f 3371/1030 3370/1031 3357/1032 3358/1033
f 3379/1034 3359/1035 3354/1036 3378/1037
f 3383/1038 3378/1039 3354/1040 3355/1041
f 3370/1031 3390/1042 3356/1043 3357/1032
f 3379/1034 3371/1030 3358/1033 3359/1035
f 3390/1042 3383/1038 3355/1041 3356/1043
f 3366/1044 3364/1045 3365/1046
f 3366/1044 3361/1047 3362/1048
f 3366/1044 3363/1049 3364/1045
f 3366/1044 3365/1046 3360/1050
f 3366/1044 3360/1050 3361/1047
f 3366/1044 3362/1048 3363/1049
f 3364/1051 3363/1052 3367/1053 3374/1054
f 3374/1054 3367/1053 3368/1055 3373/1056
f 3373/1056 3368/1055 3369/1057 3372/1058
f 3372/1058 3369/1057 3370/1031 3371/1030
f 3365/1059 3382/1060 3375/1061 3360/1062
f 3382/1060 3381/1063 3376/1064 3375/1061
f 3381/1063 3380/1065 3377/1066 3376/1064
f 3380/1065 3379/1034 3378/1037 3377/1066
f 3361/1067 3360/1068 3375/1069 3386/1070
f 3386/1070 3375/1069 3376/1071 3385/1072
f 3385/1072 3376/1071 3377/1073 3384/1074
f 3384/1074 3377/1073 3378/1039 3383/1038
f 3363/1052 3362/1075 3387/1076 3367/1053
f 3367/1053 3387/1076 3388/1077 3368/1055
f 3368/1055 3388/1077 3389/1078 3369/1057
f 3369/1057 3389/1078 3390/1042 3370/1031
f 3365/1059 3364/1051 3374/1054 3382/1060
f 3394/1079 3398/1080 3382/1081 3374/1082
f 3381/1063 3373/1056 3372/1058 3380/1065
f 3371/1083 3379/1084 3395/1085 3391/1086
f 3362/1075 3361/1067 3386/1070 3387/1076
f 3387/1076 3386/1070 3385/1072 3388/1077
f 3388/1077 3385/1072 3384/1074 3389/1078
f 3389/1078 3384/1074 3383/1038 3390/1042
f 3396/1087 3395/1088 3379/1089 3380/1090
f 3392/1091 3396/1087 3380/1090 3372/1092
f 3398/1080 3397/1093 3381/1094 3382/1081
f 3372/1092 3371/1083 3391/1086 3392/1091
f 3374/1082 3373/1095 3393/1096 3394/1079
f 3373/1095 3381/1097 3397/1098 3393/1096
f 3416/1030 3415/1031 3402/1032 3403/1033
f 3424/1034 3404/1035 3399/1036 3423/1037
f 3428/1038 3423/1039 3399/1040 3400/1041
f 3415/1031 3435/1042 3401/1043 3402/1032
f 3424/1034 3416/1030 3403/1033 3404/1035
f 3435/1042 3428/1038 3400/1041 3401/1043
f 3411/1044 3409/1045 3410/1046
f 3411/1044 3406/1047 3407/1048
f 3411/1044 3408/1049 3409/1045
f 3411/1044 3410/1046 3405/1050
f 3411/1044 3405/1050 3406/1047
f 3411/1044 3407/1048 3408/1049
f 3409/1051 3408/1052 3412/1053 3419/1054
f 3419/1054 3412/1053 3413/1055 3418/1056
f 3418/1056 3413/1055 3414/1057 3417/1058
f 3417/1058 3414/1057 3415/1031 3416/1030
f 3410/1059 3427/1060 3420/1061 3405/1062
f 3427/1060 3426/1063 3421/1064 3420/1061
f 3426/1063 3425/1065 3422/1066 3421/1064
f 3425/1065 3424/1034 3423/1037 3422/1066
f 3406/1067 3405/1068 3420/1069 3431/1070
f 3431/1070 3420/1069 3421/1071 3430/1072
f 3430/1072 3421/1071 3422/1073 3429/1074
f 3429/1074 3422/1073 3423/1039 3428/1038
f 3408/1052 3407/1075 3432/1076 3412/1053
f 3412/1053 3432/1076 3433/1077 3413/1055
f 3413/1055 3433/1077 3434/1078 3414/1057
f 3414/1057 3434/1078 3435/1042 3415/1031
f 3410/1059 3409/1051 3419/1054 3427/1060
f 3439/1079 3443/1080 3427/1081 3419/1082
f 3426/1063 3418/1056 3417/1058 3425/1065
f 3416/1083 3424/1084 3440/1085 3436/1086
f 3407/1075 3406/1067 3431/1070 3432/1076
f 3432/1076 3431/1070 3430/1072 3433/1077
f 3433/1077 3430/1072 3429/1074 3434/1078
f 3434/1078 3429/1074 3428/1038 3435/1042
f 3441/1087 3440/1088 3424/1089 3425/1090
f 3437/1091 3441/1087 3425/1090 3417/1092
f 3443/1080 3442/1093 3426/1094 3427/1081
f 3417/1092 3416/1083 3436/1086 3437/1091
f 3419/1082 3418/1095 3438/1096 3439/1079
f 3418/1095 3426/1097 3442/1098 3438/1096
f 3461/1030 3460/1031 3447/1032 3448/1033
f 3469/1034 3449/1035 3444/1036 3468/1037
f 3473/1038 3468/1039 3444/1040 3445/1041
f 3460/1031 3480/1042 3446/1043 3447/1032
f 3469/1034 3461/1030 3448/1033 3449/1035
f 3480/1042 3473/1038 3445/1041 3446/1043
f 3456/1044 3454/1045 3455/1046
f 3456/1044 3451/1047 3452/1048
f 3456/1044 3453/1049 3454/1045
f 3456/1044 3455/1046 3450/1050
f 3456/1044 3450/1050 3451/1047
f 3456/1044 3452/1048 3453/1049
f 3454/1051 3453/1052 3457/1053 3464/1054
f 3464/1054 3457/1053 3458/1055 3463/1056
f 3463/1056 3458/1055 3459/1057 3462/1058
f 3462/1058 3459/1057 3460/1031 3461/1030
f 3455/1059 3472/1060 3465/1061 3450/1062
f 3472/1060 3471/1063 3466/1064 3465/1061
f 3471/1063 3470/1065 3467/1066 3466/1064
f 3470/1065 3469/1034 3468/1037 3467/1066
f 3451/1067 3450/1068 3465/1069 3476/1070
f 3476/1070 3465/1069 3466/1071 3475/1072
f 3475/1072 3466/1071 3467/1073 3474/1074
f 3474/1074 3467/1073 3468/1039 3473/1038
f 3453/1052 3452/1075 3477/1076 3457/1053
f 3457/1053 3477/1076 3478/1077 3458/1055
f 3458/1055 3478/1077 3479/1078 3459/1057
f 3459/1057 3479/1078 3480/1042 3460/1031
f 3455/1059 3454/1051 3464/1054 3472/1060
f 3484/1079 3488/1080 3472/1081 3464/1082
f 3471/1063 3463/1056 3462/1058 3470/1065
f 3461/1083 3469/1084 3485/1085 3481/1086
f 3452/1075 3451/1067 3476/1070 3477/1076
f 3477/1076 3476/1070 3475/1072 3478/1077
f 3478/1077 3475/1072 3474/1074 3479/1078
f 3479/1078 3474/1074 3473/1038 3480/1042
f 3486/1087 3485/1088 3469/1089 3470/1090
f 3482/1091 3486/1087 3470/1090 3462/1092
f 3488/1080 3487/1093 3471/1094 3472/1081
f 3462/1092 3461/1083 3481/1086 3482/1091
f 3464/1082 3463/1095 3483/1096 3484/1079
f 3463/1095 3471/1097 3487/1098 3483/1096
f 3506/1030 3505/1031 3492/1032 3493/1033
f 3514/1034 3494/1035 3489/1036 3513/1037
f 3518/1038 3513/1039 3489/1040 3490/1041
f 3505/1031 3525/1042 3491/1043 3492/1032
f 3514/1034 3506/1030 3493/1033 3494/1035
f 3525/1042 3518/1038 3490/1041 3491/1043
f 3501/1044 3499/1045 3500/1046
f 3501/1044 3496/1047 3497/1048
f 3501/1044 3498/1049 3499/1045
f 3501/1044 3500/1046 3495/1050
f 3501/1044 3495/1050 3496/1047
f 3501/1044 3497/1048 3498/1049
f 3499/1051 3498/1052 3502/1053 3509/1054
f 3509/1054 3502/1053 3503/1055 3508/1056
f 3508/1056 3503/1055 3504/1057 3507/1058
f 3507/1058 3504/1057 3505/1031 3506/1030
f 3500/1059 3517/1060 3510/1061 3495/1062
f 3517/1060 3516/1063 3511/1064 3510/1061
f 3516/1063 3515/1065 3512/1066 3511/1064
f 3515/1065 3514/1034 3513/1037 3512/1066
f 3496/1067 3495/1068 3510/1069 3521/1070
f 3521/1070 3510/1069 3511/1071 3520/1072
f 3520/1072 3511/1071 3512/1073 3519/1074
f 3519/1074 3512/1073 3513/1039 3518/1038
f 3498/1052 3497/1075 3522/1076 3502/1053
f 3502/1053 3522/1076 3523/1077 3503/1055
f 3503/1055 3523/1077 3524/1078 3504/1057
f 3504/1057 3524/1078 3525/1042 3505/1031
f 3500/1059 3499/1051 3509/1054 3517/1060
f 3529/1079 3533/1080 3517/1081 3509/1082
f 3516/1063 3508/1056 3507/1058 3515/1065
f 3506/1083 3514/1084 3530/1085 3526/1086
f 3497/1075 3496/1067 3521/1070 3522/1076
f 3522/1076 3521/1070 3520/1072 3523/1077
f 3523/1077 3520/1072 3519/1074 3524/1078
f 3524/1078 3519/1074 3518/1038 3525/1042
f 3531/1087 3530/1088 3514/1089 3515/1090
f 3527/1091 3531/1087 3515/1090 3507/1092
f 3533/1080 3532/1093 3516/1094 3517/1081
f 3507/1092 3506/1083 3526/1086 3527/1091
f 3509/1082 3508/1095 3528/1096 3529/1079
f 3508/1095 3516/1097 3532/1098 3528/1096
f 3551/1030 3550/1031 3537/1032 3538/1033
f 3559/1034 3539/1035 3534/1036 3558/1037
f 3563/1038 3558/1039 3534/1040 3535/1041
f 3550/1031 3570/1042 3536/1043 3537/1032
f 3559/1034 3551/1030 3538/1033 3539/1035
f 3570/1042 3563/1038 3535/1041 3536/1043
f 3546/1044 3544/1045 3545/1046
f 3546/1044 3541/1047 3542/1048
f 3546/1044 3543/1049 3544/1045
f 3546/1044 3545/1046 3540/1050
f 3546/1044 3540/1050 3541/1047
f 3546/1044 3542/1048 3543/1049
f 3544/1051 3543/1052 3547/1053 3554/1054
f 3554/1054 3547/1053 3548/1055 3553/1056
f 3553/1056 3548/1055 3549/1057 3552/1058
f 3552/1058 3549/1057 3550/1031 3551/1030
f 3545/1059 3562/1060 3555/1061 3540/1062
f 3562/1060 3561/1063 3556/1064 3555/1061
f 3561/1063 3560/1065 3557/1066 3556/1064
f 3560/1065 3559/1034 3558/1037 3557/1066
f 3541/1067 3540/1068 3555/1069 3566/1070
f 3566/1070 3555/1069 3556/1071 3565/1072
f 3565/1072 3556/1071 3557/1073 3564/1074
f 3564/1074 3557/1073 3558/1039 3563/1038
f 3543/1052 3542/1075 3567/1076 3547/1053
f 3547/1053 3567/1076 3568/1077 3548/1055
f 3548/1055 3568/1077 3569/1078 3549/1057
f 3549/1057 3569/1078 3570/1042 3550/1031
f 3545/1059 3544/1051 3554/1054 3562/1060
f 3574/1079 3578/1080 3562/1081 3554/1082
f 3561/1063 3553/1056 3552/1058 3560/1065
f 3551/1083 3559/1084 3575/1085 3571/1086
f 3542/1075 3541/1067 3566/1070 3567/1076
f 3567/1076 3566/1070 3565/1072 3568/1077
f 3568/1077 3565/1072 3564/1074 3569/1078
f 3569/1078 3564/1074 3563/1038 3570/1042
f 3576/1087 3575/1088 3559/1089 3560/1090
f 3572/1091 3576/1087 3560/1090 3552/1092
f 3578/1080 3577/1093 3561/1094 3562/1081
f 3552/1092 3551/1083 3571/1086 3572/1091
f 3554/1082 3553/1095 3573/1096 3574/1079
f 3553/1095 3561/1097 3577/1098 3573/1096
f 3596/1030 3595/1031 3582/1032 3583/1033
f 3604/1034 3584/1035 3579/1036 3603/1037
f 3608/1038 3603/1039 3579/1040 3580/1041
f 3595/1031 3615/1042 3581/1043 3582/1032
f 3604/1034 3596/1030 3583/1033 3584/1035
f 3615/1042 3608/1038 3580/1041 3581/1043
f 3591/1044 3589/1045 3590/1046
f 3591/1044 3586/1047 3587/1048
f 3591/1044 3588/1049 3589/1045
f 3591/1044 3590/1046 3585/1050
f 3591/1044 3585/1050 3586/1047
f 3591/1044 3587/1048 3588/1049
f 3589/1051 3588/1052 3592/1053 3599/1054
f 3599/1054 3592/1053 3593/1055 3598/1056
f 3598/1056 3593/1055 3594/1057 3597/1058
f 3597/1058 3594/1057 3595/1031 3596/1030
f 3590/1059 3607/1060 3600/1061 3585/1062
f 3607/1060 3606/1063 3601/1064 3600/1061
f 3606/1063 3605/1065 3602/1066 3601/1064
f 3605/1065 3604/1034 3603/1037 3602/1066
f 3586/1067 3585/1068 3600/1069 3611/1070
f 3611/1070 3600/1069 3601/1071 3610/1072
f 3610/1072 3601/1071 3602/1073 3609/1074
f 3609/1074 3602/1073 3603/1039 3608/1038
f 3588/1052 3587/1075 3612/1076 3592/1053
f 3592/1053 3612/1076 3613/1077 3593/1055
f 3593/1055 3613/1077 3614/1078 3594/1057
f 3594/1057 3614/1078 3615/1042 3595/1031
f 3590/1059 3589/1051 3599/1054 3607/1060
f 3619/1079 3623/1080 3607/1081 3599/1082
f 3606/1063 3598/1056 3597/1058 3605/1065
f 3596/1083 3604/1084 3620/1085 3616/1086
f 3587/1075 3586/1067 3611/1070 3612/1076
f 3612/1076 3611/1070 3610/1072 3613/1077
f 3613/1077 3610/1072 3609/1074 3614/1078
f 3614/1078 3609/1074 3608/1038 3615/1042
f 3621/1087 3620/1088 3604/1089 3605/1090
f 3617/1091 3621/1087 3605/1090 3597/1092
f 3623/1080 3622/1093 3606/1094 3607/1081
f 3597/1092 3596/1083 3616/1086 3617/1091
f 3599/1082 3598/1095 3618/1096 3619/1079
f 3598/1095 3606/1097 3622/1098 3618/1096
f 3641/1030 3640/1031 3627/1032 3628/1033
f 3649/1034 3629/1035 3624/1036 3648/1037
f 3653/1038 3648/1039 3624/1040 3625/1041
f 3640/1031 3660/1042 3626/1043 3627/1032
f 3649/1034 3641/1030 3628/1033 3629/1035
f 3660/1042 3653/1038 3625/1041 3626/1043
f 3636/1044 3634/1045 3635/1046
f 3636/1044 3631/1047 3632/1048
f 3636/1044 3633/1049 3634/1045
f 3636/1044 3635/1046 3630/1050
f 3636/1044 3630/1050 3631/1047
f 3636/1044 3632/1048 3633/1049
f 3634/1051 3633/1052 3637/1053 3644/1054
f 3644/1054 3637/1053 3638/1055 3643/1056
f 3643/1056 3638/1055 3639/1057 3642/1058
f 3642/1058 3639/1057 3640/1031 3641/1030
f 3635/1059 3652/1060 3645/1061 3630/1062
f 3652/1060 3651/1063 3646/1064 3645/1061
f 3651/1063 3650/1065 3647/1066 3646/1064
f 3650/1065 3649/1034 3648/1037 3647/1066
f 3631/1067 3630/1068 3645/1069 3656/1070
f 3656/1070 3645/1069 3646/1071 3655/1072
f 3655/1072 3646/1071 3647/1073 3654/1074
f 3654/1074 3647/1073 3648/1039 3653/1038
f 3633/1052 3632/1075 3657/1076 3637/1053
f 3637/1053 3657/1076 3658/1077 3638/1055
f 3638/1055 3658/1077 3659/1078 3639/1057
f 3639/1057 3659/1078 3660/1042 3640/1031
f 3635/1059 3634/1051 3644/1054 3652/1060
f 3664/1079 3668/1080 3652/1081 3644/1082
f 3651/1063 3643/1056 3642/1058 3650/1065
f 3641/1083 3649/1084 3665/1085 3661/1086
f 3632/1075 3631/1067 3656/1070 3657/1076
f 3657/1076 3656/1070 3655/1072 3658/1077
f 3658/1077 3655/1072 3654/1074 3659/1078
f 3659/1078 3654/1074 3653/1038 3660/1042
f 3666/1087 3665/1088 3649/1089 3650/1090
f 3662/1091 3666/1087 3650/1090 3642/1092
f 3668/1080 3667/1093 3651/1094 3652/1081
f 3642/1092 3641/1083 3661/1086 3662/1091
f 3644/1082 3643/1095 3663/1096 3664/1079
f 3643/1095 3651/1097 3667/1098 3663/1096
f 3686/1030 3685/1031 3672/1032 3673/1033
f 3694/1034 3674/1035 3669/1036 3693/1037
f 3698/1038 3693/1039 3669/1040 3670/1041
f 3685/1031 3705/1042 3671/1043 3672/1032
f 3694/1034 3686/1030 3673/1033 3674/1035
f 3705/1042 3698/1038 3670/1041 3671/1043
f 3681/1044 3679/1045 3680/1046
f 3681/1044 3676/1047 3677/1048
f 3681/1044 3678/1049 3679/1045
f 3681/1044 3680/1046 3675/1050
f 3681/1044 3675/1050 3676/1047
f 3681/1044 3677/1048 3678/1049
f 3679/1051 3678/1052 3682/1053 3689/1054
f 3689/1054 3682/1053 3683/1055 3688/1056
f 3688/1056 3683/1055 3684/1057 3687/1058
f 3687/1058 3684/1057 3685/1031 3686/1030
f 3680/1059 3697/1060 3690/1061 3675/1062
f 3697/1060 3696/1063 3691/1064 3690/1061
f 3696/1063 3695/1065 3692/1066 3691/1064
f 3695/1065 3694/1034 3693/1037 3692/1066
f 3676/1067 3675/1068 3690/1069 3701/1070
f 3701/1070 3690/1069 3691/1071 3700/1072
f 3700/1072 3691/1071 3692/1073 3699/1074
f 3699/1074 3692/1073 3693/1039 3698/1038
f 3678/1052 3677/1075 3702/1076 3682/1053
f 3682/1053 3702/1076 3703/1077 3683/1055
f 3683/1055 3703/1077 3704/1078 3684/1057
f 3684/1057 3704/1078 3705/1042 3685/1031
f 3680/1059 3679/1051 3689/1054 3697/1060
f 3709/1079 3713/1080 3697/1081 3689/1082
f 3696/1063 3688/1056 3687/1058 3695/1065
f 3686/1083 3694/1084 3710/1085 3706/1086
f 3677/1075 3676/1067 3701/1070 3702/1076
f 3702/1076 3701/1070 3700/1072 3703/1077
f 3703/1077 3700/1072 3699/1074 3704/1078
f 3704/1078 3699/1074 3698/1038 3705/1042
f 3711/1087 3710/1088 3694/1089 3695/1090
f 3707/1091 3711/1087 3695/1090 3687/1092
f 3713/1080 3712/1093 3696/1094 3697/1081
f 3687/1092 3686/1083 3706/1086 3707/1091
f 3689/1082 3688/1095 3708/1096 3709/1079
f 3688/1095 3696/1097 3712/1098 3708/1096
f 3731/1030 3730/1031 3717/1032 3718/1033
f 3739/1034 3719/1035 3714/1036 3738/1037
f 3743/1038 3738/1039 3714/1040 3715/1041
f 3730/1031 3750/1042 3716/1043 3717/1032
f 3739/1034 3731/1030 3718/1033 3719/1035
f 3750/1042 3743/1038 3715/1041 3716/1043
f 3726/1044 3724/1045 3725/1046
f 3726/1044 3721/1047 3722/1048
f 3726/1044 3723/1049 3724/1045
f 3726/1044 3725/1046 3720/1050
f 3726/1044 3720/1050 3721/1047
f 3726/1044 3722/1048 3723/1049
f 3724/1051 3723/1052 3727/1053 3734/1054
f 3734/1054 3727/1053 3728/1055 3733/1056
f 3733/1056 3728/1055 3729/1057 3732/1058
f 3732/1058 3729/1057 3730/1031 3731/1030
f 3725/1059 3742/1060 3735/1061 3720/1062
f 3742/1060 3741/1063 3736/1064 3735/1061
f 3741/1063 3740/1065 3737/1066 3736/1064
f 3740/1065 3739/1034 3738/1037 3737/1066
f 3721/1067 3720/1068 3735/1069 3746/1070
f 3746/1070 3735/1069 3736/1071 3745/1072
f 3745/1072 3736/1071 3737/1073 3744/1074
f 3744/1074 3737/1073 3738/1039 3743/1038
f 3723/1052 3722/1075 3747/1076 3727/1053
f 3727/1053 3747/1076 3748/1077 3728/1055
f 3728/1055 3748/1077 3749/1078 3729/1057
f 3729/1057 3749/1078 3750/1042 3730/1031
f 3725/1059 3724/1051 3734/1054 3742/1060
f 3754/1079 3758/1080 3742/1081 3734/1082
f 3741/1063 3733/1056 3732/1058 3740/1065
f 3731/1083 3739/1084 3755/1085 3751/1086
f 3722/1075 3721/1067 3746/1070 3747/1076
f 3747/1076 3746/1070 3745/1072 3748/1077
f 3748/1077 3745/1072 3744/1074 3749/1078
f 3749/1078 3744/1074 3743/1038 3750/1042
f 3756/1087 3755/1088 3739/1089 3740/1090
f 3752/1091 3756/1087 3740/1090 3732/1092
f 3758/1080 3757/1093 3741/1094 3742/1081
f 3732/1092 3731/1083 3751/1086 3752/1091
f 3734/1082 3733/1095 3753/1096 3754/1079
f 3733/1095 3741/1097 3757/1098 3753/1096
f 3776/1030 3775/1031 3762/1032 3763/1033
f 3784/1034 3764/1035 3759/1036 3783/1037
f 3788/1038 3783/1039 3759/1040 3760/1041
f 3775/1031 3795/1042 3761/1043 3762/1032
f 3784/1034 3776/1030 3763/1033 3764/1035
f 3795/1042 3788/1038 3760/1041 3761/1043
f 3771/1044 3769/1045 3770/1046
f 3771/1044 3766/1047 3767/1048
f 3771/1044 3768/1049 3769/1045
f 3771/1044 3770/1046 3765/1050
f 3771/1044 3765/1050 3766/1047
f 3771/1044 3767/1048 3768/1049
f 3769/1051 3768/1052 3772/1053 3779/1054
f 3779/1054 3772/1053 3773/1055 3778/1056
f 3778/1056 3773/1055 3774/1057 3777/1058
f 3777/1058 3774/1057 3775/1031 3776/1030
f 3770/1059 3787/1060 3780/1061 3765/1062
f 3787/1060 3786/1063 3781/1064 3780/1061
f 3786/1063 3785/1065 3782/1066 3781/1064
f 3785/1065 3784/1034 3783/1037 3782/1066
f 3766/1067 3765/1068 3780/1069 3791/1070
f 3791/1070 3780/1069 3781/1071 3790/1072
f 3790/1072 3781/1071 3782/1073 3789/1074
f 3789/1074 3782/1073 3783/1039 3788/1038
f 3768/1052 3767/1075 3792/1076 3772/1053
f 3772/1053 3792/1076 3793/1077 3773/1055
f 3773/1055 3793/1077 3794/1078 3774/1057
f 3774/1057 3794/1078 3795/1042 3775/1031
f 3770/1059 3769/1051 3779/1054 3787/1060
f 3799/1079 3803/1080 3787/1081 3779/1082
f 3786/1063 3778/1056 3777/1058 3785/1065
f 3776/1083 3784/1084 3800/1085 3796/1086
f 3767/1075 3766/1067 3791/1070 3792/1076
f 3792/1076 3791/1070 3790/1072 3793/1077
f 3793/1077 3790/1072 3789/1074 3794/1078
f 3794/1078 3789/1074 3788/1038 3795/1042
f 3801/1087 3800/1088 3784/1089 3785/1090
f 3797/1091 3801/1087 3785/1090 3777/1092
f 3803/1080 3802/1093 3786/1094 3787/1081
f 3777/1092 3776/1083 3796/1086 3797/1091
f 3779/1082 3778/1095 3798/1096 3799/1079
f 3778/1095 3786/1097 3802/1098 3798/1096
f 3821/1030 3820/1031 3807/1032 3808/1033
f 3829/1034 3809/1035 3804/1036 3828/1037
f 3833/1038 3828/1039 3804/1040 3805/1041
f 3820/1031 3840/1042 3806/1043 3807/1032
f 3829/1034 3821/1030 3808/1033 3809/1035
f 3840/1042 3833/1038 3805/1041 3806/1043
f 3816/1044 3814/1045 3815/1046
f 3816/1044 3811/1047 3812/1048
f 3816/1044 3813/1049 3814/1045
f 3816/1044 3815/1046 3810/1050
f 3816/1044 3810/1050 3811/1047
f 3816/1044 3812/1048 3813/1049
f 3814/1051 3813/1052 3817/1053 3824/1054
f 3824/1054 3817/1053 3818/1055 3823/1056
f 3823/1056 3818/1055 3819/1057 3822/1058
f 3822/1058 3819/1057 3820/1031 3821/1030
f 3815/1059 3832/1060 3825/1061 3810/1062
f 3832/1060 3831/1063 3826/1064 3825/1061
f 3831/1063 3830/1065 3827/1066 3826/1064
f 3830/1065 3829/1034 3828/1037 3827/1066
f 3811/1067 3810/1068 3825/1069 3836/1070
f 3836/1070 3825/1069 3826/1071 3835/1072
f 3835/1072 3826/1071 3827/1073 3834/1074
f 3834/1074 3827/1073 3828/1039 3833/1038
f 3813/1052 3812/1075 3837/1076 3817/1053
f 3817/1053 3837/1076 3838/1077 3818/1055
f 3818/1055 3838/1077 3839/1078 3819/1057
f 3819/1057 3839/1078 3840/1042 3820/1031
f 3815/1059 3814/1051 3824/1054 3832/1060
f 3844/1079 3848/1080 3832/1081 3824/1082
f 3831/1063 3823/1056 3822/1058 3830/1065
f 3821/1083 3829/1084 3845/1085 3841/1086
f 3812/1075 3811/1067 3836/1070 3837/1076
f 3837/1076 3836/1070 3835/1072 3838/1077
f 3838/1077 3835/1072 3834/1074 3839/1078
f 3839/1078 3834/1074 3833/1038 3840/1042
f 3846/1087 3845/1088 3829/1089 3830/1090
f 3842/1091 3846/1087 3830/1090 3822/1092
f 3848/1080 3847/1093 3831/1094 3832/1081
f 3822/1092 3821/1083 3841/1086 3842/1091
f 3824/1082 3823/1095 3843/1096 3844/1079
f 3823/1095 3831/1097 3847/1098 3843/1096
f 3863/1099 3861/1100 3867/1101 3869/1102
f 3852/1103 3851/1104 3857/1105 3858/1106
f 3854/1107 3853/1108 3859/1109 3860/1110
f 3851/1104 3850/1111 3856/1112 3857/1105
f 3853/1108 3852/1103 3858/1106 3859/1109
f 3860/1113 3855/1114 3849/1115 3854/1116
f 3850/1111 3849/1115 3855/1114 3856/1112
f 3862/1117 3861/1118 3856/1119 3855/1120
f 3861/1118 3863/1121 3857/1122 3856/1119
f 3863/1121 3864/1123 3858/1124 3857/1122
f 3864/1123 3865/1125 3859/1126 3858/1124
f 3865/1125 3866/1127 3860/1128 3859/1126
f 3866/1127 3862/1117 3855/1120 3860/1128
f 3869/1102 3867/1101 3873/1129 3875/1130
f 3865/1131 3864/1132 3870/1133 3871/1134
f 3872/1135 3868/1136 3862/1137 3866/1138
f 3861/1100 3862/1137 3868/1136 3867/1101
f 3864/1132 3863/1099 3869/1102 3870/1133
f 3866/1138 3865/1131 3871/1134 3872/1135
f 3875/1130 3873/1129 3874/1139
f 3875/1130 3874/1139 3878/1140
f 3875/1130 3878/1140 3876/1141
f 3878/1140 3877/1142 3876/1141
f 3871/1134 3870/1133 3876/1141 3877/1142
f 3878/1140 3874/1139 3868/1136 3872/1135
f 3867/1101 3868/1136 3874/1139 3873/1129
f 3870/1133 3869/1102 3875/1130 3876/1141
f 3872/1135 3871/1134 3877/1142 3878/1140
f 3893/1099 3891/1100 3897/1101 3899/1102
f 3882/1103 3881/1104 3887/1105 3888/1106
f 3884/1107 3883/1108 3889/1109 3890/1110
f 3881/1104 3880/1111 3886/1112 3887/1105
f 3883/1108 3882/1103 3888/1106 3889/1109
f 3890/1113 3885/1114 3879/1115 3884/1116
f 3880/1111 3879/1115 3885/1114 3886/1112
f 3892/1117 3891/1118 3886/1119 3885/1120
f 3891/1118 3893/1121 3887/1122 3886/1119
f 3893/1121 3894/1123 3888/1124 3887/1122
f 3894/1123 3895/1125 3889/1126 3888/1124
f 3895/1125 3896/1127 3890/1128 3889/1126
f 3896/1127 3892/1117 3885/1120 3890/1128
f 3899/1102 3897/1101 3903/1129 3905/1130
f 3895/1131 3894/1132 3900/1133 3901/1134
f 3902/1135 3898/1136 3892/1137 3896/1138
f 3891/1100 3892/1137 3898/1136 3897/1101
f 3894/1132 3893/1099 3899/1102 3900/1133
f 3896/1138 3895/1131 3901/1134 3902/1135
f 3905/1130 3903/1129 3904/1139
f 3905/1130 3904/1139 3908/1140
f 3905/1130 3908/1140 3906/1141
f 3908/1140 3907/1142 3906/1141
f 3901/1134 3900/1133 3906/1141 3907/1142
f 3908/1140 3904/1139 3898/1136 3902/1135
f 3897/1101 3898/1136 3904/1139 3903/1129
f 3900/1133 3899/1102 3905/1130 3906/1141
f 3902/1135 3901/1134 3907/1142 3908/1140
f 3923/1099 3921/1100 3927/1101 3929/1102
f 3912/1103 3911/1104 3917/1105 3918/1106
f 3914/1107 3913/1108 3919/1109 3920/1110
f 3911/1104 3910/1111 3916/1112 3917/1105
f 3913/1108 3912/1103 3918/1106 3919/1109
f 3920/1113 3915/1114 3909/1115 3914/1116
f 3910/1111 3909/1115 3915/1114 3916/1112
f 3922/1117 3921/1118 3916/1119 3915/1120
f 3921/1118 3923/1121 3917/1122 3916/1119
f 3923/1121 3924/1123 3918/1124 3917/1122
f 3924/1123 3925/1125 3919/1126 3918/1124
f 3925/1125 3926/1127 3920/1128 3919/1126
f 3926/1127 3922/1117 3915/1120 3920/1128
f 3929/1102 3927/1101 3933/1129 3935/1130
f 3925/1131 3924/1132 3930/1133 3931/1134
f 3932/1135 3928/1136 3922/1137 3926/1138
f 3921/1100 3922/1137 3928/1136 3927/1101
f 3924/1132 3923/1099 3929/1102 3930/1133
f 3926/1138 3925/1131 3931/1134 3932/1135
f 3935/1130 3933/1129 3934/1139
f 3935/1130 3934/1139 3938/1140
f 3935/1130 3938/1140 3936/1141
f 3938/1140 3937/1142 3936/1141
f 3931/1134 3930/1133 3936/1141 3937/1142
f 3938/1140 3934/1139 3928/1136 3932/1135
f 3927/1101 3928/1136 3934/1139 3933/1129
f 3930/1133 3929/1102 3935/1130 3936/1141
f 3932/1135 3931/1134 3937/1142 3938/1140
f 3953/1099 3951/1100 3957/1101 3959/1102
f 3942/1103 3941/1104 3947/1105 3948/1106
f 3944/1107 3943/1108 3949/1109 3950/1110
f 3941/1104 3940/1111 3946/1112 3947/1105
f 3943/1108 3942/1103 3948/1106 3949/1109
f 3950/1113 3945/1114 3939/1115 3944/1116
f 3940/1111 3939/1115 3945/1114 3946/1112
f 3952/1117 3951/1118 3946/1119 3945/1120
f 3951/1118 3953/1121 3947/1122 3946/1119
f 3953/1121 3954/1123 3948/1124 3947/1122
f 3954/1123 3955/1125 3949/1126 3948/1124
f 3955/1125 3956/1127 3950/1128 3949/1126
f 3956/1127 3952/1117 3945/1120 3950/1128
f 3959/1102 3957/1101 3963/1129 3965/1130
f 3955/1131 3954/1132 3960/1133 3961/1134
f 3962/1135 3958/1136 3952/1137 3956/1138
f 3951/1100 3952/1137 3958/1136 3957/1101
f 3954/1132 3953/1099 3959/1102 3960/1133
f 3956/1138 3955/1131 3961/1134 3962/1135
f 3965/1130 3963/1129 3964/1139
f 3965/1130 3964/1139 3968/1140
f 3965/1130 3968/1140 3966/1141
f 3968/1140 3967/1142 3966/1141
f 3961/1134 3960/1133 3966/1141 3967/1142
f 3968/1140 3964/1139 3958/1136 3962/1135
f 3957/1101 3958/1136 3964/1139 3963/1129
f 3960/1133 3959/1102 3965/1130 3966/1141
f 3962/1135 3961/1134 3967/1142 3968/1140
f 3983/1099 3981/1100 3987/1101 3989/1102
f 3972/1103 3971/1104 3977/1105 3978/1106
f 3974/1107 3973/1108 3979/1109 3980/1110
f 3971/1104 3970/1111 3976/1112 3977/1105
f 3973/1108 3972/1103 3978/1106 3979/1109
f 3980/1113 3975/1114 3969/1115 3974/1116
f 3970/1111 3969/1115 3975/1114 3976/1112
f 3982/1117 3981/1118 3976/1119 3975/1120
f 3981/1118 3983/1121 3977/1122 3976/1119
f 3983/1121 3984/1123 3978/1124 3977/1122
f 3984/1123 3985/1125 3979/1126 3978/1124
f 3985/1125 3986/1127 3980/1128 3979/1126
f 3986/1127 3982/1117 3975/1120 3980/1128
f 3989/1102 3987/1101 3993/1129 3995/1130
f 3985/1131 3984/1132 3990/1133 3991/1134
f 3992/1135 3988/1136 3982/1137 3986/1138
f 3981/1100 3982/1137 3988/1136 3987/1101
f 3984/1132 3983/1099 3989/1102 3990/1133
f 3986/1138 3985/1131 3991/1134 3992/1135
f 3995/1130 3993/1129 3994/1139
f 3995/1130 3994/1139 3998/1140
f 3995/1130 3998/1140 3996/1141
f 3998/1140 3997/1142 3996/1141
f 3991/1134 3990/1133 3996/1141 3997/1142
f 3998/1140 3994/1139 3988/1136 3992/1135
f 3987/1101 3988/1136 3994/1139 3993/1129
f 3990/1133 3989/1102 3995/1130 3996/1141
f 3992/1135 3991/1134 3997/1142 3998/1140
f 4013/1099 4011/1100 4017/1101 4019/1102
f 4002/1103 4001/1104 4007/1105 4008/1106
f 4004/1107 4003/1108 4009/1109 4010/1110
f 4001/1104 4000/1111 4006/1112 4007/1105
f 4003/1108 4002/1103 4008/1106 4009/1109
f 4010/1113 4005/1114 3999/1115 4004/1116
f 4000/1111 3999/1115 4005/1114 4006/1112
f 4012/1117 4011/1118 4006/1119 4005/1120
f 4011/1118 4013/1121 4007/1122 4006/1119
f 4013/1121 4014/1123 4008/1124 4007/1122
f 4014/1123 4015/1125 4009/1126 4008/1124
f 4015/1125 4016/1127 4010/1128 4009/1126
f 4016/1127 4012/1117 4005/1120 4010/1128
f 4019/1102 4017/1101 4023/1129 4025/1130
f 4015/1131 4014/1132 4020/1133 4021/1134
f 4022/1135 4018/1136 4012/1137 4016/1138
f 4011/1100 4012/1137 4018/1136 4017/1101
f 4014/1132 4013/1099 4019/1102 4020/1133
f 4016/1138 4015/1131 4021/1134 4022/1135
f 4025/1130 4023/1129 4024/1139
f 4025/1130 4024/1139 4028/1140
f 4025/1130 4028/1140 4026/1141
f 4028/1140 4027/1142 4026/1141
f 4021/1134 4020/1133 4026/1141 4027/1142
f 4028/1140 4024/1139 4018/1136 4022/1135
f 4017/1101 4018/1136 4024/1139 4023/1129
f 4020/1133 4019/1102 4025/1130 4026/1141
f 4022/1135 4021/1134 4027/1142 4028/1140
f 4043/1099 4041/1100 4047/1101 4049/1102
f 4032/1103 4031/1104 4037/1105 4038/1106
f 4034/1107 4033/1108 4039/1109 4040/1110
f 4031/1104 4030/1111 4036/1112 4037/1105
f 4033/1108 4032/1103 4038/1106 4039/1109
f 4040/1113 4035/1114 4029/1115 4034/1116
f 4030/1111 4029/1115 4035/1114 4036/1112
f 4042/1117 4041/1118 4036/1119 4035/1120
f 4041/1118 4043/1121 4037/1122 4036/1119
f 4043/1121 4044/1123 4038/1124 4037/1122
f 4044/1123 4045/1125 4039/1126 4038/1124
f 4045/1125 4046/1127 4040/1128 4039/1126
f 4046/1127 4042/1117 4035/1120 4040/1128
f 4049/1102 4047/1101 4053/1129 4055/1130
f 4045/1131 4044/1132 4050/1133 4051/1134
f 4052/1135 4048/1136 4042/1137 4046/1138
f 4041/1100 4042/1137 4048/1136 4047/1101
f 4044/1132 4043/1099 4049/1102 4050/1133
f 4046/1138 4045/1131 4051/1134 4052/1135
f 4055/1130 4053/1129 4054/1139
f 4055/1130 4054/1139 4058/1140
f 4055/1130 4058/1140 4056/1141
f 4058/1140 4057/1142 4056/1141
f 4051/1134 4050/1133 4056/1141 4057/1142
f 4058/1140 4054/1139 4048/1136 4052/1135
f 4047/1101 4048/1136 4054/1139 4053/1129
f 4050/1133 4049/1102 4055/1130 4056/1141
f 4052/1135 4051/1134 4057/1142 4058/1140
f 4073/1099 4071/1100 4077/1101 4079/1102
f 4062/1103 4061/1104 4067/1105 4068/1106
f 4064/1107 4063/1108 4069/1109 4070/1110
f 4061/1104 4060/1111 4066/1112 4067/1105
f 4063/1108 4062/1103 4068/1106 4069/1109
f 4070/1113 4065/1114 4059/1115 4064/1116
f 4060/1111 4059/1115 4065/1114 4066/1112
f 4072/1117 4071/1118 4066/1119 4065/1120
f 4071/1118 4073/1121 4067/1122 4066/1119
f 4073/1121 4074/1123 4068/1124 4067/1122
f 4074/1123 4075/1125 4069/1126 4068/1124
f 4075/1125 4076/1127 4070/1128 4069/1126
f 4076/1127 4072/1117 4065/1120 4070/1128
f 4079/1102 4077/1101 4083/1129 4085/1130
f 4075/1131 4074/1132 4080/1133 4081/1134
f 4082/1135 4078/1136 4072/1137 4076/1138
f 4071/1100 4072/1137 4078/1136 4077/1101
f 4074/1132 4073/1099 4079/1102 4080/1133
f 4076/1138 4075/1131 4081/1134 4082/1135
f 4085/1130 4083/1129 4084/1139
f 4085/1130 4084/1139 4088/1140
f 4085/1130 4088/1140 4086/1141
f 4088/1140 4087/1142 4086/1141
f 4081/1134 4080/1133 4086/1141 4087/1142
f 4088/1140 4084/1139 4078/1136 4082/1135
f 4077/1101 4078/1136 4084/1139 4083/1129
f 4080/1133 4079/1102 4085/1130 4086/1141
f 4082/1135 4081/1134 4087/1142 4088/1140
f 4103/1099 4101/1100 4107/1101 4109/1102
f 4092/1103 4091/1104 4097/1105 4098/1106
f 4094/1107 4093/1108 4099/1109 4100/1110
f 4091/1104 4090/1111 4096/1112 4097/1105
f 4093/1108 4092/1103 4098/1106 4099/1109
f 4100/1113 4095/1114 4089/1115 4094/1116
f 4090/1111 4089/1115 4095/1114 4096/1112
f 4102/1117 4101/1118 4096/1119 4095/1120
f 4101/1118 4103/1121 4097/1122 4096/1119
f 4103/1121 4104/1123 4098/1124 4097/1122
f 4104/1123 4105/1125 4099/1126 4098/1124
f 4105/1125 4106/1127 4100/1128 4099/1126
f 4106/1127 4102/1117 4095/1120 4100/1128
f 4109/1102 4107/1101 4113/1129 4115/1130
f 4105/1131 4104/1132 4110/1133 4111/1134
f 4112/1135 4108/1136 4102/1137 4106/1138
f 4101/1100 4102/1137 4108/1136 4107/1101
f 4104/1132 4103/1099 4109/1102 4110/1133
f 4106/1138 4105/1131 4111/1134 4112/1135
f 4115/1130 4113/1129 4114/1139
f 4115/1130 4114/1139 4118/1140
f 4115/1130 4118/1140 4116/1141
f 4118/1140 4117/1142 4116/1141
f 4111/1134 4110/1133 4116/1141 4117/1142
f 4118/1140 4114/1139 4108/1136 4112/1135
f 4107/1101 4108/1136 4114/1139 4113/1129
f 4110/1133 4109/1102 4115/1130 4116/1141
f 4112/1135 4111/1134 4117/1142 4118/1140
f 4144/1143 4143/1144 4152/1145 4153/1146
f 4126/1147 4125/1148 4134/1149 4135/1150
f 4121/1151 4120/1152 4129/1153 4130/1154
f 4127/1155 4126/1147 4135/1150 4136/1156
f 4122/1157 4121/1151 4130/1154 4131/1158
f 4136/1156 4128/1159 4119/1160 4127/1155
f 4123/1161 4122/1157 4131/1158 4132/1162
f 4124/1163 4123/1161 4132/1162 4133/1164
f 4125/1165 4124/1163 4133/1164 4134/1166
f 4120/1152 4119/1160 4128/1159 4129/1153
f 4138/1167 4137/1168 4129/1169 4128/1170
f 4137/1168 4139/1171 4130/1172 4129/1169
f 4139/1171 4140/1173 4131/1174 4130/1172
f 4140/1173 4141/1175 4132/1176 4131/1174
f 4141/1175 4142/1177 4133/1178 4132/1176
f 4142/1177 4143/1179 4134/1180 4133/1178
f 4143/1179 4144/1181 4135/1182 4134/1180
f 4144/1181 4145/1183 4136/1184 4135/1182
f 4145/1183 4138/1167 4128/1170 4136/1184
f 4148/1185 4146/1186 4149/1187
f 4146/1186 4150/1188 4149/1187
f 4146/1186 4147/1189 4150/1188
f 4147/1189 4151/1190 4150/1188
f 4147/1189 4154/1191 4151/1190
f 4154/1191 4152/1192 4151/1190
f 4154/1191 4153/1193 4152/1192
f 4139/1194 4137/1195 4146/1196 4148/1197
f 4145/1198 4144/1143 4153/1146 4154/1199
f 4140/1200 4139/1194 4148/1197 4149/1201
f 4154/1199 4147/1202 4138/1203 4145/1198
f 4141/1204 4140/1200 4149/1201 4150/1205
f 4142/1206 4141/1204 4150/1205 4151/1207
f 4143/1144 4142/1206 4151/1207 4152/1145
f 4137/1195 4138/1203 4147/1202 4146/1196
f 4180/1143 4179/1144 4188/1145 4189/1146
f 4162/1147 4161/1148 4170/1149 4171/1150
f 4157/1151 4156/1152 4165/1153 4166/1154
f 4163/1155 4162/1147 4171/1150 4172/1156
f 4158/1157 4157/1151 4166/1154 4167/1158
f 4172/1156 4164/1159 4155/1160 4163/1155
f 4159/1161 4158/1157 4167/1158 4168/1162
f 4160/1163 4159/1161 4168/1162 4169/1164
f 4161/1165 4160/1163 4169/1164 4170/1166
f 4156/1152 4155/1160 4164/1159 4165/1153
f 4174/1167 4173/1168 4165/1169 4164/1170
f 4173/1168 4175/1171 4166/1172 4165/1169
f 4175/1171 4176/1173 4167/1174 4166/1172
f 4176/1173 4177/1175 4168/1176 4167/1174
f 4177/1175 4178/1177 4169/1178 4168/1176
f 4178/1177 4179/1179 4170/1180 4169/1178
f 4179/1179 4180/1181 4171/1182 4170/1180
f 4180/1181 4181/1183 4172/1184 4171/1182
f 4181/1183 4174/1167 4164/1170 4172/1184
f 4184/1185 4182/1186 4185/1187
f 4182/1186 4186/1188 4185/1187
f 4182/1186 4183/1189 4186/1188
f 4183/1189 4187/1190 4186/1188
f 4183/1189 4190/1191 4187/1190
f 4190/1191 4188/1192 4187/1190
f 4190/1191 4189/1193 4188/1192
f 4175/1194 4173/1195 4182/1196 4184/1197
f 4181/1198 4180/1143 4189/1146 4190/1199
f 4176/1200 4175/1194 4184/1197 4185/1201
f 4190/1199 4183/1202 4174/1203 4181/1198
f 4177/1204 4176/1200 4185/1201 4186/1205
f 4178/1206 4177/1204 4186/1205 4187/1207
f 4179/1144 4178/1206 4187/1207 4188/1145
f 4173/1195 4174/1203 4183/1202 4182/1196
f 4216/1143 4215/1144 4224/1145 4225/1146
f 4198/1147 4197/1148 4206/1149 4207/1150
f 4193/1151 4192/1152 4201/1153 4202/1154
f 4199/1155 4198/1147 4207/1150 4208/1156
f 4194/1157 4193/1151 4202/1154 4203/1158
f 4208/1156 4200/1159 4191/1160 4199/1155
f 4195/1161 4194/1157 4203/1158 4204/1162
f 4196/1163 4195/1161 4204/1162 4205/1164
f 4197/1165 4196/1163 4205/1164 4206/1166
f 4192/1152 4191/1160 4200/1159 4201/1153
f 4210/1167 4209/1168 4201/1169 4200/1170
f 4209/1168 4211/1171 4202/1172 4201/1169
f 4211/1171 4212/1173 4203/1174 4202/1172
f 4212/1173 4213/1175 4204/1176 4203/1174
f 4213/1175 4214/1177 4205/1178 4204/1176
f 4214/1177 4215/1179 4206/1180 4205/1178
f 4215/1179 4216/1181 4207/1182 4206/1180
f 4216/1181 4217/1183 4208/1184 4207/1182
f 4217/1183 4210/1167 4200/1170 4208/1184
f 4220/1185 4218/1186 4221/1187
f 4218/1186 4222/1188 4221/1187
f 4218/1186 4219/1189 4222/1188
f 4219/1189 4223/1190 4222/1188
f 4219/1189 4226/1191 4223/1190
f 4226/1191 4224/1192 4223/1190
f 4226/1191 4225/1193 4224/1192
f 4211/1194 4209/1195 4218/1196 4220/1197
f 4217/1198 4216/1143 4225/1146 4226/1199
f 4212/1200 4211/1194 4220/1197 4221/1201
f 4226/1199 4219/1202 4210/1203 4217/1198
f 4213/1204 4212/1200 4221/1201 4222/1205
f 4214/1206 4213/1204 4222/1205 4223/1207
f 4215/1144 4214/1206 4223/1207 4224/1145
f 4209/1195 4210/1203 4219/1202 4218/1196
f 4241/1208 4242/1209 4243/1210 4244/1211
f 4250/1212 4251/1213 4252/1214 4253/1215
f 4288/1216 4287/1217 4269/1218 4286/1219
f 4292/1220 4288/1221 4286/1222 4285/1223
f 4287/1217 4289/1224 4270/1225 4269/1218
f 4294/1226 4291/1227 4280/1228 4279/1229
f 4295/1230 4292/1220 4285/1223 4284/1231
f 4296/1232 4293/1233 4274/1234 4273/1235
f 4297/1236 4295/1230 4284/1231 4283/1237
f 4311/1238 4305/1239 4307/1240 4308/1241
f 4298/1242 4297/1236 4283/1237 4282/1243
f 4300/1244 4312/1245 4311/1246
f 4312/1245 4277/1247 4311/1246
f 4277/1247 4305/1248 4311/1246
f 4302/1249 4299/1250 4276/1251 4290/1252
f 4300/1253 4311/1254 4308/1255 4304/1256
f 4312/1257 4300/1253 4304/1256 4309/1258
f 4309/1259 4306/1260 4277/1261 4312/1262
f 4308/1241 4307/1240 4299/1250 4302/1249
f 4306/1260 4309/1259 4303/1263 4301/1264
f 4309/1265 4304/1266 4310/1267 4303/1268
f 4304/1266 4308/1269 4302/1270 4310/1267
f 4313/1271 4314/1272 4256/1273 4255/1274
f 4324/1275 4323/1276 4329/1277 4330/1278
f 4326/1279 4325/1280 4331/1281 4332/1282
f 4333/1283 4328/1284 4322/1285 4327/1286
f 4323/1276 4322/1285 4328/1284 4329/1277
f 4325/1287 4324/1275 4330/1278 4331/1288
f 4327/1286 4326/1279 4332/1282 4333/1283
f 4335/1289 4334/1290 4329/1291 4328/1292
f 4334/1290 4336/1293 4330/1294 4329/1291
f 4336/1293 4337/1295 4331/1296 4330/1294
f 4337/1295 4338/1297 4332/1298 4331/1296
f 4338/1297 4339/1299 4333/1300 4332/1298
f 4339/1299 4335/1289 4328/1292 4333/1300
f 4345/1301 4341/1302 4335/1303 4339/1304
f 4351/1305 4347/1306 4341/1302 4345/1301
f 4334/1307 4335/1303 4341/1302 4340/1308
f 4337/1309 4336/1310 4342/1311 4343/1312
f 4339/1304 4338/1313 4344/1314 4345/1301
f 4336/1310 4334/1307 4340/1308 4342/1311
f 4338/1313 4337/1309 4343/1312 4344/1314
f 4348/1315 4346/1316 4347/1306
f 4348/1315 4347/1306 4349/1317
f 4347/1306 4351/1305 4349/1317
f 4351/1305 4350/1318 4349/1317
f 4340/1308 4341/1302 4347/1306 4346/1316
f 4343/1312 4342/1311 4348/1315 4349/1317
f 4345/1301 4344/1314 4350/1318 4351/1305
f 4342/1311 4340/1308 4346/1316 4348/1315
f 4344/1314 4343/1312 4349/1317 4350/1318
f 4354/1275 4353/1276 4359/1277 4360/1278
f 4356/1279 4355/1280 4361/1281 4362/1282
f 4363/1283 4358/1284 4352/1285 4357/1286
f 4353/1276 4352/1285 4358/1284 4359/1277
f 4355/1287 4354/1275 4360/1278 4361/1288
f 4357/1286 4356/1279 4362/1282 4363/1283
f 4365/1289 4364/1290 4359/1291 4358/1292
f 4364/1290 4366/1293 4360/1294 4359/1291
f 4366/1293 4367/1295 4361/1296 4360/1294
f 4367/1295 4368/1297 4362/1298 4361/1296
f 4368/1297 4369/1299 4363/1300 4362/1298
f 4369/1299 4365/1289 4358/1292 4363/1300
f 4375/1301 4371/1302 4365/1303 4369/1304
f 4381/1305 4377/1306 4371/1302 4375/1301
f 4364/1307 4365/1303 4371/1302 4370/1308
f 4367/1309 4366/1310 4372/1311 4373/1312
f 4369/1304 4368/1313 4374/1314 4375/1301
f 4366/1310 4364/1307 4370/1308 4372/1311
f 4368/1313 4367/1309 4373/1312 4374/1314
f 4378/1315 4376/1316 4379/1317
f 4376/1316 4377/1306 4379/1317
f 4377/1306 4380/1318 4379/1317
f 4377/1306 4381/1305 4380/1318
f 4370/1308 4371/1302 4377/1306 4376/1316
f 4373/1312 4372/1311 4378/1315 4379/1317
f 4375/1301 4374/1314 4380/1318 4381/1305
f 4372/1311 4370/1308 4376/1316 4378/1315
f 4374/1314 4373/1312 4379/1317 4380/1318
f 4384/1275 4383/1276 4389/1277 4390/1278
f 4386/1279 4385/1280 4391/1281 4392/1282
f 4393/1283 4388/1284 4382/1285 4387/1286
f 4383/1276 4382/1285 4388/1284 4389/1277
f 4385/1287 4384/1275 4390/1278 4391/1288
f 4387/1286 4386/1279 4392/1282 4393/1283
f 4395/1289 4394/1290 4389/1291 4388/1292
f 4394/1290 4396/1293 4390/1294 4389/1291
f 4396/1293 4397/1295 4391/1296 4390/1294
f 4397/1295 4398/1297 4392/1298 4391/1296
f 4398/1297 4399/1299 4393/1300 4392/1298
f 4399/1299 4395/1289 4388/1292 4393/1300
f 4405/1301 4401/1302 4395/1303 4399/1304
f 4411/1305 4407/1306 4401/1302 4405/1301
f 4394/1307 4395/1303 4401/1302 4400/1308
f 4397/1309 4396/1310 4402/1311 4403/1312
f 4399/1304 4398/1313 4404/1314 4405/1301
f 4396/1310 4394/1307 4400/1308 4402/1311
f 4398/1313 4397/1309 4403/1312 4404/1314
f 4408/1315 4410/1318 4409/1317
f 4408/1315 4406/1316 4410/1318
f 4406/1316 4411/1305 4410/1318
f 4406/1316 4407/1306 4411/1305
f 4400/1308 4401/1302 4407/1306 4406/1316
f 4403/1312 4402/1311 4408/1315 4409/1317
f 4405/1301 4404/1314 4410/1318 4411/1305
f 4402/1311 4400/1308 4406/1316 4408/1315
f 4404/1314 4403/1312 4409/1317 4410/1318
f 4414/1275 4413/1276 4419/1277 4420/1278
f 4416/1279 4415/1280 4421/1281 4422/1282
f 4423/1283 4418/1284 4412/1285 4417/1286
f 4413/1276 4412/1285 4418/1284 4419/1277
f 4415/1287 4414/1275 4420/1278 4421/1288
f 4417/1286 4416/1279 4422/1282 4423/1283
f 4425/1289 4424/1290 4419/1291 4418/1292
f 4424/1290 4426/1293 4420/1294 4419/1291
f 4426/1293 4427/1295 4421/1296 4420/1294
f 4427/1295 4428/1297 4422/1298 4421/1296
f 4428/1297 4429/1299 4423/1300 4422/1298
f 4429/1299 4425/1289 4418/1292 4423/1300
f 4435/1301 4431/1302 4425/1303 4429/1304
f 4441/1305 4437/1306 4431/1302 4435/1301
f 4424/1307 4425/1303 4431/1302 4430/1308
f 4427/1309 4426/1310 4432/1311 4433/1312
f 4429/1304 4428/1313 4434/1314 4435/1301
f 4426/1310 4424/1307 4430/1308 4432/1311
f 4428/1313 4427/1309 4433/1312 4434/1314
f 4438/1315 4440/1318 4439/1317
f 4438/1315 4441/1305 4440/1318
f 4438/1315 4436/1316 4441/1305
f 4436/1316 4437/1306 4441/1305
f 4430/1308 4431/1302 4437/1306 4436/1316
f 4433/1312 4432/1311 4438/1315 4439/1317
f 4435/1301 4434/1314 4440/1318 4441/1305
f 4432/1311 4430/1308 4436/1316 4438/1315
f 4434/1314 4433/1312 4439/1317 4440/1318
f 4444/1275 4443/1276 4449/1277 4450/1278
f 4446/1279 4445/1280 4451/1281 4452/1282
f 4453/1283 4448/1284 4442/1285 4447/1286
f 4443/1276 4442/1285 4448/1284 4449/1277
f 4445/1287 4444/1275 4450/1278 4451/1288
f 4447/1286 4446/1279 4452/1282 4453/1283
f 4455/1289 4454/1290 4449/1291 4448/1292
f 4454/1290 4456/1293 4450/1294 4449/1291
f 4456/1293 4457/1295 4451/1296 4450/1294
f 4457/1295 4458/1297 4452/1298 4451/1296
f 4458/1297 4459/1299 4453/1300 4452/1298
f 4459/1299 4455/1289 4448/1292 4453/1300
f 4465/1301 4461/1302 4455/1303 4459/1304
f 4471/1305 4467/1306 4461/1302 4465/1301
f 4454/1307 4455/1303 4461/1302 4460/1308
f 4457/1309 4456/1310 4462/1311 4463/1312
f 4459/1304 4458/1313 4464/1314 4465/1301
f 4456/1310 4454/1307 4460/1308 4462/1311
f 4458/1313 4457/1309 4463/1312 4464/1314
f 4471/1305 4470/1318 4469/1317
f 4468/1315 4471/1305 4469/1317
f 4468/1315 4467/1306 4471/1305
f 4468/1315 4466/1316 4467/1306
f 4460/1308 4461/1302 4467/1306 4466/1316
f 4463/1312 4462/1311 4468/1315 4469/1317
f 4465/1301 4464/1314 4470/1318 4471/1305
f 4462/1311 4460/1308 4466/1316 4468/1315
f 4464/1314 4463/1312 4469/1317 4470/1318
f 4474/1275 4473/1276 4479/1277 4480/1278
f 4476/1279 4475/1280 4481/1281 4482/1282
f 4483/1283 4478/1284 4472/1285 4477/1286
f 4473/1276 4472/1285 4478/1284 4479/1277
f 4475/1287 4474/1275 4480/1278 4481/1288
f 4477/1286 4476/1279 4482/1282 4483/1283
f 4485/1289 4484/1290 4479/1291 4478/1292
f 4484/1290 4486/1293 4480/1294 4479/1291
f 4486/1293 4487/1295 4481/1296 4480/1294
f 4487/1295 4488/1297 4482/1298 4481/1296
f 4488/1297 4489/1299 4483/1300 4482/1298
f 4489/1299 4485/1289 4478/1292 4483/1300
f 4495/1301 4491/1302 4485/1303 4489/1304
f 4501/1305 4497/1306 4491/1302 4495/1301
f 4484/1307 4485/1303 4491/1302 4490/1308
f 4487/1309 4486/1310 4492/1311 4493/1312
f 4489/1304 4488/1313 4494/1314 4495/1301
f 4486/1310 4484/1307 4490/1308 4492/1311
f 4488/1313 4487/1309 4493/1312 4494/1314
f 4501/1305 4500/1318 4499/1317
f 4497/1306 4501/1305 4499/1317
f 4498/1315 4497/1306 4499/1317
f 4498/1315 4496/1316 4497/1306
f 4490/1308 4491/1302 4497/1306 4496/1316
f 4493/1312 4492/1311 4498/1315 4499/1317
f 4495/1301 4494/1314 4500/1318 4501/1305
f 4492/1311 4490/1308 4496/1316 4498/1315
f 4494/1314 4493/1312 4499/1317 4500/1318
f 4504/1275 4503/1276 4509/1277 4510/1278
f 4506/1279 4505/1280 4511/1281 4512/1282
f 4513/1283 4508/1284 4502/1285 4507/1286
f 4503/1276 4502/1285 4508/1284 4509/1277
f 4505/1287 4504/1275 4510/1278 4511/1288
f 4507/1286 4506/1279 4512/1282 4513/1283
f 4515/1289 4514/1290 4509/1291 4508/1292
f 4514/1290 4516/1293 4510/1294 4509/1291
f 4516/1293 4517/1295 4511/1296 4510/1294
f 4517/1295 4518/1297 4512/1298 4511/1296
f 4518/1297 4519/1299 4513/1300 4512/1298
f 4519/1299 4515/1289 4508/1292 4513/1300
f 4525/1301 4521/1302 4515/1303 4519/1304
f 4531/1305 4527/1306 4521/1302 4525/1301
f 4514/1307 4515/1303 4521/1302 4520/1308
f 4517/1309 4516/1310 4522/1311 4523/1312
f 4519/1304 4518/1313 4524/1314 4525/1301
f 4516/1310 4514/1307 4520/1308 4522/1311
f 4518/1313 4517/1309 4523/1312 4524/1314
f 4527/1306 4531/1305 4530/1318
f 4526/1316 4527/1306 4530/1318
f 4526/1316 4530/1318 4529/1317
f 4528/1315 4526/1316 4529/1317
f 4520/1308 4521/1302 4527/1306 4526/1316
f 4523/1312 4522/1311 4528/1315 4529/1317
f 4525/1301 4524/1314 4530/1318 4531/1305
f 4522/1311 4520/1308 4526/1316 4528/1315
f 4524/1314 4523/1312 4529/1317 4530/1318
f 4534/1275 4533/1276 4539/1277 4540/1278
f 4536/1279 4535/1280 4541/1281 4542/1282
f 4543/1283 4538/1284 4532/1285 4537/1286
f 4533/1276 4532/1285 4538/1284 4539/1277
f 4535/1287 4534/1275 4540/1278 4541/1288
f 4537/1286 4536/1279 4542/1282 4543/1283
f 4545/1289 4544/1290 4539/1291 4538/1292
f 4544/1290 4546/1293 4540/1294 4539/1291
f 4546/1293 4547/1295 4541/1296 4540/1294
f 4547/1295 4548/1297 4542/1298 4541/1296
f 4548/1297 4549/1299 4543/1300 4542/1298
f 4549/1299 4545/1289 4538/1292 4543/1300
f 4555/1301 4551/1302 4545/1303 4549/1304
f 4561/1305 4557/1306 4551/1302 4555/1301
f 4544/1307 4545/1303 4551/1302 4550/1308
f 4547/1309 4546/1310 4552/1311 4553/1312
f 4549/1304 4548/1313 4554/1314 4555/1301
f 4546/1310 4544/1307 4550/1308 4552/1311
f 4548/1313 4547/1309 4553/1312 4554/1314
f 4556/1316 4557/1306 4561/1305
f 4556/1316 4561/1305 4560/1318
f 4558/1315 4556/1316 4560/1318
f 4558/1315 4560/1318 4559/1317
f 4550/1308 4551/1302 4557/1306 4556/1316
f 4553/1312 4552/1311 4558/1315 4559/1317
f 4555/1301 4554/1314 4560/1318 4561/1305
f 4552/1311 4550/1308 4556/1316 4558/1315
f 4554/1314 4553/1312 4559/1317 4560/1318
f 4564/1275 4563/1276 4569/1277 4570/1278
f 4566/1279 4565/1280 4571/1281 4572/1282
f 4573/1283 4568/1284 4562/1285 4567/1286
f 4563/1276 4562/1285 4568/1284 4569/1277
f 4565/1287 4564/1275 4570/1278 4571/1288
f 4567/1286 4566/1279 4572/1282 4573/1283
f 4575/1289 4574/1290 4569/1291 4568/1292
f 4574/1290 4576/1293 4570/1294 4569/1291
f 4576/1293 4577/1295 4571/1296 4570/1294
f 4577/1295 4578/1297 4572/1298 4571/1296
f 4578/1297 4579/1299 4573/1300 4572/1298
f 4579/1299 4575/1289 4568/1292 4573/1300
f 4585/1301 4581/1302 4575/1303 4579/1304
f 4591/1305 4587/1306 4581/1302 4585/1301
f 4574/1307 4575/1303 4581/1302 4580/1308
f 4577/1309 4576/1310 4582/1311 4583/1312
f 4579/1304 4578/1313 4584/1314 4585/1301
f 4576/1310 4574/1307 4580/1308 4582/1311
f 4578/1313 4577/1309 4583/1312 4584/1314
f 4586/1316 4587/1306 4591/1305
f 4588/1315 4586/1316 4591/1305
f 4588/1315 4591/1305 4590/1318
f 4588/1315 4590/1318 4589/1317
f 4580/1308 4581/1302 4587/1306 4586/1316
f 4583/1312 4582/1311 4588/1315 4589/1317
f 4585/1301 4584/1314 4590/1318 4591/1305
f 4582/1311 4580/1308 4586/1316 4588/1315
f 4584/1314 4583/1312 4589/1317 4590/1318
f 4614/1319 4615/1320 4613/1321 4612/1322
f 4595/1323 4596/1324 4593/1325 4592/1326
f 4596/1324 4597/1327 4594/1328 4593/1325
f 4601/1329 4602/1330 4600/1331 4599/1332
f 4622/1333 4623/1334 4615/1335 4614/1336
f 4620/1337 4622/1333 4614/1336 4612/1338
f 4623/1334 4621/1339 4613/1340 4615/1335
f 4620/1341 4621/1342 4617/1343 4616/1344
f 4623/1345 4622/1346 4618/1347 4619/1348
f 4621/1342 4623/1345 4619/1348 4617/1343
f 4622/1346 4620/1341 4616/1344 4618/1347
f 4592/1349 4593/1350 4619/1351 4618/1352
f 4612/1353 4613/1340 4621/1339 4620/1354
f 4625/1355 4627/1356 4628/1357 4626/1358
f 4677/1359 4678/1360 4676/1361 4675/1362
f 4632/1363 4633/1364 4630/1365 4629/1366
f 4633/1364 4634/1367 4631/1368 4630/1365
f 4681/1319 4682/1320 4680/1321 4679/1322
f 4636/1325 4637/1328 4634/1367 4633/1364
f 4638/1323 4639/1324 4636/1325 4635/1326
f 4639/1324 4640/1327 4637/1328 4636/1325
f 4645/1369 4646/1370 4643/1371 4642/1372
f 4646/1370 4647/1373 4644/1374 4643/1371
f 4649/1375 4650/1332 4646/1370 4645/1369
f 4650/1332 4651/1331 4647/1373 4646/1370
f 4652/1376 4653/1329 4650/1332 4649/1375
f 4653/1329 4654/1330 4651/1331 4650/1332
f 4663/1377 4662/1378 4657/1379 4658/1380
f 4665/1381 4664/1382 4659/1383 4660/1384
f 4671/1385 4672/1386 4660/1387 4661/1388
f 4672/1386 4674/1389 4665/1390 4660/1387
f 4695/1391 4697/1392 4677/1393 4675/1394
f 4697/1392 4698/1395 4678/1396 4677/1393
f 4689/1333 4690/1334 4682/1335 4681/1336
f 4632/1397 4635/1349 4685/1352 4683/1398
f 4687/1337 4689/1333 4681/1336 4679/1338
f 4690/1334 4688/1339 4680/1340 4682/1335
f 4687/1341 4688/1342 4684/1343 4683/1344
f 4690/1345 4689/1346 4685/1347 4686/1348
f 4688/1342 4690/1345 4686/1348 4684/1343
f 4689/1346 4687/1341 4683/1344 4685/1347
f 4683/1398 4684/1399 4633/1400 4632/1397
f 4635/1349 4636/1350 4686/1351 4685/1352
f 4636/1350 4633/1401 4684/1402 4686/1351
f 4679/1353 4680/1340 4688/1339 4687/1354
f 4695/1403 4696/1404 4692/1405 4691/1406
f 4698/1407 4697/1408 4693/1409 4694/1410
f 4696/1404 4698/1407 4694/1410 4692/1405
f 4697/1408 4695/1403 4691/1406 4693/1409
f 4629/1411 4630/1412 4694/1413 4693/1414
f 4675/1394 4676/1415 4696/1416 4695/1391
f 4698/1395 4696/1417 4676/1418 4678/1396
f 4699/1419 4700/1420 4704/1421 4702/1422
f 4702/1355 4704/1356 4705/1357 4703/1358
f 4700/1420 4701/1423 4705/1424 4704/1421
f 4671/1425 4673/1426 4708/1427 4706/1428
f 4706/1429 4708/1430 4709/1431 4707/1432
f 4706/1428 4707/1433 4672/1434 4671/1425
f 4674/1435 4672/1436 4707/1437 4709/1438
f 4673/1426 4674/1435 4709/1438 4708/1427
f 4746/1359 4747/1360 4745/1361 4744/1362
f 4713/1363 4714/1364 4711/1365 4710/1366
f 4714/1364 4715/1367 4712/1368 4711/1365
f 4750/1319 4751/1320 4749/1321 4748/1322
f 4717/1325 4718/1328 4715/1367 4714/1364
f 4723/1369 4724/1370 4721/1371 4720/1372
f 4724/1370 4725/1373 4722/1374 4721/1371
f 4727/1375 4728/1332 4724/1370 4723/1369
f 4728/1332 4729/1331 4725/1373 4724/1370
f 4736/1381 4735/1382 4732/1383 4733/1384
f 4737/1439 4738/1440 4731/1441 4732/1442
f 4740/1386 4743/1389 4736/1390 4733/1387
f 4738/1440 4741/1443 4734/1444 4731/1441
f 4764/1391 4766/1392 4746/1393 4744/1394
f 4766/1392 4767/1395 4747/1396 4746/1393
f 4758/1333 4759/1334 4751/1335 4750/1336
f 4713/1397 4716/1349 4754/1352 4752/1398
f 4756/1337 4758/1333 4750/1336 4748/1338
f 4759/1334 4757/1339 4749/1340 4751/1335
f 4756/1341 4757/1342 4753/1343 4752/1344
f 4759/1345 4758/1346 4754/1347 4755/1348
f 4757/1342 4759/1345 4755/1348 4753/1343
f 4758/1346 4756/1341 4752/1344 4754/1347
f 4752/1398 4753/1399 4714/1400 4713/1397
f 4716/1349 4717/1350 4755/1351 4754/1352
f 4717/1350 4714/1401 4753/1402 4755/1351
f 4748/1353 4749/1340 4757/1339 4756/1354
f 4764/1403 4765/1404 4761/1405 4760/1406
f 4767/1407 4766/1408 4762/1409 4763/1410
f 4765/1404 4767/1407 4763/1410 4761/1405
f 4766/1408 4764/1403 4760/1406 4762/1409
f 4710/1411 4711/1412 4763/1413 4762/1414
f 4744/1394 4745/1415 4765/1416 4764/1391
f 4767/1395 4765/1417 4745/1418 4747/1396
f 4769/1355 4771/1356 4772/1357 4770/1358
f 4739/1425 4742/1426 4775/1427 4773/1428
f 4773/1429 4775/1430 4776/1431 4774/1432
f 4773/1428 4774/1433 4740/1434 4739/1425
f 4743/1435 4740/1436 4774/1437 4776/1438
f 4742/1426 4743/1435 4776/1438 4775/1427
f 4825/1359 4826/1360 4824/1361 4823/1362
f 4781/1365 4782/1368 4779/1445 4778/1446
f 4783/1363 4784/1364 4781/1365 4780/1366
f 4784/1364 4785/1367 4782/1368 4781/1365
f 4829/1319 4830/1320 4828/1321 4827/1322
f 4787/1325 4788/1328 4785/1367 4784/1364
f 4794/1369 4795/1370 4792/1371 4791/1372
f 4795/1370 4796/1373 4793/1374 4792/1371
f 4798/1375 4799/1332 4795/1370 4794/1369
f 4799/1332 4800/1331 4796/1373 4795/1370
f 4807/1384 4806/1383 4803/1447 4804/1448
f 4806/1383 4805/1380 4802/1449 4803/1447
f 4811/1381 4810/1382 4806/1383 4807/1384
f 4815/1450 4814/1451 4810/1382 4811/1381
f 4814/1451 4813/1452 4809/1377 4810/1382
f 4817/1453 4785/1367 4788/1328 4816/1454
f 4819/1385 4820/1386 4807/1387 4808/1388
f 4822/1389 4821/1455 4812/1456 4811/1390
f 4820/1386 4822/1389 4811/1390 4807/1387
f 4821/1455 4819/1385 4808/1388 4812/1456
f 4839/1457 4840/1458 4778/1459 4777/1460
f 4843/1391 4845/1392 4825/1393 4823/1394
f 4777/1460 4780/1411 4841/1414 4839/1457
f 4845/1392 4846/1395 4826/1396 4825/1393
f 4837/1333 4838/1334 4830/1335 4829/1336
f 4783/1397 4786/1349 4833/1352 4831/1398
f 4835/1337 4837/1333 4829/1336 4827/1338
f 4838/1334 4836/1339 4828/1340 4830/1335
f 4835/1341 4836/1342 4832/1343 4831/1344
f 4838/1345 4837/1346 4833/1347 4834/1348
f 4836/1342 4838/1345 4834/1348 4832/1343
f 4837/1346 4835/1341 4831/1344 4833/1347
f 4831/1398 4832/1399 4784/1400 4783/1397
f 4786/1349 4787/1350 4834/1351 4833/1352
f 4787/1350 4784/1401 4832/1402 4834/1351
f 4827/1353 4828/1340 4836/1339 4835/1354
f 4843/1403 4844/1404 4840/1405 4839/1406
f 4846/1407 4845/1408 4841/1409 4842/1410
f 4844/1404 4846/1407 4842/1410 4840/1405
f 4845/1408 4843/1403 4839/1406 4841/1409
f 4780/1411 4781/1412 4842/1413 4841/1414
f 4823/1394 4824/1415 4844/1416 4843/1391
f 4781/1412 4778/1461 4840/1462 4842/1413
f 4846/1395 4844/1417 4824/1418 4826/1396
f 4847/1419 4848/1420 4852/1421 4850/1422
f 4850/1355 4852/1356 4853/1357 4851/1358
f 4848/1420 4849/1423 4853/1424 4852/1421
f 4819/1425 4821/1426 4856/1427 4854/1428
f 4854/1429 4856/1430 4857/1431 4855/1432
f 4854/1428 4855/1433 4820/1434 4819/1425
f 4822/1435 4820/1436 4855/1437 4857/1438
f 4821/1426 4822/1435 4857/1438 4856/1427
f 4922/1359 4923/1360 4921/1361 4920/1362
f 4863/1365 4864/1368 4861/1445 4860/1446
f 4866/1363 4867/1364 4863/1365 4862/1366
f 4867/1364 4868/1367 4864/1368 4863/1365
f 4926/1319 4927/1320 4925/1321 4924/1322
f 4870/1325 4871/1328 4868/1367 4867/1364
f 4872/1323 4873/1324 4870/1325 4869/1326
f 4873/1324 4874/1327 4871/1328 4870/1325
f 4881/1369 4882/1370 4879/1371 4878/1372
f 4882/1370 4883/1373 4880/1374 4879/1371
f 4884/1375 4885/1332 4882/1370 4881/1369
f 4885/1332 4886/1331 4883/1373 4882/1370
f 4888/1376 4889/1329 4885/1332 4884/1375
f 4889/1329 4890/1330 4886/1331 4885/1332
f 4899/1377 4898/1378 4893/1379 4894/1380
f 4901/1381 4900/1382 4895/1383 4896/1384
f 4904/1452 4903/1463 4898/1378 4899/1377
f 4907/1464 4864/1368 4868/1367 4906/1453
f 4908/1465 4861/1445 4864/1368 4907/1464
f 4915/1385 4916/1386 4896/1387 4897/1388
f 4919/1389 4918/1455 4902/1456 4901/1390
f 4916/1386 4919/1389 4901/1390 4896/1387
f 4918/1455 4915/1385 4897/1388 4902/1456
f 4936/1457 4937/1458 4860/1459 4859/1460
f 4940/1391 4942/1392 4922/1393 4920/1394
f 4859/1460 4862/1411 4938/1414 4936/1457
f 4942/1392 4943/1395 4923/1396 4922/1393
f 4934/1333 4935/1334 4927/1335 4926/1336
f 4866/1397 4869/1349 4930/1352 4928/1398
f 4932/1337 4934/1333 4926/1336 4924/1338
f 4935/1334 4933/1339 4925/1340 4927/1335
f 4932/1341 4933/1342 4929/1343 4928/1344
f 4935/1345 4934/1346 4930/1347 4931/1348
f 4933/1342 4935/1345 4931/1348 4929/1343
f 4934/1346 4932/1341 4928/1344 4930/1347
f 4928/1398 4929/1399 4867/1400 4866/1397
f 4869/1349 4870/1350 4931/1351 4930/1352
f 4870/1350 4867/1401 4929/1402 4931/1351
f 4924/1353 4925/1340 4933/1339 4932/1354
f 4940/1403 4941/1404 4937/1405 4936/1406
f 4943/1407 4942/1408 4938/1409 4939/1410
f 4941/1404 4943/1407 4939/1410 4937/1405
f 4942/1408 4940/1403 4936/1406 4938/1409
f 4862/1411 4863/1412 4939/1413 4938/1414
f 4920/1394 4921/1415 4941/1416 4940/1391
f 4863/1412 4860/1461 4937/1462 4939/1413
f 4943/1395 4941/1417 4921/1418 4923/1396
f 4946/1355 4948/1356 4949/1357 4947/1358
f 4915/1425 4918/1426 4952/1427 4950/1428
f 4950/1429 4952/1430 4953/1431 4951/1432
f 4950/1428 4951/1433 4916/1434 4915/1425
f 4919/1435 4916/1436 4951/1437 4953/1438
f 4918/1426 4919/1435 4953/1438 4952/1427
f 4593/1325 4594/1328 4874/1367 4873/1364
f 4598/1375 4599/1332 4889/1370 4888/1369
f 4599/1332 4600/1331 4890/1373 4889/1370
f 4641/1376 4601/1329 4599/1332 4598/1375
f 4605/1377 4604/1378 4661/1379 4603/1380
f 4609/1439 4624/1440 4603/1441 4893/1442
f 4611/1443 4610/1466 4898/1467 4605/1444
f 4624/1440 4611/1443 4605/1444 4603/1441
f 4610/1466 4609/1439 4893/1442 4898/1467
f 4872/1397 4592/1349 4618/1352 4616/1398
f 4616/1398 4617/1399 4873/1400 4872/1397
f 4593/1350 4873/1401 4617/1402 4619/1351
f 4609/1419 4610/1420 4627/1421 4625/1422
f 4625/1468 4626/1469 4624/1470 4609/1471
f 4610/1420 4611/1423 4628/1424 4627/1421
f 4626/1469 4628/1424 4611/1423 4624/1470
f 4630/1365 4631/1368 4597/1445 4596/1446
f 4642/1372 4643/1371 4601/1472 4641/1473
f 4643/1371 4644/1374 4602/1474 4601/1472
f 4606/1475 4667/1450 4665/1381 4604/1476
f 4699/1439 4670/1440 4658/1441 4659/1442
f 4701/1443 4700/1466 4664/1467 4663/1444
f 4674/1389 4673/1455 4604/1456 4665/1390
f 4673/1455 4671/1385 4661/1388 4604/1456
f 4670/1440 4701/1443 4663/1444 4658/1441
f 4700/1466 4699/1439 4659/1442 4664/1467
f 4691/1457 4692/1458 4596/1459 4595/1460
f 4595/1460 4629/1411 4693/1414 4691/1457
f 4630/1412 4596/1461 4692/1462 4694/1413
f 4702/1468 4703/1469 4670/1470 4699/1471
f 4703/1469 4705/1424 4701/1423 4670/1470
f 4711/1365 4712/1368 4640/1445 4639/1446
f 4777/1323 4778/1324 4717/1325 4716/1326
f 4778/1324 4779/1327 4718/1328 4717/1325
f 4720/1372 4721/1371 4653/1472 4652/1473
f 4721/1371 4722/1374 4654/1474 4653/1472
f 4789/1376 4730/1329 4728/1332 4727/1375
f 4730/1329 4790/1330 4729/1331 4728/1332
f 4734/1377 4812/1378 4808/1379 4731/1380
f 4739/1385 4740/1386 4733/1387 4657/1388
f 4741/1443 4768/1466 4735/1467 4734/1444
f 4743/1389 4742/1455 4662/1456 4736/1390
f 4742/1455 4739/1385 4657/1388 4662/1456
f 4768/1466 4737/1439 4732/1442 4735/1467
f 4760/1457 4761/1458 4639/1459 4638/1460
f 4638/1460 4710/1411 4762/1414 4760/1457
f 4711/1412 4639/1461 4761/1462 4763/1413
f 4737/1419 4768/1420 4771/1421 4769/1422
f 4769/1468 4770/1469 4738/1470 4737/1471
f 4768/1420 4741/1423 4772/1424 4771/1421
f 4770/1469 4772/1424 4741/1423 4738/1470
f 4859/1323 4860/1324 4787/1325 4786/1326
f 4860/1324 4861/1327 4788/1328 4787/1325
f 4791/1372 4792/1371 4730/1472 4789/1473
f 4792/1371 4793/1374 4790/1474 4730/1472
f 4875/1376 4801/1329 4799/1332 4798/1375
f 4801/1329 4876/1330 4800/1331 4799/1332
f 4809/1377 4902/1378 4897/1379 4805/1380
f 4816/1454 4788/1328 4861/1327 4908/1477
f 4847/1439 4818/1440 4805/1441 4806/1442
f 4849/1443 4848/1466 4810/1467 4809/1444
f 4818/1440 4849/1443 4809/1444 4805/1441
f 4848/1466 4847/1439 4806/1442 4810/1467
f 4850/1468 4851/1469 4818/1470 4847/1471
f 4851/1469 4853/1424 4849/1423 4818/1470
f 4878/1372 4879/1371 4801/1472 4875/1473
f 4879/1371 4880/1374 4876/1474 4801/1472
f 4914/1439 4944/1440 4894/1441 4895/1442
f 4917/1443 4945/1466 4900/1467 4899/1444
f 4944/1440 4917/1443 4899/1444 4894/1441
f 4945/1466 4914/1439 4895/1442 4900/1467
f 4914/1419 4945/1420 4948/1421 4946/1422
f 4946/1468 4947/1469 4944/1470 4914/1471
f 4945/1420 4917/1423 4949/1424 4948/1421
f 4947/1469 4949/1424 4917/1423 4944/1470
f 5101/1478 5102/1479 4963/1480 4962/1481
f 5107/1482 5108/1483 4967/1484 4966/1485
f 5110/1486 5111/1487 4970/1488 4969/1489
f 5095/1490 5096/1491 4956/1492 4955/1493
f 5098/1494 5099/1495 4959/1496 4958/1497
f 5100/1498 5101/1478 4962/1481 4961/1499
f 5109/1500 5110/1486 4969/1489 4968/1501
f 4960/1502 5095/1490 4955/1493 4954/1503
f 5097/1504 5098/1494 4958/1497 4957/1505
f 4954/1503 4970/1488 5111/1487 4960/1502
f 5099/1495 5100/1498 4961/1499 4959/1496
f 5102/1479 5103/1506 4964/1507 4963/1480
f 5108/1508 5109/1500 4968/1501 4967/1509
f 5096/1491 5097/1504 4957/1505 4956/1492
f 5001/1510 4971/1511 4979/1512 5009/1513
f 4977/1514 4978/1515 5006/1516 5005/1517
f 4974/1518 4975/1519 5004/1520 5003/1521
f 4973/1522 4974/1518 5003/1521 5002/1523
f 5013/1524 5012/1525 4984/1526 4986/1527
f 5021/1528 5020/1529 4993/1530 4994/1531
f 5010/1532 5027/1533 5000/1534 4982/1535
f 5016/1536 5015/1537 4988/1538 4989/1539
f 5027/1533 5026/1540 4999/1541 5000/1534
f 5014/1542 5013/1543 4986/1544 4987/1545
f 5022/1546 5021/1528 4994/1531 4996/1547
f 5011/1548 5010/1532 4982/1535 4983/1549
f 5017/1550 5016/1536 4989/1539 4990/1551
f 5012/1525 5011/1548 4983/1549 4984/1526
f 5020/1529 5019/1552 4992/1553 4993/1530
f 5015/1537 5014/1542 4987/1545 4988/1538
f 5032/1554 5031/1555 5013/1556 5014/1557
f 5043/1558 5042/1559 5024/1560 5025/1561
f 5038/1562 5037/1563 5019/1564 5020/1565
f 5033/1566 5032/1554 5014/1557 5015/1567
f 5028/1568 5045/1569 5027/1570 5010/1571
f 5044/1572 5043/1558 5025/1561 5026/1573
f 5039/1574 5038/1562 5020/1565 5021/1575
f 5034/1576 5033/1566 5015/1567 5016/1577
f 5029/1578 5028/1568 5010/1571 5011/1579
f 5045/1569 5044/1572 5026/1573 5027/1570
f 5040/1580 5039/1574 5021/1575 5022/1581
f 5035/1582 5034/1576 5016/1577 5017/1583
f 5030/1584 5029/1578 5011/1579 5012/1585
f 5041/1586 5040/1580 5022/1581 5023/1587
f 5036/1588 5035/1582 5017/1583 5018/1589
f 5031/1590 5030/1584 5012/1585 5013/1591
f 5042/1559 5041/1586 5023/1587 5024/1560
f 5037/1563 5036/1588 5018/1589 5019/1564
f 5049/1592 5048/1593 5032/1554 5033/1566
f 5056/1594 5055/1595 5044/1572 5045/1569
f 5052/1596 5051/1597 5039/1574 5040/1580
f 5047/1598 5046/1599 5029/1578 5030/1584
f 5053/1600 5052/1596 5040/1580 5041/1586
f 5054/1601 5053/1600 5041/1586 5042/1559
f 5079/1602 5078/1603 5061/1604 5062/1605
f 5074/1606 5073/1607 5059/1608 5060/1609
f 5080/1610 5079/1602 5062/1605 5063/1611
f 5081/1612 5080/1610 5063/1611 5064/1613
f 5073/1607 5072/1614 5058/1615 5059/1608
f 5084/1616 5083/1617 5065/1618 5066/1619
f 5089/1620 5088/1621 5077/1622 5078/1623
f 5094/1624 5093/1625 5083/1626 5084/1627
f 5090/1628 5089/1620 5078/1623 5079/1629
f 5086/1630 5085/1631 5068/1632 5069/1633
f 5091/1634 5090/1628 5079/1629 5080/1635
f 5092/1636 5091/1634 5080/1635 5081/1637
f 5124/1638 5125/1639 5107/1640 5106/1641
f 5113/1642 5114/1643 5096/1644 5095/1645
f 5118/1646 5119/1647 5101/1648 5100/1649
f 5123/1650 5124/1638 5106/1641 5105/1651
f 5112/1652 5113/1642 5095/1645 4960/1653
f 5117/1654 5118/1646 5100/1649 5099/1655
f 5122/1656 5123/1650 5105/1651 5104/1657
f 4960/1653 5111/1658 5129/1659 5112/1652
f 5128/1660 5129/1659 5111/1658 5110/1661
f 5116/1662 5117/1654 5099/1655 5098/1663
f 5121/1664 5122/1656 5104/1657 5103/1665
f 5126/1666 5127/1667 5109/1668 5108/1669
f 5127/1667 5128/1660 5110/1661 5109/1668
f 5115/1670 5116/1662 5098/1663 5097/1671
f 5120/1672 5121/1664 5103/1665 5102/1673
f 5125/1639 5126/1674 5108/1675 5107/1640
f 5114/1643 5115/1670 5097/1671 5096/1644
f 5119/1647 5120/1672 5102/1673 5101/1648
f 5132/1676 5133/1677 5115/1678 5114/1679
f 5137/1680 5138/1681 5120/1682 5119/1683
f 5112/1684 5129/1685 5143/1686 5130/1687
f 5131/1688 5132/1676 5114/1679 5113/1689
f 5136/1690 5137/1680 5119/1683 5118/1691
f 5130/1687 5131/1688 5113/1689 5112/1684
f 5135/1692 5136/1690 5118/1691 5117/1693
f 5134/1694 5135/1692 5117/1693 5116/1695
f 5139/1696 5140/1697 5122/1698 5121/1699
f 5133/1677 5134/1694 5116/1695 5115/1678
f 5138/1681 5139/1696 5121/1699 5120/1682
f 5159/1700 5155/1701 5154/1702
f 5159/1700 5145/1703 5144/1704
f 5159/1700 5150/1705 5149/1706
f 5159/1700 5149/1706 5148/1707
f 5159/1700 5157/1708 5156/1709
f 5159/1700 5148/1707 5147/1710
f 5159/1700 5153/1711 5152/1712
f 5159/1700 5147/1710 5146/1713
f 5159/1700 5152/1712 5151/1714
f 5144/1704 5158/1715 5159/1700
f 5159/1700 5146/1713 5145/1703
f 5159/1700 5151/1714 5150/1705
f 4263/1716 4264/1717 4227/1718 4251/1719
f 4251/1719 4227/1718 4294/1720 4252/1721
f 4265/1722 4229/1723 4232/1724 4231/1209
f 4228/1725 4265/1722 4231/1209 4230/1208
f 4264/1726 4228/1725 4230/1208 4227/1727
f 4231/1209 4232/1724 4298/1728 4233/1210
f 4230/1208 4231/1209 4233/1210 4291/1211
f 4227/1727 4230/1208 4291/1211 4294/1729
f 4234/1722 4267/1723 4237/1724 4236/1209
f 4266/1725 4234/1722 4236/1209 4235/1208
f 4236/1209 4237/1724 4292/1728 4295/1210
f 4235/1208 4236/1209 4295/1210 4297/1211
f 4268/1725 4254/1722 4239/1209 4238/1208
f 4238/1208 4239/1209 4287/1210 4288/1211
f 4256/1725 4257/1722 4242/1209 4241/1208
f 4255/1726 4256/1725 4241/1208 4240/1727
f 4240/1727 4241/1208 4244/1211 4289/1729
f 4260/1722 4261/1723 4248/1724 4247/1209
f 4259/1725 4260/1722 4247/1209 4246/1208
f 4258/1726 4259/1725 4246/1208 4245/1727
f 4247/1209 4248/1724 4290/1728 4249/1210
f 4246/1208 4247/1209 4249/1210 4293/1211
f 4245/1727 4246/1208 4293/1211 4296/1729
f 4262/1730 4263/1731 4251/1213 4250/1212
f 4229/1726 4266/1725 4235/1208 4232/1727
f 4232/1727 4235/1208 4297/1211 4298/1729
f 4254/1722 4255/1723 4240/1724 4239/1209
f 4267/1726 4268/1725 4238/1208 4237/1727
f 4239/1209 4240/1724 4289/1728 4287/1210
f 4237/1727 4238/1208 4288/1211 4292/1729
f 4257/1722 4258/1723 4245/1724 4242/1209
f 4242/1209 4245/1724 4296/1728 4243/1210
f 4261/1732 4262/1730 4250/1212 4248/1733
f 4248/1733 4250/1212 4253/1215 4290/1734
f 4289/1224 4244/1735 4271/1736 4270/1225
f 4249/1737 4290/1252 4276/1251 4275/1738
f 4291/1227 4233/1739 4281/1740 4280/1228
f 4293/1233 4249/1737 4275/1738 4274/1234
f 4252/1741 4294/1226 4279/1229 4278/1742
f 4243/1743 4296/1232 4273/1235 4272/1744
f 4244/1735 4243/1743 4272/1744 4271/1736
f 4252/1741 4278/1742 4301/1264 4303/1263
f 4233/1739 4298/1242 4282/1243 4281/1740
f 4310/1745 4302/1746 4290/1747 4253/1748
f 4303/1749 4310/1745 4253/1748 4252/1750
f 5002/1751 5003/1752 4258/1753 4257/1754
f 5006/1755 4316/1756 4263/1757 4262/1758
f 5008/1759 4319/1760 4266/1761 4229/1762
f 4314/1272 5002/1751 4257/1754 4256/1273
f 5005/1763 5006/1755 4262/1758 4261/1764
f 4318/1765 5008/1759 4229/1762 4265/1766
f 5009/1767 4979/1768 4254/1769 4268/1770
f 4315/1771 5005/1763 4261/1764 4260/1772
f 4317/1773 4318/1765 4265/1766 4228/1774
f 4321/1775 5009/1776 4268/1777 4267/1778
f 4979/1768 4313/1271 4255/1274 4254/1769
f 5004/1779 4315/1771 4260/1772 4259/1780
f 5007/1781 4317/1773 4228/1774 4264/1782
f 4320/1783 4321/1775 4267/1778 4234/1784
f 5003/1752 5004/1779 4259/1780 4258/1753
f 4316/1756 5007/1781 4264/1782 4263/1757
f 4319/1760 4320/1783 4234/1784 4266/1761
f 4969/1785 4595/1323 4592/1326 4968/1786
f 5057/1452 4606/1463 4604/1378 4605/1377
f 5086/1454 4594/1328 4597/1327 5085/1477
f 5157/1787 4608/1788 4607/1789 5142/1790
f 4954/1791 4632/1363 4629/1366 4970/1792
f 4955/1786 4635/1326 4632/1363 4954/1791
f 4956/1785 4638/1323 4635/1326 4955/1786
f 4647/1373 4971/1793 5001/1794 4644/1374
f 4651/1331 4972/1795 4971/1793 4647/1373
f 5000/1796 4999/1797 4649/1375 4645/1369
f 4982/1798 5000/1796 4645/1369 4642/1372
f 4999/1797 4648/1799 4652/1376 4649/1375
f 4983/1800 4982/1798 4642/1372 4641/1473
f 4660/1384 4659/1383 5056/1447 4656/1448
f 4661/1801 4660/1384 4656/1448 5046/1802
f 4658/1380 4657/1379 4655/1803 5055/1449
f 4659/1383 4658/1380 5055/1449 5056/1447
f 4667/1450 5066/1451 4664/1382 4665/1381
f 5065/1452 4666/1463 4662/1378 4663/1377
f 5066/1451 5065/1452 4663/1377 4664/1382
f 5093/1454 4637/1328 4640/1327 4668/1477
f 5094/1453 4634/1367 4637/1328 5093/1454
f 4669/1464 4631/1368 4634/1367 5094/1453
f 5144/1804 5145/1805 5131/1806 5130/1807
f 5158/1808 5144/1804 5130/1807 5143/1809
f 5145/1805 5146/1810 5132/1811 5131/1806
f 4958/1791 4713/1363 4710/1366 4957/1792
f 4959/1786 4716/1326 4713/1363 4958/1791
f 4725/1373 4974/1793 4973/1794 4722/1374
f 4729/1331 4975/1795 4974/1793 4725/1373
f 4726/1796 4996/1797 4727/1375 4723/1369
f 4997/1798 4726/1796 4723/1369 4720/1372
f 4733/1384 4732/1383 5053/1447 5054/1448
f 4732/1383 4731/1380 5052/1449 5053/1447
f 5064/1450 5063/1451 4735/1382 4736/1381
f 5063/1451 5062/1452 4734/1377 4735/1382
f 5091/1453 4715/1367 4718/1328 5090/1454
f 5092/1464 4712/1368 4715/1367 5091/1453
f 5148/1812 5149/1813 5135/1814 5134/1815
f 5147/1816 5148/1812 5134/1815 5133/1817
f 4962/1792 4780/1366 4777/1818 4961/1819
f 4963/1791 4783/1363 4780/1366 4962/1792
f 4964/1786 4786/1326 4783/1363 4963/1791
f 4793/1374 4977/1794 4976/1820 4790/1474
f 4796/1373 4978/1793 4977/1794 4793/1374
f 4800/1331 4980/1795 4978/1793 4796/1373
f 4992/1796 4797/1797 4798/1375 4794/1369
f 4993/1798 4992/1796 4794/1369 4791/1372
f 4994/1800 4993/1798 4791/1372 4789/1473
f 4808/1801 4807/1384 4804/1448 5051/1802
f 5061/1475 4815/1450 4811/1381 4812/1476
f 5088/1464 4782/1368 4785/1367 4817/1453
f 5089/1465 4779/1445 4782/1368 5088/1464
f 5152/1821 5153/1822 5139/1823 5138/1824
f 5151/1825 5152/1821 5138/1824 5137/1826
f 5150/1827 5151/1825 5137/1826 5136/1828
f 4965/1792 4862/1366 4859/1818 4858/1819
f 4865/1791 4866/1363 4862/1366 4965/1792
f 4966/1786 4869/1326 4866/1363 4865/1791
f 4967/1785 4872/1323 4869/1326 4966/1786
f 4880/1374 4981/1794 4877/1820 4876/1474
f 4883/1373 4985/1793 4981/1794 4880/1374
f 4886/1331 4887/1795 4985/1793 4883/1373
f 4890/1330 4991/1829 4887/1795 4886/1331
f 4988/1796 4987/1797 4884/1375 4881/1369
f 4989/1798 4988/1796 4881/1369 4878/1372
f 4987/1797 4986/1799 4888/1376 4884/1375
f 4990/1800 4989/1798 4878/1372 4875/1473
f 4896/1384 4895/1383 5049/1447 4892/1448
f 4894/1380 4893/1379 4891/1803 5048/1449
f 4895/1383 4894/1380 5048/1449 5049/1447
f 5059/1450 5058/1451 4900/1382 4901/1381
f 5060/1475 5059/1450 4901/1381 4902/1476
f 5058/1451 4904/1452 4899/1377 4900/1382
f 5087/1454 4871/1328 4874/1327 4905/1477
f 4906/1453 4868/1367 4871/1328 5087/1454
f 5155/1830 4913/1831 5141/1832 4910/1833
f 5154/1834 5155/1830 4910/1833 4909/1835
f 4912/1836 5154/1834 4909/1835 5140/1837
f 4913/1831 5156/1838 4911/1839 5141/1832
f 4968/1786 4592/1326 4872/1363 4967/1791
f 4600/1331 4995/1795 4991/1793 4890/1373
f 4602/1330 4998/1829 4995/1795 4600/1331
f 4986/1796 4984/1797 4598/1375 4888/1369
f 4984/1797 4983/1799 4641/1376 4598/1375
f 4603/1380 4661/1379 5046/1803 5047/1449
f 4893/1383 4603/1380 5047/1449 4891/1447
f 4903/1451 5057/1452 4605/1377 4898/1382
f 4905/1453 4874/1367 4594/1328 5086/1454
f 5156/1838 5157/1787 5142/1790 4911/1839
f 4970/1792 4629/1366 4595/1818 4969/1819
f 4644/1374 5001/1794 4998/1820 4602/1474
f 4654/1330 4719/1829 4972/1795 4651/1331
f 5085/1465 4597/1445 4631/1368 4669/1464
f 4608/1788 5158/1808 5143/1809 4607/1789
f 4957/1792 4710/1366 4638/1818 4956/1819
f 4961/1785 4777/1323 4716/1326 4959/1786
f 4722/1374 4973/1794 4719/1820 4654/1474
f 4790/1330 4976/1829 4975/1795 4729/1331
f 4996/1797 4994/1799 4789/1376 4727/1375
f 4648/1800 4997/1798 4720/1372 4652/1473
f 4657/1801 4733/1384 5054/1448 4655/1802
f 4731/1380 4808/1379 5051/1803 5052/1449
f 4666/1475 5064/1450 4736/1381 4662/1476
f 5062/1452 5061/1463 4812/1378 4734/1377
f 5090/1454 4718/1328 4779/1327 5089/1477
f 4668/1465 4640/1445 4712/1368 5092/1464
f 5146/1810 5147/1816 5133/1817 5132/1811
f 5149/1813 5150/1827 5136/1828 5135/1814
f 4858/1785 4859/1323 4786/1326 4964/1786
f 4876/1330 4877/1829 4980/1795 4800/1331
f 4797/1797 4990/1799 4875/1376 4798/1375
f 4805/1380 4897/1379 5050/1803 4802/1449
f 4813/1452 5060/1463 4902/1378 4809/1377
f 5153/1822 4912/1836 5140/1837 5139/1823
f 4897/1801 4896/1384 4892/1448 5050/1802
f 5104/1840 5105/1841 4965/1842 4858/1843
f 5103/1506 5104/1840 4858/1843 4964/1507
f 5106/1844 5107/1482 4966/1485 4865/1845
f 5105/1841 5106/1844 4865/1845 4965/1842
f 4998/1846 5001/1510 5009/1513 4321/1847
f 4978/1515 4980/1848 4316/1849 5006/1516
f 4981/1850 4985/1851 4318/1852 4317/1853
f 4719/1854 4973/1522 5002/1523 4314/1855
f 4975/1519 4976/1856 4315/1857 5004/1520
f 4877/1858 4981/1850 4317/1853 5007/1859
f 4887/1860 4991/1861 4319/1862 5008/1863
f 4995/1864 4998/1846 4321/1847 4320/1865
f 4972/1866 4719/1854 4314/1855 4313/1867
f 4980/1848 4877/1858 5007/1859 4316/1849
f 4985/1851 4887/1860 5008/1863 4318/1852
f 4971/1511 4972/1866 4313/1867 4979/1512
f 4976/1856 4977/1514 5005/1517 4315/1857
f 4991/1868 4995/1864 4320/1865 4319/1869
f 5026/1540 5025/1870 4648/1871 4999/1541
f 5018/1872 5017/1550 4990/1551 4797/1873
f 5024/1874 5023/1875 4726/1876 4997/1877
f 5019/1552 5018/1872 4797/1873 4992/1553
f 5025/1870 5024/1874 4997/1877 4648/1871
f 5023/1875 5022/1546 4996/1547 4726/1876
f 4656/1878 5056/1594 5045/1569 5028/1568
f 5055/1595 4655/1879 5043/1558 5044/1572
f 5051/1597 4804/1880 5038/1562 5039/1574
f 4892/1881 5049/1592 5033/1566 5034/1576
f 5046/1599 4656/1878 5028/1568 5029/1578
f 5050/1882 4892/1881 5034/1576 5035/1582
f 4802/1883 5050/1882 5035/1582 5036/1588
f 4891/1884 5047/1598 5030/1584 5031/1590
f 4803/1885 4802/1883 5036/1588 5037/1563
f 5048/1593 4891/1886 5031/1555 5032/1554
f 4655/1879 5054/1601 5042/1559 5043/1558
f 4804/1880 4803/1885 5037/1563 5038/1562
f 5069/1887 5068/1888 4606/1889 5057/1890
f 5075/1891 5074/1606 5060/1609 4813/1892
f 5070/1893 5069/1887 5057/1890 4903/1894
f 5076/1895 5075/1891 4813/1892 4814/1896
f 5071/1897 5070/1898 4903/1899 4904/1900
f 5082/1901 5081/1612 5064/1613 4666/1902
f 5077/1903 5076/1895 4814/1896 4815/1904
f 5072/1614 5071/1897 4904/1900 5058/1615
f 5067/1905 5084/1616 5066/1619 4667/1906
f 5083/1617 5082/1901 4666/1902 5065/1618
f 5078/1603 5077/1903 4815/1904 5061/1604
f 5068/1888 5067/1905 4667/1906 4606/1889
f 5088/1621 4817/1907 5076/1908 5077/1622
f 4906/1909 5087/1910 5071/1911 5072/1912
f 4669/1913 5094/1624 5084/1627 5067/1914
f 5093/1625 4668/1915 5082/1916 5083/1626
f 4907/1917 4906/1909 5072/1912 5073/1918
f 5085/1631 4669/1913 5067/1914 5068/1632
f 4908/1919 4907/1917 5073/1918 5074/1920
f 4816/1921 4908/1919 5074/1920 5075/1922
f 4905/1923 5086/1630 5069/1633 5070/1924
f 4817/1907 4816/1921 5075/1922 5076/1908
f 5087/1910 4905/1923 5070/1924 5071/1911
f 4668/1915 5092/1636 5081/1637 5082/1916
f 5141/1925 4911/1926 5126/1927 5125/1928
f 4910/1929 5141/1925 5125/1928 5124/1930
f 4909/1931 4910/1929 5124/1930 5123/1932
f 4607/1933 5143/1686 5129/1685 5128/1934
f 5140/1697 4909/1931 5123/1932 5122/1698
f 5142/1935 4607/1933 5128/1934 5127/1936
f 4911/1926 5142/1935 5127/1936 5126/1927
f 5159/1700 5158/1715 4608/1937
f 5159/1700 5154/1702 4912/1938
f 5159/1700 4608/1937 5157/1708
f 5159/1700 4912/1938 5153/1711
f 5159/1700 5156/1709 4913/1939
f 5159/1700 4913/1939 5155/1701
f 5185/1143 5184/1144 5193/1145 5194/1146
f 5167/1147 5166/1148 5175/1149 5176/1150
f 5162/1151 5161/1152 5170/1153 5171/1154
f 5168/1155 5167/1147 5176/1150 5177/1156
f 5163/1157 5162/1151 5171/1154 5172/1158
f 5177/1156 5169/1159 5160/1160 5168/1155
f 5164/1161 5163/1157 5172/1158 5173/1162
f 5165/1163 5164/1161 5173/1162 5174/1164
f 5166/1165 5165/1163 5174/1164 5175/1166
f 5161/1152 5160/1160 5169/1159 5170/1153
f 5179/1167 5178/1168 5170/1169 5169/1170
f 5178/1168 5180/1171 5171/1172 5170/1169
f 5180/1171 5181/1173 5172/1174 5171/1172
f 5181/1173 5182/1175 5173/1176 5172/1174
f 5182/1175 5183/1177 5174/1178 5173/1176
f 5183/1177 5184/1179 5175/1180 5174/1178
f 5184/1179 5185/1181 5176/1182 5175/1180
f 5185/1181 5186/1183 5177/1184 5176/1182
f 5186/1183 5179/1167 5169/1170 5177/1184
f 5189/1185 5187/1186 5190/1187
f 5187/1186 5191/1188 5190/1187
f 5187/1186 5188/1189 5191/1188
f 5188/1189 5192/1190 5191/1188
f 5188/1189 5195/1191 5192/1190
f 5195/1191 5193/1192 5192/1190
f 5195/1191 5194/1193 5193/1192
f 5180/1194 5178/1195 5187/1196 5189/1197
f 5186/1198 5185/1143 5194/1146 5195/1199
f 5181/1200 5180/1194 5189/1197 5190/1201
f 5195/1199 5188/1202 5179/1203 5186/1198
f 5182/1204 5181/1200 5190/1201 5191/1205
f 5183/1206 5182/1204 5191/1205 5192/1207
f 5184/1144 5183/1206 5192/1207 5193/1145
f 5178/1195 5179/1203 5188/1202 5187/1196
f 5230/1940 5212/1941 5211/1942 5229/1943
f 5225/1944 5207/1945 5206/1946 5224/1947
f 5220/1948 5202/1949 5201/1950 5219/1951
f 5215/1952 5197/1953 5196/1954 5214/1955
f 5231/1956 5213/1957 5212/1941 5230/1940
f 5226/1958 5208/1959 5207/1945 5225/1944
f 5221/1960 5203/1961 5202/1949 5220/1948
f 5216/1962 5198/1963 5197/1953 5215/1952
f 5231/1956 5213/1957 5196/1954 5214/1955
f 5227/1964 5209/1965 5208/1959 5226/1958
f 5222/1966 5204/1967 5203/1968 5221/1969
f 5217/1970 5199/1971 5198/1963 5216/1962
f 5228/1972 5210/1973 5209/1965 5227/1964
f 5223/1974 5205/1975 5204/1967 5222/1966
f 5218/1976 5200/1977 5199/1971 5217/1970
f 5229/1943 5211/1942 5210/1973 5228/1972
f 5224/1947 5206/1946 5205/1975 5223/1974
f 5219/1951 5201/1950 5200/1977 5218/1976
f 5266/1978 5265/1979 5247/1980 5248/1981
f 5261/1982 5260/1983 5242/1984 5243/1985
f 5256/1986 5255/1987 5237/1988 5238/1989
f 5251/1990 5250/1991 5232/1992 5233/1993
f 5267/1994 5266/1978 5248/1981 5249/1995
f 5262/1996 5261/1982 5243/1985 5244/1997
f 5257/1998 5256/1986 5238/1989 5239/1999
f 5252/2000 5251/1990 5233/1993 5234/2001
f 5267/1994 5250/1991 5232/1992 5249/1995
f 5263/2002 5262/1996 5244/1997 5245/2003
f 5258/2004 5257/2005 5239/2006 5240/2007
f 5253/2008 5252/2000 5234/2001 5235/2009
f 5264/2010 5263/2002 5245/2003 5246/2011
f 5259/2012 5258/2004 5240/2007 5241/2013
f 5254/2014 5253/2008 5235/2009 5236/2015
f 5265/1979 5264/2010 5246/2011 5247/1980
f 5260/1983 5259/2012 5241/2013 5242/1984
f 5255/1987 5254/2014 5236/2015 5237/1988
f 5234/2016 5233/2017 5197/2018 5198/2019
f 5237/2020 5236/2021 5200/2022 5201/2023
f 5240/2024 5239/2025 5203/2026 5204/2027
f 5243/2028 5242/2029 5206/2030 5207/2031
f 5246/2032 5245/2033 5209/2034 5210/2035
f 5249/2036 5248/2037 5212/2038 5213/2039
f 5216/2040 5215/2041 5251/2042 5252/2043
f 5219/2044 5218/2045 5254/2046 5255/2047
f 5222/2048 5221/2049 5257/2050 5258/2051
f 5225/2052 5224/2053 5260/2054 5261/2055
f 5228/2056 5227/2057 5263/2058 5264/2059
f 5231/2060 5230/2061 5266/2062 5267/2063
f 5235/2064 5234/2016 5198/2019 5199/2065
f 5238/2066 5237/2020 5201/2023 5202/2067
f 5241/2068 5240/2024 5204/2027 5205/2069
f 5244/2070 5243/2028 5207/2031 5208/2071
f 5247/2072 5246/2032 5210/2035 5211/2073
f 5249/2036 5232/2074 5196/2075 5213/2039
f 5217/2076 5216/2040 5252/2043 5253/2077
f 5220/2078 5219/2044 5255/2047 5256/2079
f 5223/2080 5222/2048 5258/2051 5259/2081
f 5226/2082 5225/2052 5261/2055 5262/2083
f 5229/2084 5228/2056 5264/2059 5265/2085
f 5231/2060 5214/2086 5250/2087 5267/2063
f 5233/2017 5232/2074 5196/2075 5197/2018
f 5236/2021 5235/2064 5199/2065 5200/2022
f 5239/2025 5238/2066 5202/2067 5203/2026
f 5242/2029 5241/2068 5205/2069 5206/2030
f 5245/2033 5244/2070 5208/2071 5209/2034
f 5248/2037 5247/2072 5211/2073 5212/2038
f 5215/2041 5214/2086 5250/2087 5251/2042
f 5218/2045 5217/2076 5253/2077 5254/2046
f 5221/2049 5220/2078 5256/2079 5257/2050
f 5224/2053 5223/2080 5259/2081 5260/2054
f 5227/2057 5226/2082 5262/2083 5263/2058
f 5230/2061 5229/2084 5265/2085 5266/2062
f 5296/2088 5278/2089 5277/2090 5295/2091
f 5291/2092 5273/2093 5272/2094 5290/2095
f 5302/2096 5284/2097 5283/2098 5301/2099
f 5297/2100 5279/2101 5278/2089 5296/2088
f 5292/2102 5274/2103 5273/2093 5291/2092
f 5287/2104 5269/2105 5268/2106 5286/2107
f 5303/2108 5285/2109 5284/2097 5302/2096
f 5298/2110 5280/2111 5279/2101 5297/2100
f 5293/2112 5275/2113 5274/2103 5292/2102
f 5288/2114 5270/2115 5269/2105 5287/2104
f 5303/2108 5286/2107 5268/2106 5285/2109
f 5299/2116 5281/2117 5280/2111 5298/2110
f 5294/2118 5276/2119 5275/2120 5293/2121
f 5289/2122 5271/2123 5270/2115 5288/2114
f 5300/2124 5282/2125 5281/2117 5299/2116
f 5295/2091 5277/2090 5276/2119 5294/2118
f 5290/2095 5272/2094 5271/2123 5289/2122
f 5301/2099 5283/2098 5282/2125 5300/2124
f 5332/2126 5331/2127 5313/2128 5314/2129
f 5327/2130 5326/2131 5308/2132 5309/2133
f 5338/2134 5337/2135 5319/2136 5320/2137
f 5333/2138 5332/2126 5314/2129 5315/2139
f 5328/2140 5327/2130 5309/2133 5310/2141
f 5323/2142 5322/2143 5304/2144 5305/2145
f 5339/2146 5338/2134 5320/2137 5321/2147
f 5334/2148 5333/2138 5315/2139 5316/2149
f 5329/2150 5328/2140 5310/2141 5311/2151
f 5324/2152 5323/2142 5305/2145 5306/2153
f 5339/2146 5321/2147 5304/2144 5322/2143
f 5335/2154 5334/2148 5316/2149 5317/2155
f 5330/2156 5329/2157 5311/2158 5312/2159
f 5325/2160 5324/2152 5306/2153 5307/2161
f 5336/2162 5335/2154 5317/2155 5318/2163
f 5331/2127 5330/2156 5312/2159 5313/2128
f 5326/2131 5325/2160 5307/2161 5308/2132
f 5337/2135 5336/2162 5318/2163 5319/2136
f 5299/2164 5298/2165 5334/2166 5335/2167
f 5302/2168 5301/2169 5337/2170 5338/2171
f 5306/2172 5305/2173 5269/2174 5270/2175
f 5309/2176 5308/2177 5272/2178 5273/2179
f 5312/2180 5311/2181 5275/2182 5276/2183
f 5315/2184 5314/2185 5278/2186 5279/2187
f 5318/2188 5317/2189 5281/2190 5282/2191
f 5321/2192 5320/2193 5284/2194 5285/2195
f 5288/2196 5287/2197 5323/2198 5324/2199
f 5291/2200 5290/2201 5326/2202 5327/2203
f 5294/2204 5293/2205 5329/2206 5330/2207
f 5297/2208 5296/2209 5332/2210 5333/2211
f 5300/2212 5299/2164 5335/2167 5336/2213
f 5303/2214 5302/2168 5338/2171 5339/2215
f 5307/2216 5306/2172 5270/2175 5271/2217
f 5310/2218 5309/2176 5273/2179 5274/2219
f 5313/2220 5312/2180 5276/2183 5277/2221
f 5316/2222 5315/2184 5279/2187 5280/2223
f 5319/2224 5318/2188 5282/2191 5283/2225
f 5321/2192 5285/2195 5268/2226 5304/2227
f 5289/2228 5288/2196 5324/2199 5325/2229
f 5292/2230 5291/2200 5327/2203 5328/2231
f 5295/2232 5294/2204 5330/2207 5331/2233
f 5298/2165 5297/2208 5333/2211 5334/2166
f 5301/2169 5300/2212 5336/2213 5337/2170
f 5303/2214 5339/2215 5322/2234 5286/2235
f 5305/2173 5304/2227 5268/2226 5269/2174
f 5308/2177 5307/2216 5271/2217 5272/2178
f 5311/2181 5310/2218 5274/2219 5275/2182
f 5314/2185 5313/2220 5277/2221 5278/2186
f 5317/2189 5316/2222 5280/2223 5281/2190
f 5320/2193 5319/2224 5283/2225 5284/2194
f 5287/2197 5286/2235 5322/2234 5323/2198
f 5290/2201 5289/2228 5325/2229 5326/2202
f 5293/2205 5292/2230 5328/2231 5329/2206
f 5296/2209 5295/2232 5331/2233 5332/2210
f 5345/2236 5346/2237 5342/2238 5341/2239
f 5344/2240 5345/2241 5341/2242 5340/2243
f 5347/2244 5348/2245 5345/2241 5344/2240
f 5348/2246 5349/2247 5346/2237 5345/2236
f 5350/2248 5351/2249 5348/2245 5347/2244
f 5351/2250 5352/2251 5349/2247 5348/2246
f 5353/2252 5354/2253 5351/2249 5350/2248
f 5354/2254 5355/2255 5352/2251 5351/2250
f 5356/2256 5357/2257 5354/2253 5353/2252
f 5357/2258 5358/2259 5355/2255 5354/2254
f 5360/2260 5361/2261 5358/2259 5357/2258
f 5359/2262 5360/2263 5357/2257 5356/2256
f 5363/2264 5364/2265 5360/2266 5359/2267
f 5364/2268 5365/2269 5361/2270 5360/2271
f 5366/2272 5367/2273 5364/2265 5363/2264
f 5367/2274 5368/2275 5365/2269 5364/2268
f 5342/2276 5343/2277 5368/2278
f 5340/2243 5341/2242 5367/2273 5366/2272
f 5341/2239 5342/2238 5368/2275 5367/2274
f 5362/2279 5340/2280 5366/2281
f 5346/2282 5343/2277 5342/2276
f 5362/2279 5344/2283 5340/2280
f 5349/2284 5343/2277 5346/2282
f 5362/2279 5347/2285 5344/2283
f 5352/2286 5343/2277 5349/2284
f 5362/2279 5350/2287 5347/2285
f 5355/2288 5343/2277 5352/2286
f 5362/2279 5353/2289 5350/2287
f 5358/2290 5343/2277 5355/2288
f 5362/2279 5356/2291 5353/2289
f 5361/2292 5343/2277 5358/2290
f 5362/2279 5359/2293 5356/2291
f 5365/2294 5343/2277 5361/2292
f 5362/2279 5363/2295 5359/2293
f 5368/2278 5343/2277 5365/2294
f 5362/2279 5366/2281 5363/2295
f 5403/2296 5402/2297 5384/2298 5385/2299
f 5398/2300 5397/2301 5379/2302 5380/2303
f 5393/2304 5392/2305 5374/2306 5375/2307
f 5388/2308 5387/2309 5369/2310 5370/2311
f 5404/2312 5403/2296 5385/2299 5386/2313
f 5399/2314 5398/2300 5380/2303 5381/2315
f 5394/2316 5393/2304 5375/2307 5376/2317
f 5389/2318 5388/2308 5370/2311 5371/2319
f 5404/2312 5387/2309 5369/2310 5386/2313
f 5400/2320 5399/2321 5381/2322 5382/2323
f 5395/2324 5394/2316 5376/2317 5377/2325
f 5390/2326 5389/2318 5371/2319 5372/2327
f 5401/2328 5400/2320 5382/2323 5383/2329
f 5396/2330 5395/2324 5377/2325 5378/2331
f 5391/2332 5390/2326 5372/2327 5373/2333
f 5402/2297 5401/2328 5383/2329 5384/2298
f 5397/2301 5396/2330 5378/2331 5379/2302
f 5392/2305 5391/2332 5373/2333 5374/2306
f 5419/2334 5418/2335 5400/2336 5401/2337
f 5414/2338 5413/2339 5395/2340 5396/2341
f 5409/2342 5408/2343 5390/2344 5391/2345
f 5420/2346 5419/2334 5401/2337 5402/2347
f 5415/2348 5414/2338 5396/2341 5397/2349
f 5410/2350 5409/2342 5391/2345 5392/2351
f 5421/2352 5420/2346 5402/2347 5403/2353
f 5416/2354 5415/2348 5397/2349 5398/2355
f 5411/2356 5410/2350 5392/2351 5393/2357
f 5406/2358 5405/2359 5387/2360 5388/2361
f 5422/2362 5421/2352 5403/2353 5404/2363
f 5417/2364 5416/2354 5398/2355 5399/2365
f 5412/2366 5411/2356 5393/2357 5394/2367
f 5407/2368 5406/2358 5388/2361 5389/2369
f 5422/2362 5405/2359 5387/2360 5404/2363
f 5418/2335 5417/2364 5399/2365 5400/2336
f 5413/2339 5412/2366 5394/2367 5395/2340
f 5408/2343 5407/2368 5389/2369 5390/2344
f 5438/2370 5437/2371 5419/2372 5420/2373
f 5433/2374 5432/2375 5414/2376 5415/2377
f 5428/2378 5427/2379 5409/2380 5410/2381
f 5439/2382 5438/2370 5420/2373 5421/2383
f 5434/2384 5433/2374 5415/2377 5416/2385
f 5429/2386 5428/2378 5410/2381 5411/2387
f 5424/2388 5423/2389 5405/2390 5406/2391
f 5440/2392 5439/2382 5421/2383 5422/2393
f 5435/2394 5434/2384 5416/2385 5417/2395
f 5430/2396 5429/2386 5411/2387 5412/2397
f 5425/2398 5424/2388 5406/2391 5407/2399
f 5440/2392 5423/2389 5405/2390 5422/2393
f 5436/2400 5435/2401 5417/2402 5418/2403
f 5431/2404 5430/2396 5412/2397 5413/2405
f 5426/2406 5425/2398 5407/2399 5408/2407
f 5437/2371 5436/2400 5418/2403 5419/2372
f 5432/2375 5431/2404 5413/2405 5414/2376
f 5427/2379 5426/2406 5408/2407 5409/2380
f 5457/2408 5456/2409 5438/2410 5439/2411
f 5452/2412 5451/2413 5433/2414 5434/2415
f 5447/2416 5446/2417 5428/2418 5429/2419
f 5442/2420 5441/2421 5423/2422 5424/2423
f 5458/2424 5457/2408 5439/2411 5440/2425
f 5453/2426 5452/2412 5434/2415 5435/2427
f 5448/2428 5447/2416 5429/2419 5430/2429
f 5443/2430 5442/2420 5424/2423 5425/2431
f 5458/2424 5441/2421 5423/2422 5440/2425
f 5454/2432 5453/2426 5435/2427 5436/2433
f 5449/2434 5448/2428 5430/2429 5431/2435
f 5444/2436 5443/2430 5425/2431 5426/2437
f 5455/2438 5454/2432 5436/2433 5437/2439
f 5450/2440 5449/2434 5431/2435 5432/2441
f 5445/2442 5444/2436 5426/2437 5427/2443
f 5456/2409 5455/2438 5437/2439 5438/2410
f 5451/2413 5450/2440 5432/2441 5433/2414
f 5446/2417 5445/2442 5427/2443 5428/2418
f 5460/2444 5459/2445 5441/2446 5442/2447
f 5476/2448 5475/2449 5457/2450 5458/2451
f 5471/2452 5470/2453 5452/2454 5453/2455
f 5466/2456 5465/2457 5447/2458 5448/2459
f 5461/2460 5460/2444 5442/2447 5443/2461
f 5476/2448 5459/2445 5441/2446 5458/2451
f 5472/2462 5471/2463 5453/2464 5454/2465
f 5467/2466 5466/2456 5448/2459 5449/2467
f 5462/2468 5461/2460 5443/2461 5444/2469
f 5473/2470 5472/2462 5454/2465 5455/2471
f 5468/2472 5467/2466 5449/2467 5450/2473
f 5463/2474 5462/2468 5444/2469 5445/2475
f 5474/2476 5473/2470 5455/2471 5456/2477
f 5469/2478 5468/2472 5450/2473 5451/2479
f 5464/2480 5463/2474 5445/2475 5446/2481
f 5475/2449 5474/2476 5456/2477 5457/2450
f 5470/2453 5469/2478 5451/2479 5452/2454
f 5465/2457 5464/2480 5446/2481 5447/2458
f 5481/2482 5482/2483 5478/2484 5477/2485
f 5482/2486 5483/2487 5479/2488 5478/2484
f 5483/2489 5484/2490 5480/2491 5479/2492
f 5484/2493 5481/2494 5477/2485 5480/2495
f 5477/2485 5478/2484 5479/2488 5480/2495
f 5484/2490 5483/2489 5482/2483 5481/2482
f 5502/2496 5501/2497 5488/2498 5489/2499
f 5510/2500 5490/2501 5485/2502 5509/2503
f 5514/2504 5509/2503 5485/2502 5486/2505
f 5501/2506 5521/2507 5487/2508 5488/2509
f 5510/2500 5502/2496 5489/2499 5490/2501
f 5521/2507 5514/2504 5486/2505 5487/2508
f 5497/2510 5495/2511 5496/2512
f 5497/2510 5492/2513 5493/2514
f 5497/2510 5494/2515 5495/2511
f 5497/2510 5496/2512 5491/2516
f 5497/2510 5491/2516 5492/2513
f 5497/2510 5493/2514 5494/2515
f 5495/2517 5494/2518 5498/2519 5505/2520
f 5505/2520 5498/2519 5499/2521 5504/2522
f 5504/2522 5499/2521 5500/2523 5503/2524
f 5503/2524 5500/2523 5501/2497 5502/2496
f 5496/2525 5513/2526 5506/2527 5491/2528
f 5513/2526 5512/2529 5507/2530 5506/2527
f 5512/2529 5511/2531 5508/2532 5507/2530
f 5511/2531 5510/2500 5509/2503 5508/2532
f 5492/2533 5491/2528 5506/2527 5517/2534
f 5517/2534 5506/2527 5507/2530 5516/2535
f 5516/2535 5507/2530 5508/2532 5515/2536
f 5515/2536 5508/2532 5509/2503 5514/2504
f 5494/2537 5493/2538 5518/2539 5498/2540
f 5498/2540 5518/2539 5519/2541 5499/2542
f 5499/2542 5519/2541 5520/2543 5500/2544
f 5500/2544 5520/2543 5521/2507 5501/2506
f 5496/2525 5495/2517 5505/2520 5513/2526
f 5525/2545 5529/2546 5513/2547 5505/2548
f 5512/2529 5504/2522 5503/2524 5511/2531
f 5502/2549 5510/2550 5526/2551 5522/2552
f 5493/2538 5492/2533 5517/2534 5518/2539
f 5518/2539 5517/2534 5516/2535 5519/2541
f 5519/2541 5516/2535 5515/2536 5520/2543
f 5520/2543 5515/2536 5514/2504 5521/2507
f 5527/2553 5526/2554 5510/2555 5511/2556
f 5523/2557 5527/2553 5511/2556 5503/2558
f 5529/2546 5528/2559 5512/2560 5513/2547
f 5503/2558 5502/2549 5522/2552 5523/2557
f 5505/2548 5504/2561 5524/2562 5525/2545
f 5504/2561 5512/2563 5528/2564 5524/2562
f 5547/2496 5546/2497 5533/2498 5534/2499
f 5555/2500 5535/2501 5530/2502 5554/2503
f 5559/2504 5554/2503 5530/2502 5531/2505
f 5546/2506 5566/2507 5532/2508 5533/2509
f 5555/2500 5547/2496 5534/2499 5535/2501
f 5566/2507 5559/2504 5531/2505 5532/2508
f 5542/2510 5540/2511 5541/2512
f 5542/2510 5537/2513 5538/2514
f 5542/2510 5539/2515 5540/2511
f 5542/2510 5541/2512 5536/2516
f 5542/2510 5536/2516 5537/2513
f 5542/2510 5538/2514 5539/2515
f 5540/2517 5539/2518 5543/2519 5550/2520
f 5550/2520 5543/2519 5544/2521 5549/2522
f 5549/2522 5544/2521 5545/2523 5548/2524
f 5548/2524 5545/2523 5546/2497 5547/2496
f 5541/2525 5558/2526 5551/2527 5536/2528
f 5558/2526 5557/2529 5552/2530 5551/2527
f 5557/2529 5556/2531 5553/2532 5552/2530
f 5556/2531 5555/2500 5554/2503 5553/2532
f 5537/2533 5536/2528 5551/2527 5562/2534
f 5562/2534 5551/2527 5552/2530 5561/2535
f 5561/2535 5552/2530 5553/2532 5560/2536
f 5560/2536 5553/2532 5554/2503 5559/2504
f 5539/2537 5538/2538 5563/2539 5543/2540
f 5543/2540 5563/2539 5564/2541 5544/2542
f 5544/2542 5564/2541 5565/2543 5545/2544
f 5545/2544 5565/2543 5566/2507 5546/2506
f 5541/2525 5540/2517 5550/2520 5558/2526
f 5570/2545 5574/2546 5558/2547 5550/2548
f 5557/2529 5549/2522 5548/2524 5556/2531
f 5547/2565 5555/2566 5571/2567 5567/2568
f 5538/2538 5537/2533 5562/2534 5563/2539
f 5563/2539 5562/2534 5561/2535 5564/2541
f 5564/2541 5561/2535 5560/2536 5565/2543
f 5565/2543 5560/2536 5559/2504 5566/2507
f 5572/2569 5571/2570 5555/2571 5556/2572
f 5568/2573 5572/2569 5556/2572 5548/2574
f 5574/2546 5573/2559 5557/2560 5558/2547
f 5548/2574 5547/2565 5567/2568 5568/2573
f 5550/2548 5549/2561 5569/2562 5570/2545
f 5549/2561 5557/2563 5573/2564 5569/2562
f 5592/2496 5591/2497 5578/2498 5579/2499
f 5600/2500 5580/2501 5575/2502 5599/2503
f 5604/2504 5599/2503 5575/2502 5576/2505
f 5591/2506 5611/2507 5577/2508 5578/2509
f 5600/2500 5592/2496 5579/2499 5580/2501
f 5611/2507 5604/2504 5576/2505 5577/2508
f 5587/2510 5585/2511 5586/2512
f 5587/2510 5582/2513 5583/2514
f 5587/2510 5584/2515 5585/2511
f 5587/2510 5586/2512 5581/2516
f 5587/2510 5581/2516 5582/2513
f 5587/2510 5583/2514 5584/2515
f 5585/2517 5584/2518 5588/2519 5595/2520
f 5595/2520 5588/2519 5589/2521 5594/2522
f 5594/2522 5589/2521 5590/2523 5593/2524
f 5593/2524 5590/2523 5591/2497 5592/2496
f 5586/2525 5603/2526 5596/2527 5581/2528
f 5603/2526 5602/2529 5597/2530 5596/2527
f 5602/2529 5601/2531 5598/2532 5597/2530
f 5601/2531 5600/2500 5599/2503 5598/2532
f 5582/2533 5581/2528 5596/2527 5607/2534
f 5607/2534 5596/2527 5597/2530 5606/2535
f 5606/2535 5597/2530 5598/2532 5605/2536
f 5605/2536 5598/2532 5599/2503 5604/2504
f 5584/2537 5583/2538 5608/2539 5588/2540
f 5588/2540 5608/2539 5609/2541 5589/2542
f 5589/2542 5609/2541 5610/2543 5590/2544
f 5590/2544 5610/2543 5611/2507 5591/2506
f 5586/2525 5585/2517 5595/2520 5603/2526
f 5615/2545 5619/2546 5603/2547 5595/2548
f 5602/2529 5594/2522 5593/2524 5601/2531
f 5592/2549 5600/2550 5616/2551 5612/2552
f 5583/2538 5582/2533 5607/2534 5608/2539
f 5608/2539 5607/2534 5606/2535 5609/2541
f 5609/2541 5606/2535 5605/2536 5610/2543
f 5610/2543 5605/2536 5604/2504 5611/2507
f 5617/2553 5616/2554 5600/2555 5601/2556
f 5613/2557 5617/2553 5601/2556 5593/2558
f 5619/2546 5618/2559 5602/2560 5603/2547
f 5593/2558 5592/2549 5612/2552 5613/2557
f 5595/2548 5594/2561 5614/2562 5615/2545
f 5594/2561 5602/2563 5618/2564 5614/2562
f 5637/2496 5636/2497 5623/2498 5624/2499
f 5645/2500 5625/2501 5620/2502 5644/2503
f 5649/2504 5644/2503 5620/2502 5621/2505
f 5636/2506 5656/2507 5622/2508 5623/2509
f 5645/2500 5637/2496 5624/2499 5625/2501
f 5656/2507 5649/2504 5621/2505 5622/2508
f 5632/2510 5630/2511 5631/2512
f 5632/2510 5627/2513 5628/2514
f 5632/2510 5629/2515 5630/2511
f 5632/2510 5631/2512 5626/2516
f 5632/2510 5626/2516 5627/2513
f 5632/2510 5628/2514 5629/2515
f 5630/2517 5629/2518 5633/2519 5640/2520
f 5640/2520 5633/2519 5634/2521 5639/2522
f 5639/2522 5634/2521 5635/2523 5638/2524
f 5638/2524 5635/2523 5636/2497 5637/2496
f 5631/2525 5648/2526 5641/2527 5626/2528
f 5648/2526 5647/2529 5642/2530 5641/2527
f 5647/2529 5646/2531 5643/2532 5642/2530
f 5646/2531 5645/2500 5644/2503 5643/2532
f 5627/2533 5626/2528 5641/2527 5652/2534
f 5652/2534 5641/2527 5642/2530 5651/2535
f 5651/2535 5642/2530 5643/2532 5650/2536
f 5650/2536 5643/2532 5644/2503 5649/2504
f 5629/2537 5628/2538 5653/2539 5633/2540
f 5633/2540 5653/2539 5654/2541 5634/2542
f 5634/2542 5654/2541 5655/2543 5635/2544
f 5635/2544 5655/2543 5656/2507 5636/2506
f 5631/2525 5630/2517 5640/2520 5648/2526
f 5660/2545 5664/2546 5648/2547 5640/2548
f 5647/2529 5639/2522 5638/2524 5646/2531
f 5637/2565 5645/2566 5661/2567 5657/2568
f 5628/2538 5627/2533 5652/2534 5653/2539
f 5653/2539 5652/2534 5651/2535 5654/2541
f 5654/2541 5651/2535 5650/2536 5655/2543
f 5655/2543 5650/2536 5649/2504 5656/2507
f 5662/2569 5661/2570 5645/2571 5646/2572
f 5658/2573 5662/2569 5646/2572 5638/2574
f 5664/2546 5663/2559 5647/2560 5648/2547
f 5638/2574 5637/2565 5657/2568 5658/2573
f 5640/2548 5639/2561 5659/2562 5660/2545
f 5639/2561 5647/2563 5663/2564 5659/2562
f 5682/2496 5681/2497 5668/2498 5669/2499
f 5690/2500 5670/2501 5665/2502 5689/2503
f 5694/2504 5689/2503 5665/2502 5666/2505
f 5681/2506 5701/2507 5667/2508 5668/2509
f 5690/2500 5682/2496 5669/2499 5670/2501
f 5701/2507 5694/2504 5666/2505 5667/2508
f 5677/2510 5675/2511 5676/2512
f 5677/2510 5672/2513 5673/2514
f 5677/2510 5674/2515 5675/2511
f 5677/2510 5676/2512 5671/2516
f 5677/2510 5671/2516 5672/2513
f 5677/2510 5673/2514 5674/2515
f 5675/2517 5674/2518 5678/2519 5685/2520
f 5685/2520 5678/2519 5679/2521 5684/2522
f 5684/2522 5679/2521 5680/2523 5683/2524
f 5683/2524 5680/2523 5681/2497 5682/2496
f 5676/2525 5693/2526 5686/2527 5671/2528
f 5693/2526 5692/2529 5687/2530 5686/2527
f 5692/2529 5691/2531 5688/2532 5687/2530
f 5691/2531 5690/2500 5689/2503 5688/2532
f 5672/2533 5671/2528 5686/2527 5697/2534
f 5697/2534 5686/2527 5687/2530 5696/2535
f 5696/2535 5687/2530 5688/2532 5695/2536
f 5695/2536 5688/2532 5689/2503 5694/2504
f 5674/2537 5673/2538 5698/2539 5678/2540
f 5678/2540 5698/2539 5699/2541 5679/2542
f 5679/2542 5699/2541 5700/2543 5680/2544
f 5680/2544 5700/2543 5701/2507 5681/2506
f 5676/2525 5675/2517 5685/2520 5693/2526
f 5705/2545 5709/2546 5693/2547 5685/2548
f 5692/2529 5684/2522 5683/2524 5691/2531
f 5682/2549 5690/2550 5706/2551 5702/2552
f 5673/2538 5672/2533 5697/2534 5698/2539
f 5698/2539 5697/2534 5696/2535 5699/2541
f 5699/2541 5696/2535 5695/2536 5700/2543
f 5700/2543 5695/2536 5694/2504 5701/2507
f 5707/2553 5706/2554 5690/2555 5691/2556
f 5703/2557 5707/2553 5691/2556 5683/2558
f 5709/2546 5708/2559 5692/2560 5693/2547
f 5683/2558 5682/2549 5702/2552 5703/2557
f 5685/2548 5684/2561 5704/2562 5705/2545
f 5684/2561 5692/2563 5708/2564 5704/2562
f 5727/2496 5726/2497 5713/2498 5714/2499
f 5735/2500 5715/2501 5710/2502 5734/2503
f 5739/2504 5734/2503 5710/2502 5711/2505
f 5726/2506 5746/2507 5712/2508 5713/2509
f 5735/2500 5727/2496 5714/2499 5715/2501
f 5746/2507 5739/2504 5711/2505 5712/2508
f 5722/2510 5720/2511 5721/2512
f 5722/2510 5717/2513 5718/2514
f 5722/2510 5719/2515 5720/2511
f 5722/2510 5721/2512 5716/2516
f 5722/2510 5716/2516 5717/2513
f 5722/2510 5718/2514 5719/2515
f 5720/2517 5719/2518 5723/2519 5730/2520
f 5730/2520 5723/2519 5724/2521 5729/2522
f 5729/2522 5724/2521 5725/2523 5728/2524
f 5728/2524 5725/2523 5726/2497 5727/2496
f 5721/2525 5738/2526 5731/2527 5716/2528
f 5738/2526 5737/2529 5732/2530 5731/2527
f 5737/2529 5736/2531 5733/2532 5732/2530
f 5736/2531 5735/2500 5734/2503 5733/2532
f 5717/2533 5716/2528 5731/2527 5742/2534
f 5742/2534 5731/2527 5732/2530 5741/2535
f 5741/2535 5732/2530 5733/2532 5740/2536
f 5740/2536 5733/2532 5734/2503 5739/2504
f 5719/2537 5718/2538 5743/2539 5723/2540
f 5723/2540 5743/2539 5744/2541 5724/2542
f 5724/2542 5744/2541 5745/2543 5725/2544
f 5725/2544 5745/2543 5746/2507 5726/2506
f 5721/2525 5720/2517 5730/2520 5738/2526
f 5750/2545 5754/2546 5738/2547 5730/2548
f 5737/2529 5729/2522 5728/2524 5736/2531
f 5727/2565 5735/2566 5751/2567 5747/2568
f 5718/2538 5717/2533 5742/2534 5743/2539
f 5743/2539 5742/2534 5741/2535 5744/2541
f 5744/2541 5741/2535 5740/2536 5745/2543
f 5745/2543 5740/2536 5739/2504 5746/2507
f 5752/2569 5751/2570 5735/2571 5736/2572
f 5748/2573 5752/2569 5736/2572 5728/2574
f 5754/2546 5753/2559 5737/2560 5738/2547
f 5728/2574 5727/2565 5747/2568 5748/2573
f 5730/2548 5729/2561 5749/2562 5750/2545
f 5729/2561 5737/2563 5753/2564 5749/2562
f 5772/2496 5771/2497 5758/2498 5759/2499
f 5780/2500 5760/2501 5755/2502 5779/2503
f 5784/2504 5779/2503 5755/2502 5756/2505
f 5771/2506 5791/2507 5757/2508 5758/2509
f 5780/2500 5772/2496 5759/2499 5760/2501
f 5791/2507 5784/2504 5756/2505 5757/2508
f 5767/2510 5765/2511 5766/2512
f 5767/2510 5762/2513 5763/2514
f 5767/2510 5764/2515 5765/2511
f 5767/2510 5766/2512 5761/2516
f 5767/2510 5761/2516 5762/2513
f 5767/2510 5763/2514 5764/2515
f 5765/2517 5764/2518 5768/2519 5775/2520
f 5775/2520 5768/2519 5769/2521 5774/2522
f 5774/2522 5769/2521 5770/2523 5773/2524
f 5773/2524 5770/2523 5771/2497 5772/2496
f 5766/2525 5783/2526 5776/2527 5761/2528
f 5783/2526 5782/2529 5777/2530 5776/2527
f 5782/2529 5781/2531 5778/2532 5777/2530
f 5781/2531 5780/2500 5779/2503 5778/2532
f 5762/2533 5761/2528 5776/2527 5787/2534
f 5787/2534 5776/2527 5777/2530 5786/2535
f 5786/2535 5777/2530 5778/2532 5785/2536
f 5785/2536 5778/2532 5779/2503 5784/2504
f 5764/2537 5763/2538 5788/2539 5768/2540
f 5768/2540 5788/2539 5789/2541 5769/2542
f 5769/2542 5789/2541 5790/2543 5770/2544
f 5770/2544 5790/2543 5791/2507 5771/2506
f 5766/2525 5765/2517 5775/2520 5783/2526
f 5795/2545 5799/2546 5783/2547 5775/2548
f 5782/2529 5774/2522 5773/2524 5781/2531
f 5772/2549 5780/2550 5796/2551 5792/2552
f 5763/2538 5762/2533 5787/2534 5788/2539
f 5788/2539 5787/2534 5786/2535 5789/2541
f 5789/2541 5786/2535 5785/2536 5790/2543
f 5790/2543 5785/2536 5784/2504 5791/2507
f 5797/2553 5796/2554 5780/2555 5781/2556
f 5793/2557 5797/2553 5781/2556 5773/2558
f 5799/2546 5798/2559 5782/2560 5783/2547
f 5773/2558 5772/2549 5792/2552 5793/2557
f 5775/2548 5774/2561 5794/2562 5795/2545
f 5774/2561 5782/2563 5798/2564 5794/2562
f 5817/2496 5816/2497 5803/2498 5804/2499
f 5825/2500 5805/2501 5800/2502 5824/2503
f 5829/2504 5824/2503 5800/2502 5801/2505
f 5816/2506 5836/2507 5802/2508 5803/2509
f 5825/2500 5817/2496 5804/2499 5805/2501
f 5836/2507 5829/2504 5801/2505 5802/2508
f 5812/2510 5810/2511 5811/2512
f 5812/2510 5807/2513 5808/2514
f 5812/2510 5809/2515 5810/2511
f 5812/2510 5811/2512 5806/2516
f 5812/2510 5806/2516 5807/2513
f 5812/2510 5808/2514 5809/2515
f 5810/2517 5809/2518 5813/2519 5820/2520
f 5820/2520 5813/2519 5814/2521 5819/2522
f 5819/2522 5814/2521 5815/2523 5818/2524
f 5818/2524 5815/2523 5816/2497 5817/2496
f 5811/2525 5828/2526 5821/2527 5806/2528
f 5828/2526 5827/2529 5822/2530 5821/2527
f 5827/2529 5826/2531 5823/2532 5822/2530
f 5826/2531 5825/2500 5824/2503 5823/2532
f 5807/2533 5806/2528 5821/2527 5832/2534
f 5832/2534 5821/2527 5822/2530 5831/2535
f 5831/2535 5822/2530 5823/2532 5830/2536
f 5830/2536 5823/2532 5824/2503 5829/2504
f 5809/2537 5808/2538 5833/2539 5813/2540
f 5813/2540 5833/2539 5834/2541 5814/2542
f 5814/2542 5834/2541 5835/2543 5815/2544
f 5815/2544 5835/2543 5836/2507 5816/2506
f 5811/2525 5810/2517 5820/2520 5828/2526
f 5840/2545 5844/2546 5828/2547 5820/2548
f 5827/2529 5819/2522 5818/2524 5826/2531
f 5817/2565 5825/2566 5841/2567 5837/2568
f 5808/2538 5807/2533 5832/2534 5833/2539
f 5833/2539 5832/2534 5831/2535 5834/2541
f 5834/2541 5831/2535 5830/2536 5835/2543
f 5835/2543 5830/2536 5829/2504 5836/2507
f 5842/2569 5841/2570 5825/2571 5826/2572
f 5838/2573 5842/2569 5826/2572 5818/2574
f 5844/2546 5843/2559 5827/2560 5828/2547
f 5818/2574 5817/2565 5837/2568 5838/2573
f 5820/2548 5819/2561 5839/2562 5840/2545
f 5819/2561 5827/2563 5843/2564 5839/2562
f 5862/2496 5861/2497 5848/2498 5849/2499
f 5870/2500 5850/2501 5845/2502 5869/2503
f 5874/2504 5869/2503 5845/2502 5846/2505
f 5861/2506 5881/2507 5847/2508 5848/2509
f 5870/2500 5862/2496 5849/2499 5850/2501
f 5881/2507 5874/2504 5846/2505 5847/2508
f 5857/2510 5855/2511 5856/2512
f 5857/2510 5852/2513 5853/2514
f 5857/2510 5854/2515 5855/2511
f 5857/2510 5856/2512 5851/2516
f 5857/2510 5851/2516 5852/2513
f 5857/2510 5853/2514 5854/2515
f 5855/2517 5854/2518 5858/2519 5865/2520
f 5865/2520 5858/2519 5859/2521 5864/2522
f 5864/2522 5859/2521 5860/2523 5863/2524
f 5863/2524 5860/2523 5861/2497 5862/2496
f 5856/2525 5873/2526 5866/2527 5851/2528
f 5873/2526 5872/2529 5867/2530 5866/2527
f 5872/2529 5871/2531 5868/2532 5867/2530
f 5871/2531 5870/2500 5869/2503 5868/2532
f 5852/2533 5851/2528 5866/2527 5877/2534
f 5877/2534 5866/2527 5867/2530 5876/2535
f 5876/2535 5867/2530 5868/2532 5875/2536
f 5875/2536 5868/2532 5869/2503 5874/2504
f 5854/2537 5853/2538 5878/2539 5858/2540
f 5858/2540 5878/2539 5879/2541 5859/2542
f 5859/2542 5879/2541 5880/2543 5860/2544
f 5860/2544 5880/2543 5881/2507 5861/2506
f 5856/2525 5855/2517 5865/2520 5873/2526
f 5885/2545 5889/2546 5873/2547 5865/2548
f 5872/2529 5864/2522 5863/2524 5871/2531
f 5862/2549 5870/2550 5886/2551 5882/2552
f 5853/2538 5852/2533 5877/2534 5878/2539
f 5878/2539 5877/2534 5876/2535 5879/2541
f 5879/2541 5876/2535 5875/2536 5880/2543
f 5880/2543 5875/2536 5874/2504 5881/2507
f 5887/2553 5886/2554 5870/2555 5871/2556
f 5883/2557 5887/2553 5871/2556 5863/2558
f 5889/2546 5888/2559 5872/2560 5873/2547
f 5863/2558 5862/2549 5882/2552 5883/2557
f 5865/2548 5864/2561 5884/2562 5885/2545
f 5864/2561 5872/2563 5888/2564 5884/2562
f 5907/2496 5906/2497 5893/2498 5894/2499
f 5915/2500 5895/2501 5890/2502 5914/2503
f 5919/2504 5914/2503 5890/2502 5891/2505
f 5906/2506 5926/2507 5892/2508 5893/2509
f 5915/2500 5907/2496 5894/2499 5895/2501
f 5926/2507 5919/2504 5891/2505 5892/2508
f 5902/2510 5900/2511 5901/2512
f 5902/2510 5897/2513 5898/2514
f 5902/2510 5899/2515 5900/2511
f 5902/2510 5901/2512 5896/2516
f 5902/2510 5896/2516 5897/2513
f 5902/2510 5898/2514 5899/2515
f 5900/2517 5899/2518 5903/2519 5910/2520
f 5910/2520 5903/2519 5904/2521 5909/2522
f 5909/2522 5904/2521 5905/2523 5908/2524
f 5908/2524 5905/2523 5906/2497 5907/2496
f 5901/2525 5918/2526 5911/2527 5896/2528
f 5918/2526 5917/2529 5912/2530 5911/2527
f 5917/2529 5916/2531 5913/2532 5912/2530
f 5916/2531 5915/2500 5914/2503 5913/2532
f 5897/2533 5896/2528 5911/2527 5922/2534
f 5922/2534 5911/2527 5912/2530 5921/2535
f 5921/2535 5912/2530 5913/2532 5920/2536
f 5920/2536 5913/2532 5914/2503 5919/2504
f 5899/2537 5898/2538 5923/2539 5903/2540
f 5903/2540 5923/2539 5924/2541 5904/2542
f 5904/2542 5924/2541 5925/2543 5905/2544
f 5905/2544 5925/2543 5926/2507 5906/2506
f 5901/2525 5900/2517 5910/2520 5918/2526
f 5930/2545 5934/2546 5918/2547 5910/2548
f 5917/2529 5909/2522 5908/2524 5916/2531
f 5907/2565 5915/2566 5931/2567 5927/2568
f 5898/2538 5897/2533 5922/2534 5923/2539
f 5923/2539 5922/2534 5921/2535 5924/2541
f 5924/2541 5921/2535 5920/2536 5925/2543
f 5925/2543 5920/2536 5919/2504 5926/2507
f 5932/2569 5931/2570 5915/2571 5916/2572
f 5928/2573 5932/2569 5916/2572 5908/2574
f 5934/2546 5933/2559 5917/2560 5918/2547
f 5908/2574 5907/2565 5927/2568 5928/2573
f 5910/2548 5909/2561 5929/2562 5930/2545
f 5909/2561 5917/2563 5933/2564 5929/2562
f 5952/2496 5951/2497 5938/2498 5939/2499
f 5960/2500 5940/2501 5935/2502 5959/2503
f 5964/2504 5959/2503 5935/2502 5936/2505
f 5951/2506 5971/2507 5937/2508 5938/2509
f 5960/2500 5952/2496 5939/2499 5940/2501
f 5971/2507 5964/2504 5936/2505 5937/2508
f 5947/2510 5945/2511 5946/2512
f 5947/2510 5942/2513 5943/2514
f 5947/2510 5944/2515 5945/2511
f 5947/2510 5946/2512 5941/2516
f 5947/2510 5941/2516 5942/2513
f 5947/2510 5943/2514 5944/2515
f 5945/2517 5944/2518 5948/2519 5955/2520
f 5955/2520 5948/2519 5949/2521 5954/2522
f 5954/2522 5949/2521 5950/2523 5953/2524
f 5953/2524 5950/2523 5951/2497 5952/2496
f 5946/2525 5963/2526 5956/2527 5941/2528
f 5963/2526 5962/2529 5957/2530 5956/2527
f 5962/2529 5961/2531 5958/2532 5957/2530
f 5961/2531 5960/2500 5959/2503 5958/2532
f 5942/2533 5941/2528 5956/2527 5967/2534
f 5967/2534 5956/2527 5957/2530 5966/2535
f 5966/2535 5957/2530 5958/2532 5965/2536
f 5965/2536 5958/2532 5959/2503 5964/2504
f 5944/2537 5943/2538 5968/2539 5948/2540
f 5948/2540 5968/2539 5969/2541 5949/2542
f 5949/2542 5969/2541 5970/2543 5950/2544
f 5950/2544 5970/2543 5971/2507 5951/2506
f 5946/2525 5945/2517 5955/2520 5963/2526
f 5975/2545 5979/2546 5963/2547 5955/2548
f 5962/2529 5954/2522 5953/2524 5961/2531
f 5952/2549 5960/2550 5976/2551 5972/2552
f 5943/2538 5942/2533 5967/2534 5968/2539
f 5968/2539 5967/2534 5966/2535 5969/2541
f 5969/2541 5966/2535 5965/2536 5970/2543
f 5970/2543 5965/2536 5964/2504 5971/2507
f 5977/2553 5976/2554 5960/2555 5961/2556
f 5973/2557 5977/2553 5961/2556 5953/2558
f 5979/2546 5978/2559 5962/2560 5963/2547
f 5953/2558 5952/2549 5972/2552 5973/2557
f 5955/2548 5954/2561 5974/2562 5975/2545
f 5954/2561 5962/2563 5978/2564 5974/2562
f 5997/2496 5996/2497 5983/2498 5984/2499
f 6005/2500 5985/2501 5980/2502 6004/2503
f 6009/2504 6004/2503 5980/2502 5981/2505
f 5996/2506 6016/2507 5982/2508 5983/2509
f 6005/2500 5997/2496 5984/2499 5985/2501
f 6016/2507 6009/2504 5981/2505 5982/2508
f 5992/2510 5990/2511 5991/2512
f 5992/2510 5987/2513 5988/2514
f 5992/2510 5989/2515 5990/2511
f 5992/2510 5991/2512 5986/2516
f 5992/2510 5986/2516 5987/2513
f 5992/2510 5988/2514 5989/2515
f 5990/2517 5989/2518 5993/2519 6000/2520
f 6000/2520 5993/2519 5994/2521 5999/2522
f 5999/2522 5994/2521 5995/2523 5998/2524
f 5998/2524 5995/2523 5996/2497 5997/2496
f 5991/2525 6008/2526 6001/2527 5986/2528
f 6008/2526 6007/2529 6002/2530 6001/2527
f 6007/2529 6006/2531 6003/2532 6002/2530
f 6006/2531 6005/2500 6004/2503 6003/2532
f 5987/2533 5986/2528 6001/2527 6012/2534
f 6012/2534 6001/2527 6002/2530 6011/2535
f 6011/2535 6002/2530 6003/2532 6010/2536
f 6010/2536 6003/2532 6004/2503 6009/2504
f 5989/2537 5988/2538 6013/2539 5993/2540
f 5993/2540 6013/2539 6014/2541 5994/2542
f 5994/2542 6014/2541 6015/2543 5995/2544
f 5995/2544 6015/2543 6016/2507 5996/2506
f 5991/2525 5990/2517 6000/2520 6008/2526
f 6020/2545 6024/2546 6008/2547 6000/2548
f 6007/2529 5999/2522 5998/2524 6006/2531
f 5997/2565 6005/2566 6021/2567 6017/2568
f 5988/2538 5987/2533 6012/2534 6013/2539
f 6013/2539 6012/2534 6011/2535 6014/2541
f 6014/2541 6011/2535 6010/2536 6015/2543
f 6015/2543 6010/2536 6009/2504 6016/2507
f 6022/2569 6021/2570 6005/2571 6006/2572
f 6018/2573 6022/2569 6006/2572 5998/2574
f 6024/2546 6023/2559 6007/2560 6008/2547
f 5998/2574 5997/2565 6017/2568 6018/2573
f 6000/2548 5999/2561 6019/2562 6020/2545
f 5999/2561 6007/2563 6023/2564 6019/2562
f 6042/2496 6041/2497 6028/2498 6029/2499
f 6050/2500 6030/2501 6025/2502 6049/2503
f 6054/2504 6049/2503 6025/2502 6026/2505
f 6041/2506 6061/2507 6027/2508 6028/2509
f 6050/2500 6042/2496 6029/2499 6030/2501
f 6061/2507 6054/2504 6026/2505 6027/2508
f 6037/2510 6035/2511 6036/2512
f 6037/2510 6032/2513 6033/2514
f 6037/2510 6034/2515 6035/2511
f 6037/2510 6036/2512 6031/2516
f 6037/2510 6031/2516 6032/2513
f 6037/2510 6033/2514 6034/2515
f 6035/2517 6034/2518 6038/2519 6045/2520
f 6045/2520 6038/2519 6039/2521 6044/2522
f 6044/2522 6039/2521 6040/2523 6043/2524
f 6043/2524 6040/2523 6041/2497 6042/2496
f 6036/2525 6053/2526 6046/2527 6031/2528
f 6053/2526 6052/2529 6047/2530 6046/2527
f 6052/2529 6051/2531 6048/2532 6047/2530
f 6051/2531 6050/2500 6049/2503 6048/2532
f 6032/2533 6031/2528 6046/2527 6057/2534
f 6057/2534 6046/2527 6047/2530 6056/2535
f 6056/2535 6047/2530 6048/2532 6055/2536
f 6055/2536 6048/2532 6049/2503 6054/2504
f 6034/2537 6033/2538 6058/2539 6038/2540
f 6038/2540 6058/2539 6059/2541 6039/2542
f 6039/2542 6059/2541 6060/2543 6040/2544
f 6040/2544 6060/2543 6061/2507 6041/2506
f 6036/2525 6035/2517 6045/2520 6053/2526
f 6065/2545 6069/2546 6053/2547 6045/2548
f 6052/2529 6044/2522 6043/2524 6051/2531
f 6042/2549 6050/2550 6066/2551 6062/2552
f 6033/2538 6032/2533 6057/2534 6058/2539
f 6058/2539 6057/2534 6056/2535 6059/2541
f 6059/2541 6056/2535 6055/2536 6060/2543
f 6060/2543 6055/2536 6054/2504 6061/2507
f 6067/2553 6066/2554 6050/2555 6051/2556
f 6063/2557 6067/2553 6051/2556 6043/2558
f 6069/2546 6068/2559 6052/2560 6053/2547
f 6043/2558 6042/2549 6062/2552 6063/2557
f 6045/2548 6044/2561 6064/2562 6065/2545
f 6044/2561 6052/2563 6068/2564 6064/2562
f 6087/2496 6086/2497 6073/2498 6074/2499
f 6095/2500 6075/2501 6070/2502 6094/2503
f 6099/2504 6094/2503 6070/2502 6071/2505
f 6086/2506 6106/2507 6072/2508 6073/2509
f 6095/2500 6087/2496 6074/2499 6075/2501
f 6106/2507 6099/2504 6071/2505 6072/2508
f 6082/2510 6080/2511 6081/2512
f 6082/2510 6077/2513 6078/2514
f 6082/2510 6079/2515 6080/2511
f 6082/2510 6081/2512 6076/2516
f 6082/2510 6076/2516 6077/2513
f 6082/2510 6078/2514 6079/2515
f 6080/2517 6079/2518 6083/2519 6090/2520
f 6090/2520 6083/2519 6084/2521 6089/2522
f 6089/2522 6084/2521 6085/2523 6088/2524
f 6088/2524 6085/2523 6086/2497 6087/2496
f 6081/2525 6098/2526 6091/2527 6076/2528
f 6098/2526 6097/2529 6092/2530 6091/2527
f 6097/2529 6096/2531 6093/2532 6092/2530
f 6096/2531 6095/2500 6094/2503 6093/2532
f 6077/2533 6076/2528 6091/2527 6102/2534
f 6102/2534 6091/2527 6092/2530 6101/2535
f 6101/2535 6092/2530 6093/2532 6100/2536
f 6100/2536 6093/2532 6094/2503 6099/2504
f 6079/2537 6078/2538 6103/2539 6083/2540
f 6083/2540 6103/2539 6104/2541 6084/2542
f 6084/2542 6104/2541 6105/2543 6085/2544
f 6085/2544 6105/2543 6106/2507 6086/2506
f 6081/2525 6080/2517 6090/2520 6098/2526
f 6110/2545 6114/2546 6098/2547 6090/2548
f 6097/2529 6089/2522 6088/2524 6096/2531
f 6087/2565 6095/2566 6111/2567 6107/2568
f 6078/2538 6077/2533 6102/2534 6103/2539
f 6103/2539 6102/2534 6101/2535 6104/2541
f 6104/2541 6101/2535 6100/2536 6105/2543
f 6105/2543 6100/2536 6099/2504 6106/2507
f 6112/2569 6111/2570 6095/2571 6096/2572
f 6108/2573 6112/2569 6096/2572 6088/2574
f 6114/2546 6113/2559 6097/2560 6098/2547
f 6088/2574 6087/2565 6107/2568 6108/2573
f 6090/2548 6089/2561 6109/2562 6110/2545
f 6089/2561 6097/2563 6113/2564 6109/2562
f 6132/2496 6131/2497 6118/2498 6119/2499
f 6140/2500 6120/2501 6115/2502 6139/2503
f 6144/2504 6139/2503 6115/2502 6116/2505
f 6131/2506 6151/2507 6117/2508 6118/2509
f 6140/2500 6132/2496 6119/2499 6120/2501
f 6151/2507 6144/2504 6116/2505 6117/2508
f 6127/2510 6125/2511 6126/2512
f 6127/2510 6122/2513 6123/2514
f 6127/2510 6124/2515 6125/2511
f 6127/2510 6126/2512 6121/2516
f 6127/2510 6121/2516 6122/2513
f 6127/2510 6123/2514 6124/2515
f 6125/2517 6124/2518 6128/2519 6135/2520
f 6135/2520 6128/2519 6129/2521 6134/2522
f 6134/2522 6129/2521 6130/2523 6133/2524
f 6133/2524 6130/2523 6131/2497 6132/2496
f 6126/2525 6143/2526 6136/2527 6121/2528
f 6143/2526 6142/2529 6137/2530 6136/2527
f 6142/2529 6141/2531 6138/2532 6137/2530
f 6141/2531 6140/2500 6139/2503 6138/2532
f 6122/2533 6121/2528 6136/2527 6147/2534
f 6147/2534 6136/2527 6137/2530 6146/2535
f 6146/2535 6137/2530 6138/2532 6145/2536
f 6145/2536 6138/2532 6139/2503 6144/2504
f 6124/2537 6123/2538 6148/2539 6128/2540
f 6128/2540 6148/2539 6149/2541 6129/2542
f 6129/2542 6149/2541 6150/2543 6130/2544
f 6130/2544 6150/2543 6151/2507 6131/2506
f 6126/2525 6125/2517 6135/2520 6143/2526
f 6155/2545 6159/2546 6143/2547 6135/2548
f 6142/2529 6134/2522 6133/2524 6141/2531
f 6132/2549 6140/2550 6156/2551 6152/2552
f 6123/2538 6122/2533 6147/2534 6148/2539
f 6148/2539 6147/2534 6146/2535 6149/2541
f 6149/2541 6146/2535 6145/2536 6150/2543
f 6150/2543 6145/2536 6144/2504 6151/2507
f 6157/2553 6156/2554 6140/2555 6141/2556
f 6153/2557 6157/2553 6141/2556 6133/2558
f 6159/2546 6158/2559 6142/2560 6143/2547
f 6133/2558 6132/2549 6152/2552 6153/2557
f 6135/2548 6134/2561 6154/2562 6155/2545
f 6134/2561 6142/2563 6158/2564 6154/2562
f 6177/2496 6176/2497 6163/2498 6164/2499
f 6185/2500 6165/2501 6160/2502 6184/2503
f 6189/2504 6184/2503 6160/2502 6161/2505
f 6176/2506 6196/2507 6162/2508 6163/2509
f 6185/2500 6177/2496 6164/2499 6165/2501
f 6196/2507 6189/2504 6161/2505 6162/2508
f 6172/2510 6170/2511 6171/2512
f 6172/2510 6167/2513 6168/2514
f 6172/2510 6169/2515 6170/2511
f 6172/2510 6171/2512 6166/2516
f 6172/2510 6166/2516 6167/2513
f 6172/2510 6168/2514 6169/2515
f 6170/2517 6169/2518 6173/2519 6180/2520
f 6180/2520 6173/2519 6174/2521 6179/2522
f 6179/2522 6174/2521 6175/2523 6178/2524
f 6178/2524 6175/2523 6176/2497 6177/2496
f 6171/2525 6188/2526 6181/2527 6166/2528
f 6188/2526 6187/2529 6182/2530 6181/2527
f 6187/2529 6186/2531 6183/2532 6182/2530
f 6186/2531 6185/2500 6184/2503 6183/2532
f 6167/2533 6166/2528 6181/2527 6192/2534
f 6192/2534 6181/2527 6182/2530 6191/2535
f 6191/2535 6182/2530 6183/2532 6190/2536
f 6190/2536 6183/2532 6184/2503 6189/2504
f 6169/2537 6168/2538 6193/2539 6173/2540
f 6173/2540 6193/2539 6194/2541 6174/2542
f 6174/2542 6194/2541 6195/2543 6175/2544
f 6175/2544 6195/2543 6196/2507 6176/2506
f 6171/2525 6170/2517 6180/2520 6188/2526
f 6200/2545 6204/2546 6188/2547 6180/2548
f 6187/2529 6179/2522 6178/2524 6186/2531
f 6177/2565 6185/2566 6201/2567 6197/2568
f 6168/2538 6167/2533 6192/2534 6193/2539
f 6193/2539 6192/2534 6191/2535 6194/2541
f 6194/2541 6191/2535 6190/2536 6195/2543
f 6195/2543 6190/2536 6189/2504 6196/2507
f 6202/2569 6201/2570 6185/2571 6186/2572
f 6198/2573 6202/2569 6186/2572 6178/2574
f 6204/2546 6203/2559 6187/2560 6188/2547
f 6178/2574 6177/2565 6197/2568 6198/2573
f 6180/2548 6179/2561 6199/2562 6200/2545
f 6179/2561 6187/2563 6203/2564 6199/2562
f 6222/2496 6221/2497 6208/2498 6209/2499
f 6230/2500 6210/2501 6205/2502 6229/2503
f 6234/2504 6229/2503 6205/2502 6206/2505
f 6221/2506 6241/2507 6207/2508 6208/2509
f 6230/2500 6222/2496 6209/2499 6210/2501
f 6241/2507 6234/2504 6206/2505 6207/2508
f 6217/2510 6215/2511 6216/2512
f 6217/2510 6212/2513 6213/2514
f 6217/2510 6214/2515 6215/2511
f 6217/2510 6216/2512 6211/2516
f 6217/2510 6211/2516 6212/2513
f 6217/2510 6213/2514 6214/2515
f 6215/2517 6214/2518 6218/2519 6225/2520
f 6225/2520 6218/2519 6219/2521 6224/2522
f 6224/2522 6219/2521 6220/2523 6223/2524
f 6223/2524 6220/2523 6221/2497 6222/2496
f 6216/2525 6233/2526 6226/2527 6211/2528
f 6233/2526 6232/2529 6227/2530 6226/2527
f 6232/2529 6231/2531 6228/2532 6227/2530
f 6231/2531 6230/2500 6229/2503 6228/2532
f 6212/2533 6211/2528 6226/2527 6237/2534
f 6237/2534 6226/2527 6227/2530 6236/2535
f 6236/2535 6227/2530 6228/2532 6235/2536
f 6235/2536 6228/2532 6229/2503 6234/2504
f 6214/2537 6213/2538 6238/2539 6218/2540
f 6218/2540 6238/2539 6239/2541 6219/2542
f 6219/2542 6239/2541 6240/2543 6220/2544
f 6220/2544 6240/2543 6241/2507 6221/2506
f 6216/2525 6215/2517 6225/2520 6233/2526
f 6245/2545 6249/2546 6233/2547 6225/2548
f 6232/2529 6224/2522 6223/2524 6231/2531
f 6222/2549 6230/2550 6246/2551 6242/2552
f 6213/2538 6212/2533 6237/2534 6238/2539
f 6238/2539 6237/2534 6236/2535 6239/2541
f 6239/2541 6236/2535 6235/2536 6240/2543
f 6240/2543 6235/2536 6234/2504 6241/2507
f 6247/2553 6246/2554 6230/2555 6231/2556
f 6243/2557 6247/2553 6231/2556 6223/2558
f 6249/2546 6248/2559 6232/2560 6233/2547
f 6223/2558 6222/2549 6242/2552 6243/2557
f 6225/2548 6224/2561 6244/2562 6245/2545
f 6224/2561 6232/2563 6248/2564 6244/2562
f 6267/2496 6266/2497 6253/2498 6254/2499
f 6275/2500 6255/2501 6250/2502 6274/2503
f 6279/2504 6274/2503 6250/2502 6251/2505
f 6266/2506 6286/2507 6252/2508 6253/2509
f 6275/2500 6267/2496 6254/2499 6255/2501
f 6286/2507 6279/2504 6251/2505 6252/2508
f 6262/2510 6260/2511 6261/2512
f 6262/2510 6257/2513 6258/2514
f 6262/2510 6259/2515 6260/2511
f 6262/2510 6261/2512 6256/2516
f 6262/2510 6256/2516 6257/2513
f 6262/2510 6258/2514 6259/2515
f 6260/2517 6259/2518 6263/2519 6270/2520
f 6270/2520 6263/2519 6264/2521 6269/2522
f 6269/2522 6264/2521 6265/2523 6268/2524
f 6268/2524 6265/2523 6266/2497 6267/2496
f 6261/2525 6278/2526 6271/2527 6256/2528
f 6278/2526 6277/2529 6272/2530 6271/2527
f 6277/2529 6276/2531 6273/2532 6272/2530
f 6276/2531 6275/2500 6274/2503 6273/2532
f 6257/2533 6256/2528 6271/2527 6282/2534
f 6282/2534 6271/2527 6272/2530 6281/2535
f 6281/2535 6272/2530 6273/2532 6280/2536
f 6280/2536 6273/2532 6274/2503 6279/2504
f 6259/2537 6258/2538 6283/2539 6263/2540
f 6263/2540 6283/2539 6284/2541 6264/2542
f 6264/2542 6284/2541 6285/2543 6265/2544
f 6265/2544 6285/2543 6286/2507 6266/2506
f 6261/2525 6260/2517 6270/2520 6278/2526
f 6290/2545 6294/2546 6278/2547 6270/2548
f 6277/2529 6269/2522 6268/2524 6276/2531
f 6267/2565 6275/2566 6291/2567 6287/2568
f 6258/2538 6257/2533 6282/2534 6283/2539
f 6283/2539 6282/2534 6281/2535 6284/2541
f 6284/2541 6281/2535 6280/2536 6285/2543
f 6285/2543 6280/2536 6279/2504 6286/2507
f 6292/2569 6291/2570 6275/2571 6276/2572
f 6288/2573 6292/2569 6276/2572 6268/2574
f 6294/2546 6293/2559 6277/2560 6278/2547
f 6268/2574 6267/2565 6287/2568 6288/2573
f 6270/2548 6269/2561 6289/2562 6290/2545
f 6269/2561 6277/2563 6293/2564 6289/2562
f 6306/2575 6301/2576 6295/2577 6300/2578
f 6296/2579 6295/2577 6301/2576 6302/2580
f 6298/2581 6297/2582 6303/2583 6304/2584
f 6300/2578 6299/2585 6305/2586 6306/2575
f 6297/2582 6296/2579 6302/2580 6303/2583
f 6299/2587 6298/2581 6304/2584 6305/2588
f 6318/2575 6313/2576 6307/2577 6312/2578
f 6308/2579 6307/2577 6313/2576 6314/2580
f 6310/2581 6309/2582 6315/2583 6316/2584
f 6312/2578 6311/2585 6317/2586 6318/2575
f 6309/2582 6308/2579 6314/2580 6315/2583
f 6311/2587 6310/2581 6316/2584 6317/2588
f 6330/2575 6325/2576 6319/2577 6324/2578
f 6320/2579 6319/2577 6325/2576 6326/2580
f 6322/2581 6321/2582 6327/2583 6328/2584
f 6324/2578 6323/2585 6329/2586 6330/2575
f 6321/2582 6320/2579 6326/2580 6327/2583
f 6323/2587 6322/2581 6328/2584 6329/2588
f 6342/2575 6337/2576 6331/2577 6336/2578
f 6332/2579 6331/2577 6337/2576 6338/2580
f 6334/2581 6333/2582 6339/2583 6340/2584
f 6336/2578 6335/2585 6341/2586 6342/2575
f 6333/2582 6332/2579 6338/2580 6339/2583
f 6335/2587 6334/2581 6340/2584 6341/2588
f 6354/2575 6349/2576 6343/2577 6348/2578
f 6344/2579 6343/2577 6349/2576 6350/2580
f 6346/2581 6345/2582 6351/2583 6352/2584
f 6348/2578 6347/2585 6353/2586 6354/2575
f 6345/2582 6344/2579 6350/2580 6351/2583
f 6347/2587 6346/2581 6352/2584 6353/2588
f 6366/2575 6361/2576 6355/2577 6360/2578
f 6356/2579 6355/2577 6361/2576 6362/2580
f 6358/2581 6357/2582 6363/2583 6364/2584
f 6360/2578 6359/2585 6365/2586 6366/2575
f 6357/2582 6356/2579 6362/2580 6363/2583
f 6359/2587 6358/2581 6364/2584 6365/2588
f 6378/2575 6373/2576 6367/2577 6372/2578
f 6368/2579 6367/2577 6373/2576 6374/2580
f 6370/2581 6369/2582 6375/2583 6376/2584
f 6372/2578 6371/2585 6377/2586 6378/2575
f 6369/2582 6368/2579 6374/2580 6375/2583
f 6371/2587 6370/2581 6376/2584 6377/2588
f 6390/2575 6385/2576 6379/2577 6384/2578
f 6380/2579 6379/2577 6385/2576 6386/2580
f 6382/2581 6381/2582 6387/2583 6388/2584
f 6384/2578 6383/2585 6389/2586 6390/2575
f 6381/2582 6380/2579 6386/2580 6387/2583
f 6383/2587 6382/2581 6388/2584 6389/2588
f 6402/2575 6397/2576 6391/2577 6396/2578
f 6392/2579 6391/2577 6397/2576 6398/2580
f 6394/2581 6393/2582 6399/2583 6400/2584
f 6396/2578 6395/2585 6401/2586 6402/2575
f 6393/2582 6392/2579 6398/2580 6399/2583
f 6395/2587 6394/2581 6400/2584 6401/2588
f 6414/2575 6409/2576 6403/2577 6408/2578
f 6404/2579 6403/2577 6409/2576 6410/2580
f 6406/2581 6405/2582 6411/2583 6412/2584
f 6408/2578 6407/2585 6413/2586 6414/2575
f 6405/2582 6404/2579 6410/2580 6411/2583
f 6407/2587 6406/2581 6412/2584 6413/2588
f 6426/2575 6421/2576 6415/2577 6420/2578
f 6416/2579 6415/2577 6421/2576 6422/2580
f 6418/2581 6417/2582 6423/2583 6424/2584
f 6420/2578 6419/2585 6425/2586 6426/2575
f 6417/2582 6416/2579 6422/2580 6423/2583
f 6419/2587 6418/2581 6424/2584 6425/2588
f 6438/2575 6433/2576 6427/2577 6432/2578
f 6428/2579 6427/2577 6433/2576 6434/2580
f 6430/2581 6429/2582 6435/2583 6436/2584
f 6432/2578 6431/2585 6437/2586 6438/2575
f 6429/2582 6428/2579 6434/2580 6435/2583
f 6431/2587 6430/2581 6436/2584 6437/2588
f 6450/2575 6445/2576 6439/2577 6444/2578
f 6440/2579 6439/2577 6445/2576 6446/2580
f 6442/2581 6441/2582 6447/2583 6448/2584
f 6444/2578 6443/2585 6449/2586 6450/2575
f 6441/2582 6440/2579 6446/2580 6447/2583
f 6443/2587 6442/2581 6448/2584 6449/2588
f 6462/2575 6457/2576 6451/2577 6456/2578
f 6452/2579 6451/2577 6457/2576 6458/2580
f 6454/2581 6453/2582 6459/2583 6460/2584
f 6456/2578 6455/2585 6461/2586 6462/2575
f 6453/2582 6452/2579 6458/2580 6459/2583
f 6455/2587 6454/2581 6460/2584 6461/2588
f 6474/2575 6469/2576 6463/2577 6468/2578
f 6464/2579 6463/2577 6469/2576 6470/2580
f 6466/2581 6465/2582 6471/2583 6472/2584
f 6468/2578 6467/2585 6473/2586 6474/2575
f 6465/2582 6464/2579 6470/2580 6471/2583
f 6467/2587 6466/2581 6472/2584 6473/2588
f 6486/2575 6481/2576 6475/2577 6480/2578
f 6476/2579 6475/2577 6481/2576 6482/2580
f 6478/2581 6477/2582 6483/2583 6484/2584
f 6480/2578 6479/2585 6485/2586 6486/2575
f 6477/2582 6476/2579 6482/2580 6483/2583
f 6479/2587 6478/2581 6484/2584 6485/2588
f 6498/2575 6493/2576 6487/2577 6492/2578
f 6488/2579 6487/2577 6493/2576 6494/2580
f 6490/2581 6489/2582 6495/2583 6496/2584
f 6492/2578 6491/2585 6497/2586 6498/2575
f 6489/2582 6488/2579 6494/2580 6495/2583
f 6491/2587 6490/2581 6496/2584 6497/2588
f 6510/2575 6505/2576 6499/2577 6504/2578
f 6500/2579 6499/2577 6505/2576 6506/2580
f 6502/2581 6501/2582 6507/2583 6508/2584
f 6504/2578 6503/2585 6509/2586 6510/2575
f 6501/2582 6500/2579 6506/2580 6507/2583
f 6503/2587 6502/2581 6508/2584 6509/2588
f 6522/2575 6517/2576 6511/2577 6516/2578
f 6512/2579 6511/2577 6517/2576 6518/2580
f 6514/2581 6513/2582 6519/2583 6520/2584
f 6516/2578 6515/2585 6521/2586 6522/2575
f 6513/2582 6512/2579 6518/2580 6519/2583
f 6515/2587 6514/2581 6520/2584 6521/2588
f 6534/2575 6529/2576 6523/2577 6528/2578
f 6524/2579 6523/2577 6529/2576 6530/2580
f 6526/2581 6525/2582 6531/2583 6532/2584
f 6528/2578 6527/2585 6533/2586 6534/2575
f 6525/2582 6524/2579 6530/2580 6531/2583
f 6527/2587 6526/2581 6532/2584 6533/2588
f 6546/2575 6541/2576 6535/2577 6540/2578
f 6536/2579 6535/2577 6541/2576 6542/2580
f 6538/2581 6537/2582 6543/2583 6544/2584
f 6540/2578 6539/2585 6545/2586 6546/2575
f 6537/2582 6536/2579 6542/2580 6543/2583
f 6539/2587 6538/2581 6544/2584 6545/2588
f 6558/2575 6553/2576 6547/2577 6552/2578
f 6548/2579 6547/2577 6553/2576 6554/2580
f 6550/2581 6549/2582 6555/2583 6556/2584
f 6552/2578 6551/2585 6557/2586 6558/2575
f 6549/2582 6548/2579 6554/2580 6555/2583
f 6551/2587 6550/2581 6556/2584 6557/2588
f 6570/2575 6565/2576 6559/2577 6564/2578
f 6560/2579 6559/2577 6565/2576 6566/2580
f 6562/2581 6561/2582 6567/2583 6568/2584
f 6564/2578 6563/2585 6569/2586 6570/2575
f 6561/2582 6560/2579 6566/2580 6567/2583
f 6563/2587 6562/2581 6568/2584 6569/2588
f 6582/2575 6577/2576 6571/2577 6576/2578
f 6572/2579 6571/2577 6577/2576 6578/2580
f 6574/2581 6573/2582 6579/2583 6580/2584
f 6576/2578 6575/2585 6581/2586 6582/2575
f 6573/2582 6572/2579 6578/2580 6579/2583
f 6575/2587 6574/2581 6580/2584 6581/2588
f 6594/2575 6589/2576 6583/2577 6588/2578
f 6584/2579 6583/2577 6589/2576 6590/2580
f 6586/2581 6585/2582 6591/2583 6592/2584
f 6588/2578 6587/2585 6593/2586 6594/2575
f 6585/2582 6584/2579 6590/2580 6591/2583
f 6587/2587 6586/2581 6592/2584 6593/2588
f 6606/2575 6601/2576 6595/2577 6600/2578
f 6596/2579 6595/2577 6601/2576 6602/2580
f 6598/2581 6597/2582 6603/2583 6604/2584
f 6600/2578 6599/2585 6605/2586 6606/2575
f 6597/2582 6596/2579 6602/2580 6603/2583
f 6599/2587 6598/2581 6604/2584 6605/2588
f 6618/2575 6613/2576 6607/2577 6612/2578
f 6608/2579 6607/2577 6613/2576 6614/2580
f 6610/2581 6609/2582 6615/2583 6616/2584
f 6612/2578 6611/2585 6617/2586 6618/2575
f 6609/2582 6608/2579 6614/2580 6615/2583
f 6611/2587 6610/2581 6616/2584 6617/2588
f 6630/2575 6625/2576 6619/2577 6624/2578
f 6620/2579 6619/2577 6625/2576 6626/2580
f 6622/2581 6621/2582 6627/2583 6628/2584
f 6624/2578 6623/2585 6629/2586 6630/2575
f 6621/2582 6620/2579 6626/2580 6627/2583
f 6623/2587 6622/2581 6628/2584 6629/2588
f 6642/2575 6637/2576 6631/2577 6636/2578
f 6632/2579 6631/2577 6637/2576 6638/2580
f 6634/2581 6633/2582 6639/2583 6640/2584
f 6636/2578 6635/2585 6641/2586 6642/2575
f 6633/2582 6632/2579 6638/2580 6639/2583
f 6635/2587 6634/2581 6640/2584 6641/2588
f 6654/2575 6649/2576 6643/2577 6648/2578
f 6644/2579 6643/2577 6649/2576 6650/2580
f 6646/2581 6645/2582 6651/2583 6652/2584
f 6648/2578 6647/2585 6653/2586 6654/2575
f 6645/2582 6644/2579 6650/2580 6651/2583
f 6647/2587 6646/2581 6652/2584 6653/2588
f 6666/2575 6661/2576 6655/2577 6660/2578
f 6656/2579 6655/2577 6661/2576 6662/2580
f 6658/2581 6657/2582 6663/2583 6664/2584
f 6660/2578 6659/2585 6665/2586 6666/2575
f 6657/2582 6656/2579 6662/2580 6663/2583
f 6659/2587 6658/2581 6664/2584 6665/2588
f 6678/2575 6673/2576 6667/2577 6672/2578
f 6668/2579 6667/2577 6673/2576 6674/2580
f 6670/2581 6669/2582 6675/2583 6676/2584
f 6672/2578 6671/2585 6677/2586 6678/2575
f 6669/2582 6668/2579 6674/2580 6675/2583
f 6671/2587 6670/2581 6676/2584 6677/2588
f 6690/2575 6685/2576 6679/2577 6684/2578
f 6680/2579 6679/2577 6685/2576 6686/2580
f 6682/2581 6681/2582 6687/2583 6688/2584
f 6684/2578 6683/2585 6689/2586 6690/2575
f 6681/2582 6680/2579 6686/2580 6687/2583
f 6683/2587 6682/2581 6688/2584 6689/2588
f 6702/2575 6697/2576 6691/2577 6696/2578
f 6692/2579 6691/2577 6697/2576 6698/2580
f 6694/2581 6693/2582 6699/2583 6700/2584
f 6696/2578 6695/2585 6701/2586 6702/2575
f 6693/2582 6692/2579 6698/2580 6699/2583
f 6695/2587 6694/2581 6700/2584 6701/2588
f 6714/2575 6709/2576 6703/2577 6708/2578
f 6704/2579 6703/2577 6709/2576 6710/2580
f 6706/2581 6705/2582 6711/2583 6712/2584
f 6708/2578 6707/2585 6713/2586 6714/2575
f 6705/2582 6704/2579 6710/2580 6711/2583
f 6707/2587 6706/2581 6712/2584 6713/2588
f 6726/2575 6721/2576 6715/2577 6720/2578
f 6716/2579 6715/2577 6721/2576 6722/2580
f 6718/2581 6717/2582 6723/2583 6724/2584
f 6720/2578 6719/2585 6725/2586 6726/2575
f 6717/2582 6716/2579 6722/2580 6723/2583
f 6719/2587 6718/2581 6724/2584 6725/2588
f 6738/2575 6733/2576 6727/2577 6732/2578
f 6728/2579 6727/2577 6733/2576 6734/2580
f 6730/2581 6729/2582 6735/2583 6736/2584
f 6732/2578 6731/2585 6737/2586 6738/2575
f 6729/2582 6728/2579 6734/2580 6735/2583
f 6731/2587 6730/2581 6736/2584 6737/2588
f 6750/2575 6745/2576 6739/2577 6744/2578
f 6740/2579 6739/2577 6745/2576 6746/2580
f 6742/2581 6741/2582 6747/2583 6748/2584
f 6744/2578 6743/2585 6749/2586 6750/2575
f 6741/2582 6740/2579 6746/2580 6747/2583
f 6743/2587 6742/2581 6748/2584 6749/2588
f 6762/2575 6757/2576 6751/2577 6756/2578
f 6752/2579 6751/2577 6757/2576 6758/2580
f 6754/2581 6753/2582 6759/2583 6760/2584
f 6756/2578 6755/2585 6761/2586 6762/2575
f 6753/2582 6752/2579 6758/2580 6759/2583
f 6755/2587 6754/2581 6760/2584 6761/2588
f 6774/2575 6769/2576 6763/2577 6768/2578
f 6764/2579 6763/2577 6769/2576 6770/2580
f 6766/2581 6765/2582 6771/2583 6772/2584
f 6768/2578 6767/2585 6773/2586 6774/2575
f 6765/2582 6764/2579 6770/2580 6771/2583
f 6767/2587 6766/2581 6772/2584 6773/2588
f 6786/2575 6781/2576 6775/2577 6780/2578
f 6776/2579 6775/2577 6781/2576 6782/2580
f 6778/2581 6777/2582 6783/2583 6784/2584
f 6780/2578 6779/2585 6785/2586 6786/2575
f 6777/2582 6776/2579 6782/2580 6783/2583
f 6779/2587 6778/2581 6784/2584 6785/2588
f 6798/2589 6797/2590 6791/2591 6792/2592
f 6795/2593 6794/2594 6788/2595 6789/2596
f 6797/2597 6796/2598 6790/2599 6791/2600
f 6798/2589 6793/2601 6787/2602 6792/2592
f 6794/2594 6793/2601 6787/2602 6788/2595
f 6796/2598 6795/2593 6789/2596 6790/2599
f 6812/2603 6811/2604 6795/2593 6796/2598
f 6806/2605 6805/2606 6799/2607 6800/2608
f 6814/2609 6813/2610 6797/2590 6798/2589
f 6811/2604 6815/2611 6794/2594 6795/2593
f 6813/2612 6812/2603 6796/2598 6797/2597
f 6814/2609 6816/2613 6799/2607 6804/2614
f 6815/2611 6816/2613 6793/2601 6794/2594
f 6810/2615 6805/2606 6817/2616 6822/2617
f 6808/2618 6807/2619 6801/2620 6802/2621
f 6810/2615 6809/2622 6803/2623 6804/2614
f 6807/2619 6806/2605 6800/2608 6801/2620
f 6809/2624 6808/2618 6802/2621 6803/2625
f 6804/2614 6799/2607 6805/2606 6810/2615
f 6802/2621 6801/2620 6811/2604 6812/2603
f 6804/2614 6803/2623 6813/2610 6814/2609
f 6801/2620 6800/2608 6815/2611 6811/2604
f 6803/2625 6802/2621 6812/2603 6813/2612
f 6798/2589 6793/2601 6816/2613 6814/2609
f 6800/2608 6799/2607 6816/2613 6815/2611
f 6822/2617 6817/2616 6823/2626 6828/2627
f 6818/2628 6817/2616 6805/2606 6806/2605
f 6820/2629 6819/2630 6807/2619 6808/2618
f 6822/2617 6821/2631 6809/2622 6810/2615
f 6819/2630 6818/2628 6806/2605 6807/2619
f 6821/2632 6820/2629 6808/2618 6809/2624
f 6833/2633 6832/2634 6826/2635 6827/2636
f 6824/2637 6823/2626 6817/2616 6818/2628
f 6826/2635 6825/2638 6819/2630 6820/2629
f 6828/2627 6827/2639 6821/2631 6822/2617
f 6825/2638 6824/2637 6818/2628 6819/2630
f 6827/2636 6826/2635 6820/2629 6821/2632
f 6840/2640 6839/2641 6833/2642 6834/2643
f 6828/2627 6823/2626 6829/2644 6834/2643
f 6830/2645 6829/2644 6823/2626 6824/2637
f 6832/2634 6831/2646 6825/2638 6826/2635
f 6834/2643 6833/2642 6827/2639 6828/2627
f 6831/2646 6830/2645 6824/2637 6825/2638
f 6846/2647 6845/2648 6839/2641 6840/2640
f 6837/2649 6836/2650 6830/2645 6831/2646
f 6839/2651 6838/2652 6832/2634 6833/2633
f 6834/2643 6829/2644 6835/2653 6840/2640
f 6836/2650 6835/2653 6829/2644 6830/2645
f 6838/2652 6837/2649 6831/2646 6832/2634
f 6850/2654 6849/2655 6843/2656 6844/2657
f 6843/2656 6842/2658 6836/2650 6837/2649
f 6845/2659 6844/2657 6838/2652 6839/2651
f 6840/2640 6835/2653 6841/2660 6846/2647
f 6842/2658 6841/2660 6835/2653 6836/2650
f 6844/2657 6843/2656 6837/2649 6838/2652
f 6856/2661 6855/2662 6849/2655 6850/2654
f 6852/2663 6851/2664 6845/2648 6846/2647
f 6849/2655 6848/2665 6842/2658 6843/2656
f 6851/2666 6850/2654 6844/2657 6845/2659
f 6846/2647 6841/2660 6847/2667 6852/2663
f 6848/2665 6847/2667 6841/2660 6842/2658
f 6862/2668 6861/2669 6855/2662 6856/2661
f 6858/2670 6857/2671 6851/2664 6852/2663
f 6855/2662 6854/2672 6848/2665 6849/2655
f 6857/2673 6856/2661 6850/2654 6851/2666
f 6852/2663 6847/2667 6853/2674 6858/2670
f 6854/2672 6853/2674 6847/2667 6848/2665
f 6866/2675 6865/2676 6859/2677 6860/2678
f 6864/2679 6863/2680 6857/2671 6858/2670
f 6861/2669 6860/2678 6854/2672 6855/2662
f 6863/2681 6862/2668 6856/2661 6857/2673
f 6858/2670 6853/2674 6859/2677 6864/2679
f 6860/2678 6859/2677 6853/2674 6854/2672
f 6870/2682 6865/2676 6871/2683 6876/2684
f 6868/2685 6867/2686 6861/2669 6862/2668
f 6870/2682 6869/2687 6863/2680 6864/2679
f 6867/2686 6866/2675 6860/2678 6861/2669
f 6869/2688 6868/2685 6862/2668 6863/2681
f 6864/2679 6859/2677 6865/2676 6870/2682
f 6907/2689 6910/2690 6877/2691 6882/2692
f 6872/2693 6871/2683 6865/2676 6866/2675
f 6874/2694 6873/2695 6867/2686 6868/2685
f 6876/2684 6875/2696 6869/2687 6870/2682
f 6873/2695 6872/2693 6866/2675 6867/2686
f 6875/2697 6874/2694 6868/2685 6869/2688
f 6882/2692 6877/2691 6883/2698 6888/2699
f 6903/2700 6901/2701 6871/2683 6872/2693
f 6905/2702 6904/2703 6873/2695 6874/2694
f 6902/2704 6906/2705 6875/2696 6876/2684
f 6904/2703 6903/2700 6872/2693 6873/2695
f 6906/2706 6905/2702 6874/2694 6875/2697
f 6893/2707 6892/2708 6886/2709 6887/2710
f 6884/2711 6883/2698 6877/2691 6878/2712
f 6886/2709 6885/2713 6879/2714 6880/2715
f 6888/2699 6887/2716 6881/2717 6882/2692
f 6885/2713 6884/2711 6878/2712 6879/2714
f 6887/2710 6886/2709 6880/2715 6881/2718
f 6899/2719 6898/2720 6892/2708 6893/2707
f 6888/2699 6883/2698 6889/2721 6894/2722
f 6890/2723 6889/2721 6883/2698 6884/2711
f 6892/2708 6891/2724 6885/2713 6886/2709
f 6894/2722 6893/2725 6887/2716 6888/2699
f 6891/2724 6890/2723 6884/2711 6885/2713
f 6894/2722 6889/2721 6895/2726 6900/2727
f 6896/2728 6895/2726 6889/2721 6890/2723
f 6898/2720 6897/2729 6891/2724 6892/2708
f 6900/2727 6899/2730 6893/2725 6894/2722
f 6897/2729 6896/2728 6890/2723 6891/2724
f 6876/2684 6871/2683 6901/2701 6902/2704
f 6909/2731 6910/2690 6901/2701 6903/2700
f 6908/2732 6912/2733 6904/2703 6905/2702
f 6907/2689 6911/2734 6906/2705 6902/2704
f 6912/2733 6909/2731 6903/2700 6904/2703
f 6911/2735 6908/2732 6905/2702 6906/2706
f 6902/2704 6901/2701 6910/2690 6907/2689
f 6879/2714 6878/2712 6909/2731 6912/2733
f 6882/2692 6881/2717 6911/2734 6907/2689
f 6880/2715 6879/2714 6912/2733 6908/2732
f 6878/2712 6877/2691 6910/2690 6909/2731
f 6881/2718 6880/2715 6908/2732 6911/2735
f 6924/2736 6923/2737 6917/2738 6918/2739
f 6921/2740 6920/2741 6914/2742 6915/2743
f 6923/2737 6922/2744 6916/2745 6917/2738
f 6924/2746 6919/2747 6913/2748 6918/2749
f 6920/2741 6919/2747 6913/2748 6914/2742
f 6922/2744 6921/2740 6915/2743 6916/2745
f 6938/2750 6937/2751 6921/2740 6922/2744
f 6932/2752 6931/2753 6925/2754 6926/2755
f 6940/2756 6939/2757 6923/2737 6924/2736
f 6937/2751 6941/2758 6920/2741 6921/2740
f 6939/2757 6938/2750 6922/2744 6923/2737
f 6940/2759 6942/2760 6925/2754 6930/2761
f 6941/2758 6942/2760 6919/2747 6920/2741
f 6936/2762 6931/2753 6943/2763 6948/2764
f 6934/2765 6933/2766 6927/2767 6928/2768
f 6936/2769 6935/2770 6929/2771 6930/2772
f 6933/2766 6932/2752 6926/2755 6927/2767
f 6935/2770 6934/2765 6928/2768 6929/2771
f 6930/2761 6925/2754 6931/2753 6936/2762
f 6928/2768 6927/2767 6937/2751 6938/2750
f 6930/2772 6929/2771 6939/2757 6940/2756
f 6927/2767 6926/2755 6941/2758 6937/2751
f 6929/2771 6928/2768 6938/2750 6939/2757
f 6924/2746 6919/2747 6942/2760 6940/2759
f 6926/2755 6925/2754 6942/2760 6941/2758
f 6948/2764 6943/2763 6949/2773 6954/2774
f 6944/2775 6943/2763 6931/2753 6932/2752
f 6946/2776 6945/2777 6933/2766 6934/2765
f 6948/2778 6947/2779 6935/2770 6936/2769
f 6945/2777 6944/2775 6932/2752 6933/2766
f 6947/2779 6946/2776 6934/2765 6935/2770
f 6959/2780 6958/2781 6952/2782 6953/2783
f 6950/2784 6949/2773 6943/2763 6944/2775
f 6952/2782 6951/2785 6945/2777 6946/2776
f 6954/2786 6953/2783 6947/2779 6948/2778
f 6951/2785 6950/2784 6944/2775 6945/2777
f 6953/2783 6952/2782 6946/2776 6947/2779
f 6966/2787 6965/2788 6959/2780 6960/2789
f 6954/2774 6949/2773 6955/2790 6960/2791
f 6956/2792 6955/2790 6949/2773 6950/2784
f 6958/2781 6957/2793 6951/2785 6952/2782
f 6960/2789 6959/2780 6953/2783 6954/2786
f 6957/2793 6956/2792 6950/2784 6951/2785
f 6972/2794 6971/2795 6965/2788 6966/2787
f 6963/2796 6962/2797 6956/2792 6957/2793
f 6965/2788 6964/2798 6958/2781 6959/2780
f 6960/2791 6955/2790 6961/2799 6966/2800
f 6962/2797 6961/2799 6955/2790 6956/2792
f 6964/2798 6963/2796 6957/2793 6958/2781
f 6976/2801 6975/2802 6969/2803 6970/2804
f 6969/2803 6968/2805 6962/2797 6963/2796
f 6971/2795 6970/2804 6964/2798 6965/2788
f 6966/2800 6961/2799 6967/2806 6972/2807
f 6968/2805 6967/2806 6961/2799 6962/2797
f 6970/2804 6969/2803 6963/2796 6964/2798
f 6982/2808 6981/2809 6975/2802 6976/2801
f 6978/2810 6977/2811 6971/2795 6972/2794
f 6975/2802 6974/2812 6968/2805 6969/2803
f 6977/2811 6976/2801 6970/2804 6971/2795
f 6972/2807 6967/2806 6973/2813 6978/2814
f 6974/2812 6973/2813 6967/2806 6968/2805
f 6988/2815 6987/2816 6981/2809 6982/2808
f 6984/2817 6983/2818 6977/2811 6978/2810
f 6981/2809 6980/2819 6974/2812 6975/2802
f 6983/2818 6982/2808 6976/2801 6977/2811
f 6978/2814 6973/2813 6979/2820 6984/2821
f 6980/2819 6979/2820 6973/2813 6974/2812
f 6992/2822 6991/2823 6985/2824 6986/2825
f 6990/2826 6989/2827 6983/2818 6984/2817
f 6987/2816 6986/2825 6980/2819 6981/2809
f 6989/2827 6988/2815 6982/2808 6983/2818
f 6984/2821 6979/2820 6985/2824 6990/2828
f 6986/2825 6985/2824 6979/2820 6980/2819
f 6996/2829 6991/2823 6997/2830 7002/2831
f 6994/2832 6993/2833 6987/2816 6988/2815
f 6996/2834 6995/2835 6989/2827 6990/2826
f 6993/2833 6992/2822 6986/2825 6987/2816
f 6995/2835 6994/2832 6988/2815 6989/2827
f 6990/2828 6985/2824 6991/2823 6996/2829
f 7033/2836 7036/2837 7003/2838 7008/2839
f 6998/2840 6997/2830 6991/2823 6992/2822
f 7000/2841 6999/2842 6993/2833 6994/2832
f 7002/2843 7001/2844 6995/2835 6996/2834
f 6999/2842 6998/2840 6992/2822 6993/2833
f 7001/2844 7000/2841 6994/2832 6995/2835
f 7008/2839 7003/2838 7009/2845 7014/2846
f 7029/2847 7027/2848 6997/2830 6998/2840
f 7031/2849 7030/2850 6999/2842 7000/2841
f 7028/2851 7032/2852 7001/2844 7002/2843
f 7030/2850 7029/2847 6998/2840 6999/2842
f 7032/2852 7031/2849 7000/2841 7001/2844
f 7019/2853 7018/2854 7012/2855 7013/2856
f 7010/2857 7009/2845 7003/2838 7004/2858
f 7012/2855 7011/2859 7005/2860 7006/2861
f 7014/2862 7013/2856 7007/2863 7008/2864
f 7011/2859 7010/2857 7004/2858 7005/2860
f 7013/2856 7012/2855 7006/2861 7007/2863
f 7025/2865 7024/2866 7018/2854 7019/2853
f 7014/2846 7009/2845 7015/2867 7020/2868
f 7016/2869 7015/2867 7009/2845 7010/2857
f 7018/2854 7017/2870 7011/2859 7012/2855
f 7020/2871 7019/2853 7013/2856 7014/2862
f 7017/2870 7016/2869 7010/2857 7011/2859
f 7020/2868 7015/2867 7021/2872 7026/2873
f 7022/2874 7021/2872 7015/2867 7016/2869
f 7024/2866 7023/2875 7017/2870 7018/2854
f 7026/2876 7025/2865 7019/2853 7020/2871
f 7023/2875 7022/2874 7016/2869 7017/2870
f 7002/2831 6997/2830 7027/2848 7028/2877
f 7035/2878 7036/2837 7027/2848 7029/2847
f 7034/2879 7038/2880 7030/2850 7031/2849
f 7033/2881 7037/2882 7032/2852 7028/2851
f 7038/2880 7035/2878 7029/2847 7030/2850
f 7037/2882 7034/2879 7031/2849 7032/2852
f 7028/2877 7027/2848 7036/2837 7033/2836
f 7005/2860 7004/2858 7035/2878 7038/2880
f 7008/2864 7007/2863 7037/2882 7033/2881
f 7006/2861 7005/2860 7038/2880 7034/2879
f 7004/2858 7003/2838 7036/2837 7035/2878
f 7007/2863 7006/2861 7034/2879 7037/2882
f 629 559
f 577 631
f 273 327
f 325 255
f 467 630
f 393 632
f 1321 1251
f 1269 1323
f 965 1019
f 1017 947
f 1159 1322
f 1085 1324
f 2013 1943
f 1961 2015
f 1657 1711
f 1709 1639
f 1851 2014
f 1777 2016
f 2705 2635
f 2653 2707
f 2349 2403
f 2401 2331
f 2543 2706
f 2469 2708