o Circle.004_Circle.012
v 2.8405 0 1.64
v 2.8405 0.1968 1.64
v 2.6985 0.3936 1.558
v 2.4286 0.3936 1.4022
v 2.4286 1.8696 1.4022
v 2.6715 1.8696 1.5424
v 2.6715 2.2795 1.5424
v 2.4043 2.5255 1.3881
v 1.4426 2.5255 0.8329
v 1.4426 2.9847 0.8329
v 1.7311 2.9847 0.9995
v 1.558 3.3127 0.8995
v 1.2464 3.4767 0.7196
v 2.3671 0 1.9133
v 0.4734 0 3.0066
v 2.3671 0.1968 1.9133
v 0.4734 0.1968 3.0066
v 2.2487 0.3936 1.8176
v 0.4497 0.3936 2.8563
v 2.0239 0.3936 1.6359
v 0.4048 0.3936 2.5706
v 2.0239 1.8696 1.6359
v 0.4048 1.8696 2.5706
v 2.2262 1.8696 1.7994
v 0.4452 1.8696 2.8277
v 2.2262 2.2795 1.7994
v 0.4452 2.2795 2.8277
v 2.0036 2.5255 1.6195
v 0.4007 2.5255 2.5449
v 1.2022 2.5255 0.9717
v 0.2404 2.5255 1.527
v 1.2022 2.9847 0.9717
v 0.2404 2.9847 1.527
v 1.4426 2.9847 1.166
v 0.2885 2.9847 1.8323
v 1.2983 3.3127 1.0494
v 0.2597 3.3127 1.6491
v 1.0387 3.4767 0.8395
v 0.2077 3.4767 1.3193
v 2.4286 1.0496 1.4022
v 2.4286 1.5416 1.4022
v 2.0239 1.5416 1.6359
v 2.0239 1.0496 1.6359
v 0.4048 1.5416 2.5706
v 0.4048 1.0496 2.5706
v 1.4426 2.6294 0.8329
v 1.4426 2.8481 0.8329
v 1.2022 2.8481 0.9717
v 1.2022 2.6294 0.9717
v 0.2404 2.8481 1.527
v 0.2404 2.6294 1.527
v 1.9954 1.5088 1.6523
v 0.4332 1.5088 2.5542
v 1.1738 2.6622 0.9881
v 1.1738 2.8153 0.9881
v 0.2688 2.6622 1.5106
v 0.2688 2.8153 1.5106
v 1.9954 1.0824 1.6523
v 0.4332 1.0824 2.5542
v 1.9872 1.0824 1.6381
v 1.9872 1.5088 1.6381
v 0.425 1.0824 2.54
v 0.425 1.5088 2.54
v 1.5937 1.0824 0.9563
v 1.5937 1.5088 0.9563
v 0.0314 1.0824 1.8583
v 0.0314 1.5088 1.8583
v 1.5855 1.0824 0.9421
v 1.5855 1.5088 0.9421
v 0.0232 1.0824 1.8441
v 0.0232 1.5088 1.8441
v 1.5571 1.1152 0.9585
v 1.5571 1.476 0.9585
v 0.0516 1.1152 1.8277
v 0.0516 1.476 1.8277
v 1.1656 2.6622 0.9739
v 1.1656 2.8153 0.9739
v 0.2606 2.6622 1.4964
v 0.2606 2.8153 1.4964
v 1.018 2.6622 0.7183
v 1.018 2.8153 0.7183
v 0.113 2.6622 1.2407
v 0.113 2.8153 1.2407
v 1.0098 2.6622 0.704
v 1.0098 2.8153 0.704
v 0.1048 2.6622 1.2265
v 0.1048 2.8153 1.2265
v 0.9814 2.695 0.7204
v 0.9814 2.7825 0.7204
v 0.1332 2.695 1.2101
v 0.1332 2.7825 1.2101
v 0.5208 0 2.9793
v 0.5208 0.1968 2.9793
v 0.4947 0.3936 2.8303
v 0.4452 0.3936 2.5473
v 0.4452 1.8696 2.5473
v 0.4898 1.8696 2.802
v 0.4898 2.2795 2.802
v 0.4408 2.5255 2.5218
v 0.2645 2.5255 1.5131
v 0.2645 2.9847 1.5131
v 0.3174 2.9847 1.8157
v 0.2856 3.3127 1.6341
v 0.2285 3.4767 1.3073
v 0.4452 1.5416 2.5473
v 0.4452 1.0496 2.5473
v 0.2645 2.8481 1.5131
v 0.2645 2.6294 1.5131
v 0.4722 1.5088 2.5317
v 0.4722 1.0824 2.5317
v 0.2915 2.8153 1.4975
v 0.2915 2.6622 1.4975
v 0.464 1.5088 2.5175
v 0.464 1.0824 2.5175
v 0.0704 1.5088 1.8358
v 0.0704 1.0824 1.8358
v 0.0622 1.5088 1.8216
v 0.0622 1.0824 1.8216
v 0.0892 1.476 1.806
v 0.0892 1.1152 1.806
v 0.2833 2.8153 1.4833
v 0.2833 2.6622 1.4833
v 0.1357 2.8153 1.2276
v 0.1357 2.6622 1.2276
v 0.1275 2.8153 1.2134
v 0.1275 2.6622 1.2134
v 0.1545 2.7825 1.1979
v 0.1545 2.695 1.1979
v 1.1517 2.8153 1.0008
v 1.9574 1.0824 1.6742
v 1.9574 1.5088 1.6742
v 1.1787 2.6294 0.9852
v 1.1787 2.8481 0.9852
v 1.9844 1.0496 1.6586
v 1.9844 1.5416 1.6586
v 1.0184 3.4767 0.8512
v 1.2022 2.8202 0.9717
v 1.2022 2.6622 0.9717
v 0.1332 2.7713 1.2101
v 0.9814 2.7713 0.7204
v 1.0098 2.6852 0.704
v 0.1048 2.6852 1.2265
v 0.113 2.7957 1.2407
v 1.018 2.7957 0.7183
v 0.2404 2.6622 1.527
v 0.4048 1.5182 2.5706
v 2.0239 1.5182 1.6359
v 0.1048 2.7957 1.2265
v 0.9877 2.8153 0.7168
v 0.9959 2.6622 0.731
v 0.9959 2.8153 0.731
v 1.1435 2.6622 0.9866
v 0.9607 2.7713 0.7324
v 1.9844 0.3936 1.6586
v 2.2049 0.3936 1.8429
v 2.3209 0.1968 1.9399
v 2.3209 0 1.9399
v 2.4286 1.0742 1.4022
v 2.0239 1.0742 1.6359
v 1.9645 2.5255 1.6421
v 2.1828 2.2795 1.8245
v 2.1828 1.8696 1.8245
v 1.9844 1.8696 1.6586
v 1.1656 2.7957 0.9739
v 0.4332 1.1037 2.5542
v 1.1738 2.6852 0.9881
v 0.2688 2.6852 1.5106
v 1.4426 2.6622 0.8329
v 0.1545 2.7713 1.1979
v 0.0314 1.1037 1.8583
v 0.9607 2.7081 0.7324
v 0.1545 2.7081 1.1979
v 0.1332 2.7081 1.2101
v 0.425 1.4885 2.54
v 0 2.6622 1.6658
v 0.4332 1.4885 2.5542
v 0.9607 2.695 0.7324
v 0.9607 2.7825 0.7324
v 0.9877 2.6622 0.7168
v 0.2688 2.7957 1.5106
v 1.1738 2.7957 0.9881
v 1.018 2.6852 0.7183
v 0.113 2.6852 1.2407
v 1.9954 1.1037 1.6523
v 0.2606 2.7957 1.4964
v 1.1435 2.8153 0.9866
v 1.5204 1.1152 0.9797
v 1.5204 1.476 0.9797
v 1.5474 1.0824 0.9641
v 1.9872 1.4885 1.6381
v 0.0516 1.4588 1.8277
v 1.5571 1.4588 0.9585
v 1.9872 1.1037 1.6381
v 0.425 1.1037 2.54
v 1.5937 1.1037 0.9563
v 1.5474 1.5088 0.9641
v 1.5556 1.0824 0.9783
v 1.5556 1.5088 0.9783
v 1.9492 1.0824 1.66
v 0.2404 2.8202 1.527
v 0.0314 1.4885 1.8583
v 1.5937 1.4885 0.9563
v 0.9814 2.7081 0.7204
v 0.4048 1.0742 2.5706
v 1.0098 2.7957 0.704
v 1.4426 2.8202 0.8329
v 1.5204 1.4588 0.9797
v 2.4286 1.5182 1.4022
v 0.0892 1.4588 1.806
v 1.9492 1.5088 1.66
v 1.1517 2.6622 1.0008
v 0.0232 1.4885 1.8441
v 1.273 3.3127 1.0641
v 1.4145 2.9847 1.1823
v 1.1787 2.9847 0.9852
v 1.1787 2.5255 0.9852
v 1.5855 1.4885 0.9421
v 1.9954 1.4885 1.6523
v 1.5204 1.1332 0.9797
v 0.0892 1.1332 1.806
v 0.2606 2.6852 1.4964
v 1.1656 2.6852 0.9739
v 0.0516 1.1332 1.8277
v 1.5571 1.1332 0.9585
v 0.0232 1.1037 1.8441
v 1.5855 1.1037 0.9421
v 2.4286 1.8532 1.4022
v 2.0239 1.8532 1.6359
v 0.4048 1.8532 2.5706
v 0.4452 1.8532 2.5473
v 1.9844 1.8532 1.6586
v 0.4432 1.8696 2.8148
v 2.2161 1.8696 1.7913
v 2.6593 1.8696 1.5354
v 2.1729 1.8696 1.8162
v 0.4875 1.8696 2.7893
v 1.4426 2.9779 0.8329
v 1.2022 2.9779 0.9717
v 0.2404 2.9779 1.527
v 0.2645 2.9779 1.5131
v 1.1787 2.9779 0.9852
v 1.7167 2.9847 0.9911
v 1.4306 2.9847 1.1563
v 0.2861 2.9847 1.8171
v 0.3147 2.9847 1.8006
v 1.4027 2.9847 1.1724
v 2.6715 2.259 1.5424
v 2.2262 2.259 1.7994
v 0.4452 2.259 2.8277
v 0.4898 2.259 2.802
v 2.1828 2.259 1.8245
v 2.0335 1.8696 1.6436
v 0.4067 1.8696 2.5828
v 0.4474 1.8696 2.5594
v 1.9938 1.8696 1.6665
v 2.4402 1.8696 1.4088
v 2.1828 1.889 1.8245
v 0.4898 1.889 2.802
v 0.4452 1.889 2.8277
v 2.2262 1.889 1.7994
v 2.6715 1.889 1.5424
v 2.6581 2.2918 1.5347
v 2.2151 2.2918 1.7904
v 0.443 2.2918 2.8136
v 0.4873 2.2918 2.788
v 2.1719 2.2918 1.8154
v 2.0239 0.41 1.6359
v 0.4048 0.41 2.5706
v 2.4286 0.41 1.4022
v 0.4452 0.41 2.5473
v 1.9844 0.41 1.6586
v 2.4421 0.3936 1.41
v 2.0351 0.3936 1.6449
v 0.407 0.3936 2.5849
v 0.4477 0.3936 2.5614
v 1.9954 0.3936 1.6679
v 2.238 0.3936 1.809
v 0.4476 0.3936 2.8427
v 0.4924 0.3936 2.8169
v 2.1944 0.3936 1.8342
v 2.6856 0.3936 1.5506
v 0.4509 0.3837 2.8638
v 2.2546 0.3837 1.8224
v 2.7056 0.3837 1.5621
v 2.2107 0.3837 1.8478
v 0.496 0.3837 2.8377
v 2.3615 0.2061 1.9087
v 0.4723 0.2061 2.9994
v 0.5195 0.2061 2.9722
v 2.3154 0.2061 1.9353
v 2.8337 0.2061 1.6361
v 2.3209 0.187 1.9399
v 0.5208 0.187 2.9793
v 0.4734 0.187 3.0066
v 2.3671 0.187 1.9133
v 2.8405 0.187 1.64
v 0 2.9929 1.9939
v 1.7268 2.9929 0.997
v 1.439 2.9929 1.1631
v 0.2878 2.9929 1.8278
v 0.3166 2.9929 1.8112
v 1.4109 2.9929 1.1793
v 2.417 2.5139 1.3955
v 2.0142 2.5139 1.628
v 0.4028 2.5139 2.5584
v 0.4431 2.5139 2.5351
v 1.9749 2.5139 1.6507
v 0.2444 2.5255 1.5524
v 1.2222 2.5255 0.9879
v 1.4666 2.5255 0.8468
v 0 2.5255 1.6935
v 0.2645 2.5406 1.5131
v 1.1787 2.5406 0.9852
v 1.1984 2.5255 1.0017
v 0.2689 2.5255 1.5383
v 1.4426 2.5406 0.8329
v 0.2404 2.5406 1.527
v 1.2022 2.5406 0.9717
v 1.9841 2.5255 1.6037
v 0.3968 2.5255 2.5201
v 0.4365 2.5255 2.4972
v 1.9454 2.5255 1.626
v 2.3809 2.5255 1.3746
v 0.0237 0 3.2662
v 0.0237 0.1968 3.2662
v 0.0225 0.3936 3.1029
v 0.0202 0.3936 2.7926
v 0.0202 1.8696 2.7926
v 0.0223 1.8696 3.0719
v 0.0223 2.2795 3.0719
v 0.02 2.5255 2.7647
v 0.012 2.5255 1.6588
v 0.012 2.9847 1.6588
v 0.0144 2.9847 1.9906
v 0.013 3.3127 1.7915
v 0.0104 3.4767 1.4332
v 0.0202 1.5416 2.7926
v 0.0202 1.0496 2.7926
v 0.012 2.8481 1.6588
v 0.012 2.6294 1.6588
v 0.0202 1.5182 2.7926
v 0.012 2.8202 1.6588
v 0.012 2.6622 1.6588
v 0.0202 1.0742 2.7926
v 0.0202 1.8532 2.7926
v 0.0222 1.8696 3.0579
v 0.012 2.9779 1.6588
v 0.0143 2.9847 1.974
v 0.0223 2.259 3.0719
v 0.0203 1.8696 2.8059
v 0.0223 1.889 3.0719
v 0.0222 2.2918 3.0565
v 0.0202 0.41 2.7926
v 0.0204 0.3936 2.8082
v 0.0224 0.3936 3.0882
v 0.0226 0.3837 3.1111
v 0.0236 0.2061 3.2585
v 0.0237 0.187 3.2662
v 0.0144 2.9929 1.9856
v 0.0201 2.5139 2.7793
v 0.012 2.5406 1.6588
v 0.0122 2.5255 1.6865
v 0.0198 2.5255 2.7378
v 2.3611 2.5255 1.3861
v 1.4544 2.5255 0.8538
v 1.4306 2.5406 0.8398
v 2.3969 2.5139 1.4071
v 1.7124 2.9929 1.0053
v 2.8168 0.187 1.6536
v 2.8101 0.2061 1.6497
v 2.683 0.3837 1.5751
v 2.6633 0.3936 1.5635
v 2.4218 0.3936 1.4217
v 2.4084 0.41 1.4138
v 2.636 2.2918 1.5475
v 2.3843 2.5255 1.3997
v 2.6492 2.2795 1.5552
v 2.6492 1.8696 1.5552
v 2.4084 1.8696 1.4138
v 1.545 3.3127 0.907
v 1.7167 2.9847 1.0078
v 1.4306 2.9847 0.8398
v 1.4306 2.5255 0.8398
v 1.4306 2.8481 0.8398
v 2.4084 1.0496 1.4138
v 2.4084 1.5416 1.4138
v 1.236 3.4767 0.7256
v 1.4306 2.8202 0.8398
v 1.4306 2.6622 0.8398
v 2.4084 1.5182 1.4138
v 1.4306 2.6294 0.8398
v 2.4084 0.3936 1.4138
v 2.676 0.3936 1.5709
v 2.8168 0.1968 1.6536
v 2.8168 0 1.6536
v 2.6492 1.889 1.5552
v 2.4198 1.8696 1.4206
v 2.6492 2.259 1.5552
v 1.7024 2.9847 0.9994
v 1.4306 2.9779 0.8398
v 2.6372 1.8696 1.5482
v 2.4084 1.8532 1.4138
v 2.4084 1.0742 1.4138
v 1.2136 2.9847 0.9809
v 0.2427 2.9847 1.5415
v 0.267 2.9847 1.5274
v 1.1899 2.9847 0.9946
v 1.4563 2.9847 0.8408
v 0.0121 2.9847 1.6746
v 1.4442 2.9847 0.8478
v 0 0 3.2799
v 0 0.1968 3.2799
v 0 0.3936 3.1159
v 0 0.3936 2.8043
v 0 1.8696 2.8043
v 0 1.8696 3.0848
v 0 2.2795 3.0848
v 0 2.5255 2.7763
v 0 2.5255 1.6658
v 0 2.9847 1.6658
v 0 2.9847 1.9989
v 0 3.3127 1.799
v 0 3.4767 1.4392
v -0.4734 0 3.0066
v -2.3671 0 1.9133
v -0.4734 0.1968 3.0066
v -2.3671 0.1968 1.9133
v -0.4497 0.3936 2.8563
v -2.2487 0.3936 1.8176
v -0.4048 0.3936 2.5706
v -2.0238 0.3936 1.6359
v -0.4048 1.8696 2.5706
v -2.0238 1.8696 1.6359
v -0.4452 1.8696 2.8277
v -2.2262 1.8696 1.7994
v -0.4452 2.2795 2.8277
v -2.2262 2.2795 1.7994
v -0.4007 2.5255 2.5449
v -2.0036 2.5255 1.6195
v -0.2404 2.5255 1.527
v -1.2022 2.5255 0.9717
v -0.2404 2.9847 1.527
v -1.2022 2.9847 0.9717
v -0.2885 2.9847 1.8323
v -1.4426 2.9847 1.166
v -0.2597 3.3127 1.6491
v -1.2983 3.3127 1.0494
v -0.2077 3.4767 1.3193
v -1.0387 3.4767 0.8395
v 0 1.0496 2.8043
v 0 1.5416 2.8043
v -0.4048 1.5416 2.5706
v -0.4048 1.0496 2.5706
v -2.0238 1.5416 1.6359
v -2.0238 1.0496 1.6359
v 0 2.6294 1.6658
v 0 2.8481 1.6658
v -0.2404 2.8481 1.527
v -0.2404 2.6294 1.527
v -1.2022 2.8481 0.9717
v -1.2022 2.6294 0.9717
v -0.4332 1.0824 2.5542
v -0.4332 1.5088 2.5542
v -1.9954 1.0824 1.6523
v -1.9954 1.5088 1.6523
v -0.2688 2.6622 1.5106
v -0.2688 2.8153 1.5106
v -1.1738 2.6622 0.9881
v -1.1738 2.8153 0.9881
v -0.425 1.0824 2.54
v -0.425 1.5088 2.54
v -1.9872 1.0824 1.6381
v -1.9872 1.5088 1.6381
v -0.0314 1.0824 1.8583
v -0.0314 1.5088 1.8583
v -1.5937 1.0824 0.9563
v -1.5937 1.5088 0.9563
v -0.0232 1.0824 1.8441
v -0.0232 1.5088 1.8441
v -1.5855 1.0824 0.9421
v -1.5855 1.5088 0.9421
v -0.0516 1.1152 1.8277
v -0.0516 1.476 1.8277
v -1.5571 1.1152 0.9585
v -1.5571 1.476 0.9585
v -0.2606 2.6622 1.4964
v -0.2606 2.8153 1.4964
v -1.1656 2.6622 0.9739
v -1.1656 2.8153 0.9739
v -0.113 2.6622 1.2407
v -0.113 2.8153 1.2407
v -1.018 2.6622 0.7183
v -1.018 2.8153 0.7183
v -0.1048 2.6622 1.2265
v -0.1048 2.8153 1.2265
v -1.0098 2.6622 0.7041
v -1.0098 2.8153 0.7041
v -0.1332 2.695 1.2101
v -0.1332 2.7825 1.2101
v -0.9814 2.695 0.7205
v -0.9814 2.7825 0.7205
v -2.3197 0 1.9406
v -2.3197 0.1968 1.9406
v -2.2037 0.3936 1.8436
v -1.9834 0.3936 1.6592
v -1.9834 1.8696 1.6592
v -2.1817 1.8696 1.8252
v -2.1817 2.2795 1.8252
v -1.9635 2.5255 1.6426
v -1.1781 2.5255 0.9856
v -1.1781 2.9847 0.9856
v -1.4137 2.9847 1.1827
v -1.2724 3.3127 1.0644
v -1.0179 3.4767 0.8515
v -1.9834 1.5416 1.6592
v -1.9834 1.0496 1.6592
v -1.1781 2.8481 0.9856
v -1.1781 2.6294 0.9856
v -1.9564 1.0824 1.6748
v -1.1511 2.8153 1.0012
v -1.1511 2.6622 1.0012
v -1.9564 1.5088 1.6748
v -1.9482 1.5088 1.6606
v -1.9482 1.0824 1.6606
v -1.5546 1.5088 0.9789
v -1.5546 1.0824 0.9789
v -1.5464 1.5088 0.9647
v -1.5464 1.0824 0.9647
v -1.5194 1.476 0.9803
v -1.5194 1.1152 0.9803
v -1.1429 2.8153 0.987
v -1.1429 2.6622 0.987
v -0.9953 2.8153 0.7313
v -0.9953 2.6622 0.7313
v -0.9871 2.8153 0.7171
v -0.9871 2.6622 0.7171
v -0.9602 2.7825 0.7327
v -0.9602 2.695 0.7327
v -0.2909 2.8153 1.4978
v -0.4713 1.0824 2.5322
v -0.2639 2.6294 1.5134
v -0.2639 2.8481 1.5134
v -0.4442 1.0496 2.5478
v -0.4442 1.5416 2.5478
v -0.228 3.4767 1.3076
v -0.2404 2.8202 1.527
v -0.4332 1.4885 2.5542
v -0.2404 2.6622 1.527
v -0.9814 2.7713 0.7205
v -0.1332 2.7713 1.2101
v -0.1048 2.6852 1.2265
v -1.0098 2.6852 0.7041
v -1.018 2.7957 0.7183
v -0.113 2.7957 1.2407
v -1.2022 2.6622 0.9717
v -2.0238 1.5182 1.6359
v -0.4048 1.5182 2.5706
v -1.0098 2.7957 0.7041
v -0.1269 2.8153 1.2138
v -0.1351 2.6622 1.228
v -0.1351 2.8153 1.228
v -0.2827 2.6622 1.4836
v -0.1539 2.7713 1.1982
v -0.4442 0.3936 2.5478
v -0.4936 0.3936 2.8309
v -0.5196 0.1968 2.9799
v -0.5196 0 2.9799
v 0 1.0742 2.8043
v -0.4048 1.0742 2.5706
v -0.4398 2.5255 2.5224
v -0.4887 2.2795 2.8026
v -0.4887 1.8696 2.8026
v -0.4442 1.8696 2.5478
v -0.2606 2.7957 1.4964
v -0.2688 2.6852 1.5106
v -1.1738 2.6852 0.9881
v -0.9602 2.7713 0.7327
v -1.5937 1.1037 0.9563
v -0.1539 2.7081 1.1982
v -0.9602 2.7081 0.7327
v -0.9814 2.7081 0.7205
v -1.9872 1.4885 1.6381
v -1.9954 1.4885 1.6523
v -0.1539 2.695 1.1982
v -0.1539 2.7825 1.1982
v -0.1269 2.6622 1.2138
v -1.1738 2.7957 0.9881
v -0.2688 2.7957 1.5106
v -0.113 2.6852 1.2407
v -1.018 2.6852 0.7183
v -0.4332 1.1037 2.5542
v -1.9954 1.1037 1.6523
v -1.1656 2.7957 0.9739
v -0.2827 2.8153 1.4836
v -0.0883 1.1152 1.8065
v -0.0883 1.476 1.8065
v -0.0613 1.0824 1.8221
v -0.425 1.4885 2.54
v -1.5571 1.4588 0.9585
v -0.0516 1.4588 1.8277
v -0.425 1.1037 2.54
v -1.9872 1.1037 1.6381
v -0.0314 1.1037 1.8583
v -0.0613 1.5088 1.8221
v -0.0695 1.0824 1.8363
v -0.0695 1.5088 1.8363
v -0.4631 1.0824 2.518
v -1.2022 2.8202 0.9717
v -1.5937 1.4885 0.9563
v -0.0314 1.4885 1.8583
v -0.1332 2.7081 1.2101
v -2.0238 1.0742 1.6359
v -0.1048 2.7957 1.2265
v 0 2.8202 1.6658
v -0.0883 1.4588 1.8065
v 0 1.5182 2.8043
v -1.5194 1.4588 0.9803
v -0.4631 1.5088 2.518
v -0.4713 1.5088 2.5322
v -0.2909 2.6622 1.4978
v -1.5855 1.4885 0.9421
v -0.285 3.3127 1.6345
v -0.3166 2.9847 1.8161
v -0.2639 2.9847 1.5134
v -0.2639 2.5255 1.5134
v -0.0232 1.4885 1.8441
v -0.0883 1.1332 1.8065
v -1.5194 1.1332 0.9803
v -1.1656 2.6852 0.9739
v -0.2606 2.6852 1.4964
v -1.5571 1.1332 0.9585
v -0.0516 1.1332 1.8277
v -1.5855 1.1037 0.9421
v -0.0232 1.1037 1.8441
v 0 1.8532 2.8043
v -0.4048 1.8532 2.5706
v -2.0238 1.8532 1.6359
v -1.9834 1.8532 1.6592
v -0.4442 1.8532 2.5478
v -2.2161 1.8696 1.7913
v -0.4432 1.8696 2.8148
v 0 1.8696 3.0707
v -0.4864 1.8696 2.7899
v -2.1718 1.8696 1.8169
v 0 2.9779 1.6658
v -0.2404 2.9779 1.527
v -1.2022 2.9779 0.9717
v -1.1781 2.9779 0.9856
v -0.2639 2.9779 1.5134
v 0 2.9847 1.9823
v -0.2861 2.9847 1.8171
v -1.4306 2.9847 1.1563
v -1.402 2.9847 1.1728
v -0.314 2.9847 1.801
v 0 2.259 3.0848
v -0.4452 2.259 2.8277
v -2.2262 2.259 1.7994
v -2.1817 2.259 1.8252
v -0.4887 2.259 2.8026
v -0.4067 1.8696 2.5828
v -2.0335 1.8696 1.6436
v -1.9928 1.8696 1.6671
v -0.4463 1.8696 2.56
v 0 1.8696 2.8176
v -0.4887 1.889 2.8026
v -2.1817 1.889 1.8252
v -2.2262 1.889 1.7994
v -0.4452 1.889 2.8277
v 0 1.889 3.0848
v 0 2.2918 3.0693
v -0.443 2.2918 2.8136
v -2.2151 2.2918 1.7904
v -2.1708 2.2918 1.816
v -0.4862 2.2918 2.7886
v -0.4048 0.41 2.5706
v -2.0238 0.41 1.6359
v 0 0.41 2.8043
v -1.9834 0.41 1.6592
v -0.4442 0.41 2.5478
v 0 0.3936 2.8199
v -0.407 0.3936 2.5849
v -2.0351 0.3936 1.6449
v -1.9944 0.3936 1.6684
v -0.4467 0.3936 2.562
v -0.4476 0.3936 2.8427
v -2.238 0.3936 1.809
v -2.1933 0.3936 1.8348
v -0.4912 0.3936 2.8175
v 0 0.3936 3.1011
v -2.2546 0.3837 1.8224
v -0.4509 0.3837 2.8638
v 0 0.3837 3.1241
v -0.4949 0.3837 2.8384
v -2.2095 0.3837 1.8484
v -0.4723 0.2061 2.9994
v -2.3615 0.2061 1.9087
v -2.3142 0.2061 1.936
v -0.5183 0.2061 2.9729
v 0 0.2061 3.2721
v -0.5196 0.187 2.9799
v -2.3197 0.187 1.9406
v -2.3671 0.187 1.9133
v -0.4734 0.187 3.0066
v 0 0.187 3.2799
v -0.2878 2.9929 1.8278
v -1.439 2.9929 1.1631
v -1.4102 2.9929 1.1797
v -0.3159 2.9929 1.8116
v 0 2.5139 2.7909
v -0.4028 2.5139 2.5584
v -2.0142 2.5139 1.628
v -1.9739 2.5139 1.6513
v -0.4421 2.5139 2.5357
v -1.2222 2.5255 0.9879
v -0.2444 2.5255 1.5524
v -1.1781 2.5406 0.9856
v -0.2639 2.5406 1.5134
v -0.2683 2.5255 1.5386
v -1.1978 2.5255 1.002
v 0 2.5406 1.6658
v -1.2022 2.5406 0.9717
v -0.2404 2.5406 1.527
v -0.3968 2.5255 2.5201
v -1.9841 2.5255 1.6037
v -1.9444 2.5255 1.6266
v -0.4355 2.5255 2.4978
v 0 2.5255 2.7492
v -2.8168 0 1.6536
v -2.8168 0.1968 1.6536
v -2.676 0.3936 1.5709
v -2.4084 0.3936 1.4139
v -2.4084 1.8696 1.4139
v -2.6492 1.8696 1.5552
v -2.6492 2.2795 1.5552
v -2.3843 2.5255 1.3997
v -1.4306 2.5255 0.8398
v -1.4306 2.9847 0.8398
v -1.7167 2.9847 1.0078
v -1.545 3.3127 0.907
v -1.236 3.4767 0.7256
v -2.4084 1.5416 1.4139
v -2.4084 1.0496 1.4139
v -1.4306 2.8481 0.8398
v -1.4306 2.6294 0.8398
v -2.4084 1.5182 1.4139
v -1.4306 2.8202 0.8398
v -1.4306 2.6622 0.8398
v -2.4084 1.0742 1.4139
v -2.4084 1.8532 1.4139
v -2.6372 1.8696 1.5482
v -1.4306 2.9779 0.8398
v -1.7024 2.9847 0.9994
v -2.6492 2.259 1.5552
v -2.4198 1.8696 1.4206
v -2.6492 1.889 1.5552
v -2.636 2.2918 1.5475
v -2.4084 0.41 1.4139
v -2.4218 0.3936 1.4217
v -2.6633 0.3936 1.5635
v -2.683 0.3837 1.5751
v -2.8101 0.2061 1.6497
v -2.8168 0.187 1.6536
v -1.7124 2.9929 1.0053
v -2.3969 2.5139 1.4071
v -1.4306 2.5406 0.8398
v -1.4544 2.5255 0.8538
v -2.361 2.5255 1.3861
v -0.0198 2.5255 2.7378
v -0.0122 2.5255 1.6865
v -0.012 2.5406 1.6588
v -0.0201 2.5139 2.7793
v -0.0144 2.9929 1.9856
v -0.0237 0.187 3.2662
v -0.0236 0.2061 3.2585
v -0.0225 0.3837 3.1111
v -0.0224 0.3936 3.0882
v -0.0204 0.3936 2.8082
v -0.0202 0.41 2.7926
v -0.0221 2.2918 3.0565
v -0.02 2.5255 2.7647
v -0.0223 2.2795 3.0719
v -0.0223 1.8696 3.0719
v -0.0202 1.8696 2.7926
v -0.013 3.3127 1.7915
v -0.0144 2.9847 1.9906
v -0.012 2.9847 1.6588
v -0.012 2.5255 1.6588
v -0.012 2.8481 1.6588
v -0.0202 1.0496 2.7926
v -0.0202 1.5416 2.7926
v -0.0104 3.4767 1.4332
v -0.012 2.8202 1.6588
v -0.012 2.6622 1.6588
v -0.0202 1.5182 2.7926
v -0.012 2.6294 1.6588
v -0.0202 0.3936 2.7926
v -0.0225 0.3936 3.1029
v -0.0237 0.1968 3.2662
v -0.0237 0 3.2662
v -0.0223 1.889 3.0719
v -0.0203 1.8696 2.8059
v -0.0223 2.259 3.0719
v -0.0143 2.9847 1.974
v -0.012 2.9779 1.6588
v -0.0222 1.8696 3.0579
v -0.0202 1.8532 2.7926
v -0.0202 1.0742 2.7926
v -0.2427 2.9847 1.5415
v -1.2136 2.9847 0.9809
v -1.1893 2.9847 0.9949
v -0.2664 2.9847 1.5278
v 0 2.9847 1.6816
v -1.4442 2.9847 0.8478
v -0.0121 2.9847 1.6746
v -2.8405 0 1.64
v -2.8405 0.1968 1.64
v -2.6985 0.3936 1.558
v -2.4286 0.3936 1.4022
v -2.4286 1.8696 1.4022
v -2.6715 1.8696 1.5424
v -2.6715 2.2795 1.5424
v -2.4043 2.5255 1.3881
v -1.4426 2.5255 0.8329
v -1.4426 2.9847 0.8329
v -1.7311 2.9847 0.9995
v -1.558 3.3127 0.8995
v -1.2464 3.4767 0.7196
v -2.8405 0 1.0933
v -2.8405 0 -1.0933
v -2.8405 0.1968 1.0933
v -2.8405 0.1968 -1.0933
v -2.6985 0.3936 1.0386
v -2.6985 0.3936 -1.0386
v -2.4286 0.3936 0.9348
v -2.4286 0.3936 -0.9348
v -2.4286 1.8696 0.9348
v -2.4286 1.8696 -0.9348
v -2.6715 1.8696 1.0283
v -2.6715 1.8696 -1.0283
v -2.6715 2.2795 1.0283
v -2.6715 2.2795 -1.0283
v -2.4043 2.5255 0.9254
v -2.4043 2.5255 -0.9254
v -1.4426 2.5255 0.5553
v -1.4426 2.5255 -0.5553
v -1.4426 2.9847 0.5553
v -1.4426 2.9847 -0.5553
v -1.7311 2.9847 0.6663
v -1.7311 2.9847 -0.6663
v -1.558 3.3127 0.5997
v -1.558 3.3127 -0.5997
v -1.2464 3.4767 0.4797
v -1.2464 3.4767 -0.4797
v -2.4286 1.0496 1.4022
v -2.4286 1.5416 1.4022
v -2.4286 1.5416 0.9348
v -2.4286 1.0496 0.9348
v -2.4286 1.5416 -0.9348
v -2.4286 1.0496 -0.9348
v -1.4426 2.6294 0.8329
v -1.4426 2.8481 0.8329
v -1.4426 2.8481 0.5553
v -1.4426 2.6294 0.5553
v -1.4426 2.8481 -0.5553
v -1.4426 2.6294 -0.5553
v -2.4286 1.5088 -0.902
v -1.4426 2.6622 0.5225
v -1.4426 2.8153 0.5225
v -1.4426 2.6622 -0.5225
v -1.4426 2.8153 -0.5225
v -2.4286 1.0824 0.902
v -2.4286 1.5088 0.902
v -2.4286 1.0824 -0.902
v -2.4122 1.0824 0.902
v -2.4122 1.5088 0.902
v -2.4122 1.0824 -0.902
v -2.4122 1.5088 -0.902
v -1.625 1.0824 0.902
v -1.625 1.5088 0.902
v -1.625 1.0824 -0.902
v -1.625 1.5088 -0.902
v -1.6086 1.0824 0.902
v -1.6086 1.5088 0.902
v -1.6086 1.0824 -0.902
v -1.6086 1.5088 -0.902
v -1.6086 1.1152 0.8692
v -1.6086 1.476 0.8692
v -1.6086 1.1152 -0.8692
v -1.6086 1.476 -0.8692
v -1.4262 2.6622 0.5225
v -1.4262 2.8153 0.5225
v -1.4262 2.6622 -0.5225
v -1.4262 2.8153 -0.5225
v -1.131 2.6622 0.5225
v -1.131 2.8153 0.5225
v -1.131 2.6622 -0.5225
v -1.131 2.8153 -0.5225
v -1.1146 2.6622 0.5225
v -1.1146 2.8153 0.5225
v -1.1146 2.6622 -0.5225
v -1.1146 2.8153 -0.5225
v -1.1146 2.695 0.4897
v -1.1146 2.7825 0.4897
v -1.1146 2.695 -0.4897
v -1.1146 2.7825 -0.4897
v -2.8405 0 -1.0386
v -2.8405 0.1968 -1.0386
v -2.6985 0.3936 -0.9867
v -2.4286 0.3936 -0.888
v -2.4286 1.8696 -0.888
v -2.6715 1.8696 -0.9768
v -2.6715 2.2795 -0.9768
v -2.4043 2.5255 -0.8792
v -1.4426 2.5255 -0.5275
v -1.4426 2.9847 -0.5275
v -1.7311 2.9847 -0.633
v -1.558 3.3127 -0.5697
v -1.2464 3.4767 -0.4558
v -2.4286 1.5416 -0.888
v -2.4286 1.0496 -0.888
v -1.4426 2.8481 -0.5275
v -1.4426 2.6294 -0.5275
v -1.4426 2.8153 -0.4963
v -1.4426 2.6622 -0.4963
v -2.4286 1.5088 -0.8569
v -2.4286 1.0824 -0.8569
v -2.4122 1.5088 -0.8569
v -2.4122 1.0824 -0.8569
v -1.625 1.5088 -0.8569
v -1.625 1.0824 -0.8569
v -1.6086 1.5088 -0.8569
v -1.6086 1.0824 -0.8569
v -1.6086 1.476 -0.8257
v -1.6086 1.1152 -0.8257
v -1.4262 2.8153 -0.4963
v -1.4262 2.6622 -0.4963
v -1.131 2.8153 -0.4963
v -1.131 2.6622 -0.4963
v -1.1146 2.8153 -0.4963
v -1.1146 2.6622 -0.4963
v -1.1146 2.7825 -0.4652
v -1.1146 2.695 -0.4652
v -1.4426 2.8153 0.497
v -2.4286 1.5088 0.858
v -1.4426 2.6294 0.5282
v -1.4426 2.8481 0.5282
v -2.4286 1.0496 0.8892
v -2.4286 1.5416 0.8892
v -1.2464 3.4767 0.4564
v -1.4426 2.8202 0.5553
v -2.4286 1.4885 0.902
v -1.4426 2.6622 0.5553
v -1.1146 2.7713 -0.4897
v -1.1146 2.7713 0.4897
v -1.1146 2.6852 0.5225
v -1.1146 2.6852 -0.5225
v -1.131 2.7957 -0.5225
v -1.131 2.7957 0.5225
v -1.4426 2.6622 -0.5553
v -2.4286 1.5182 -0.9348
v -2.4286 1.5182 0.9348
v -1.1146 2.7957 -0.5225
v -1.1146 2.8153 0.497
v -1.131 2.6622 0.497
v -1.131 2.8153 0.497
v -1.4262 2.6622 0.497
v -1.1146 2.7713 0.4658
v -2.4286 0.3936 0.8892
v -2.6985 0.3936 0.988
v -2.8405 0.1968 1.04
v -2.8405 0 1.04
v -2.4286 1.0742 1.4022
v -2.4286 1.0742 0.9348
v -2.4043 2.5255 0.8803
v -2.6715 2.2795 0.9781
v -2.6715 1.8696 0.9781
v -2.4286 1.8696 0.8892
v -1.4262 2.7957 0.5225
v -1.4426 2.6852 0.5225
v -1.4426 2.6852 -0.5225
v -1.4426 2.6622 0.8329
v -1.1146 2.7713 -0.4652
v -1.625 1.1037 -0.902
v -1.1146 2.7081 0.4658
v -1.1146 2.7081 -0.4652
v -1.1146 2.7081 -0.4897
v -2.4122 1.4885 -0.902
v -1.1146 2.695 0.4658
v -1.1146 2.7825 0.4658
v -1.1146 2.6622 0.497
v -1.4426 2.7957 -0.5225
v -1.4426 2.7957 0.5225
v -1.131 2.6852 0.5225
v -1.131 2.6852 -0.5225
v -2.4286 1.1037 0.902
v -2.4286 1.1037 -0.902
v -1.4262 2.7957 -0.5225
v -1.4262 2.8153 0.497
v -1.6086 1.1152 0.8268
v -1.6086 1.476 0.8268
v -1.6086 1.0824 0.858
v -2.4122 1.4885 0.902
v -1.6086 1.4588 -0.8692
v -1.6086 1.4588 0.8692
v -2.4122 1.1037 0.902
v -2.4122 1.1037 -0.902
v -1.625 1.1037 0.902
v -1.6086 1.5088 0.858
v -1.625 1.0824 0.858
v -1.625 1.5088 0.858
v -2.4122 1.0824 0.858
v -1.4426 2.8202 -0.5553
v -1.625 1.4885 -0.902
v -1.625 1.4885 0.902
v -1.1146 2.7081 0.4897
v -2.4286 1.0742 -0.9348
v -1.1146 2.7957 0.5225
v -1.4426 2.8202 0.8329
v -1.6086 1.4588 0.8268
v -2.4286 1.5182 1.4022
v -1.6086 1.4588 -0.8257
v -2.4122 1.5088 0.858
v -2.4286 1.0824 0.858
v -1.4426 2.6622 0.497
v -1.6086 1.4885 -0.902
v -1.558 3.3127 0.5704
v -1.7311 2.9847 0.6338
v -1.4426 2.9847 0.5282
v -1.4426 2.5255 0.5282
v -1.6086 1.4885 0.902
v -2.4286 1.4885 -0.902
v -1.6086 1.1332 0.8268
v -1.6086 1.1332 -0.8257
v -1.4262 2.6852 -0.5225
v -1.4262 2.6852 0.5225
v -1.6086 1.1332 -0.8692
v -1.6086 1.1332 0.8692
v -1.6086 1.1037 -0.902
v -1.6086 1.1037 0.902
v -2.4286 1.8532 1.4022
v -2.4286 1.8532 0.9348
v -2.4286 1.8532 -0.9348
v -2.4286 1.8532 -0.888
v -2.4286 1.8532 0.8892
v -2.6593 1.8696 -1.0236
v -2.6593 1.8696 1.0236
v -2.6593 1.8696 1.5354
v -2.6593 1.8696 0.9737
v -2.6593 1.8696 -0.9724
v -1.4426 2.9779 0.8329
v -1.4426 2.9779 0.5553
v -1.4426 2.9779 -0.5553
v -1.4426 2.9779 -0.5275
v -1.4426 2.9779 0.5282
v -1.7167 2.9847 0.9911
v -1.7167 2.9847 0.6608
v -1.7167 2.9847 -0.6608
v -1.7167 2.9847 -0.6277
v -1.7167 2.9847 0.6285
v -2.6715 2.259 1.5424
v -2.6715 2.259 1.0283
v -2.6715 2.259 -1.0283
v -2.6715 2.259 -0.9768
v -2.6715 2.259 0.9781
v -2.4402 1.8696 0.9392
v -2.4402 1.8696 -0.9392
v -2.4402 1.8696 -0.8923
v -2.4402 1.8696 0.8934
v -2.4402 1.8696 1.4088
v -2.6715 1.889 0.9781
v -2.6715 1.889 -0.9768
v -2.6715 1.889 -1.0283
v -2.6715 1.889 1.0283
v -2.6715 1.889 1.5424
v -2.6581 2.2918 1.5347
v -2.6581 2.2918 1.0231
v -2.6581 2.2918 -1.0231
v -2.6581 2.2918 -0.972
v -2.6581 2.2918 0.9732
v -2.4286 0.41 0.9348
v -2.4286 0.41 -0.9348
v -2.4286 0.41 1.4022
v -2.4286 0.41 -0.888
v -2.4286 0.41 0.8892
v -2.4421 0.3936 1.41
v -2.4421 0.3936 0.94
v -2.4421 0.3936 -0.94
v -2.4421 0.3936 -0.893
v -2.4421 0.3936 0.8941
v -2.6856 0.3936 1.0337
v -2.6856 0.3936 -1.0337
v -2.6856 0.3936 -0.982
v -2.6856 0.3936 0.9833
v -2.6856 0.3936 1.5506
v -2.7056 0.3837 -1.0414
v -2.7056 0.3837 1.0414
v -2.7056 0.3837 1.5621
v -2.7056 0.3837 0.9906
v -2.7056 0.3837 -0.9893
v -2.8337 0.2061 1.0907
v -2.8337 0.2061 -1.0907
v -2.8337 0.2061 -1.0362
v -2.8337 0.2061 1.0375
v -2.8337 0.2061 1.6361
v -2.8405 0.187 1.04
v -2.8405 0.187 -1.0386
v -2.8405 0.187 -1.0933
v -2.8405 0.187 1.0933
v -2.8405 0.187 1.64
v -1.7268 2.9929 0.997
v -1.7268 2.9929 0.6646
v -1.7268 2.9929 -0.6646
v -1.7268 2.9929 -0.6314
v -1.7268 2.9929 0.6322
v -2.417 2.5139 1.3955
v -2.417 2.5139 0.9303
v -2.417 2.5139 -0.9303
v -2.417 2.5139 -0.8838
v -2.417 2.5139 0.885
v -1.4666 2.5255 -0.5645
v -1.4666 2.5255 0.5645
v -1.4666 2.5255 0.8468
v -1.4426 2.5406 -0.5275
v -1.4426 2.5406 0.5282
v -1.4666 2.5255 0.537
v -1.4666 2.5255 -0.5363
v -1.4426 2.5406 0.8329
v -1.4426 2.5406 -0.5553
v -1.4426 2.5406 0.5553
v -2.3809 2.5255 0.9164
v -2.3809 2.5255 -0.9164
v -2.3809 2.5255 -0.8706
v -2.3809 2.5255 0.8717
v -2.3809 2.5255 1.3746
v -2.8405 0 -1.6126
v -2.8405 0.1968 -1.6126
v -2.6985 0.3936 -1.532
v -2.4286 0.3936 -1.3788
v -2.4286 1.8696 -1.3788
v -2.6715 1.8696 -1.5167
v -2.6715 2.2795 -1.5167
v -2.4043 2.5255 -1.365
v -1.4426 2.5255 -0.819
v -1.4426 2.9847 -0.819
v -1.7311 2.9847 -0.9828
v -1.558 3.3127 -0.8845
v -1.2464 3.4767 -0.7076
v -2.4286 1.5416 -1.3788
v -2.4286 1.0496 -1.3788
v -1.4426 2.8481 -0.819
v -1.4426 2.6294 -0.819
v -2.4286 1.5182 -1.3788
v -1.4426 2.8202 -0.819
v -1.4426 2.6622 -0.819
v -2.4286 1.0742 -1.3788
v -2.4286 1.8532 -1.3788
v -2.6593 1.8696 -1.5098
v -1.4426 2.9779 -0.819
v -1.7167 2.9847 -0.9746
v -2.6715 2.259 -1.5167
v -2.4402 1.8696 -1.3853
v -2.6715 1.889 -1.5167
v -2.6581 2.2918 -1.5091
v -2.4286 0.41 -1.3788
v -2.4421 0.3936 -1.3865
v -2.6856 0.3936 -1.5247
v -2.7056 0.3837 -1.536
v -2.8337 0.2061 -1.6088
v -2.8405 0.187 -1.6126
v -1.7268 2.9929 -0.9803
v -2.417 2.5139 -1.3722
v -1.4426 2.5406 -0.819
v -1.4666 2.5255 -0.8327
v -2.3809 2.5255 -1.3517
v -2.3809 2.5255 1.3517
v -1.4666 2.5255 0.8327
v -1.4426 2.5406 0.819
v -2.417 2.5139 1.3722
v -1.7268 2.9929 0.9803
v -2.8405 0.187 1.6126
v -2.8337 0.2061 1.6088
v -2.7056 0.3837 1.536
v -2.6856 0.3936 1.5247
v -2.4421 0.3936 1.3865
v -2.4286 0.41 1.3788
v -2.6581 2.2918 1.5091
v -2.4043 2.5255 1.365
v -2.6715 2.2795 1.5167
v -2.6715 1.8696 1.5167
v -2.4286 1.8696 1.3788
v -1.558 3.3127 0.8845
v -1.7311 2.9847 0.9828
v -1.4426 2.9847 0.819
v -1.4426 2.5255 0.819
v -1.4426 2.8481 0.819
v -2.4286 1.0496 1.3788
v -2.4286 1.5416 1.3788
v -1.2464 3.4767 0.7076
v -1.4426 2.8202 0.819
v -1.4426 2.6622 0.819
v -2.4286 1.5182 1.3788
v -1.4426 2.6294 0.819
v -2.4286 0.3936 1.3788
v -2.6985 0.3936 1.532
v -2.8405 0.1968 1.6126
v -2.8405 0 1.6126
v -2.6715 1.889 1.5167
v -2.4402 1.8696 1.3853
v -2.6715 2.259 1.5167
v -1.7167 2.9847 0.9746
v -1.4426 2.9779 0.819
v -2.6593 1.8696 1.5098
v -2.4286 1.8532 1.3788
v -2.4286 1.0742 1.3788
v -1.4563 2.9847 0.5605
v -1.4563 2.9847 -0.5605
v -1.4563 2.9847 -0.5325
v -1.4563 2.9847 0.5332
v -1.4563 2.9847 0.8408
v -1.4563 2.9847 -0.8268
v -1.4563 2.9847 0.8268
v -2.8405 0 -1.64
v -0 0.1968 -3.2799
v -2.8405 0.1968 -1.64
v -0 0.3936 -3.1159
v -2.6985 0.3936 -1.558
v -0 0.3936 -2.8043
v -2.4286 0.3936 -1.4022
v -0 1.8696 -2.8043
v -2.4286 1.8696 -1.4022
v -0 1.8696 -3.0848
v -2.6715 1.8696 -1.5424
v -0 2.2795 -3.0848
v -2.6715 2.2795 -1.5424
v -0 2.5255 -2.7763
v -2.4043 2.5255 -1.3881
v -0 2.5255 -1.6658
v -1.4426 2.5255 -0.8329
v -0 2.9847 -1.6658
v -1.4426 2.9847 -0.8329
v -0 2.9847 -1.9989
v -1.7311 2.9847 -0.9995
v -0 3.3127 -1.799
v -1.558 3.3127 -0.8995
v -0 3.4767 -1.4392
v -1.2464 3.4767 -0.7196
v -2.3671 0 -1.9133
v -0.4734 0 -3.0066
v -2.3671 0.1968 -1.9133
v -0.4734 0.1968 -3.0066
v -2.2487 0.3936 -1.8176
v -0.4497 0.3936 -2.8563
v -2.0238 0.3936 -1.6359
v -0.4048 0.3936 -2.5706
v -2.0238 1.8696 -1.6359
v -0.4048 1.8696 -2.5706
v -2.2262 1.8696 -1.7994
v -0.4452 1.8696 -2.8277
v -2.2262 2.2795 -1.7994
v -0.4452 2.2795 -2.8277
v -2.0036 2.5255 -1.6195
v -0.4007 2.5255 -2.5449
v -1.2022 2.5255 -0.9717
v -0.2404 2.5255 -1.527
v -1.2022 2.9847 -0.9717
v -0.2404 2.9847 -1.527
v -1.4426 2.9847 -1.166
v -0.2885 2.9847 -1.8323
v -1.2983 3.3127 -1.0494
v -0.2597 3.3127 -1.6491
v -1.0387 3.4767 -0.8395
v -0.2077 3.4767 -1.3193
v -0 1.0496 -2.8043
v -0 1.5416 -2.8043
v -2.4286 1.0496 -1.4022
v -2.4286 1.5416 -1.4022
v -2.0238 1.5416 -1.6359
v -2.0238 1.0496 -1.6359
v -0.4048 1.5416 -2.5706
v -0.4048 1.0496 -2.5706
v -0 2.6294 -1.6658
v -0 2.8481 -1.6658
v -1.4426 2.6294 -0.8329
v -1.4426 2.8481 -0.8329
v -1.2022 2.8481 -0.9717
v -1.2022 2.6294 -0.9717
v -0.2404 2.8481 -1.527
v -0.2404 2.6294 -1.527
v -1.9954 1.5088 -1.6523
v -0.4332 1.0824 -2.5542
v -0.4332 1.5088 -2.5542
v -1.1738 2.6622 -0.9881
v -1.1738 2.8153 -0.9881
v -0.2688 2.6622 -1.5106
v -0.2688 2.8153 -1.5106
v -1.9954 1.0824 -1.6523
v -1.9872 1.0824 -1.6381
v -1.9872 1.5088 -1.6381
v -0.425 1.0824 -2.54
v -0.425 1.5088 -2.54
v -1.5937 1.0824 -0.9563
v -1.5937 1.5088 -0.9563
v -0.0314 1.0824 -1.8583
v -0.0314 1.5088 -1.8583
v -1.5855 1.0824 -0.9421
v -1.5855 1.5088 -0.9421
v -0.0232 1.0824 -1.8441
v -0.0232 1.5088 -1.8441
v -1.5571 1.1152 -0.9585
v -1.5571 1.476 -0.9585
v -0.0516 1.1152 -1.8277
v -0.0516 1.476 -1.8277
v -1.1656 2.6622 -0.9739
v -1.1656 2.8153 -0.9739
v -0.2606 2.6622 -1.4964
v -0.2606 2.8153 -1.4964
v -1.018 2.6622 -0.7183
v -1.018 2.8153 -0.7183
v -0.113 2.6622 -1.2407
v -0.113 2.8153 -1.2407
v -1.0098 2.6622 -0.704
v -1.0098 2.8153 -0.704
v -0.1048 2.6622 -1.2265
v -0.1048 2.8153 -1.2265
v -0.9814 2.695 -0.7205
v -0.9814 2.7825 -0.7205
v -0.1332 2.695 -1.2101
v -0.1332 2.7825 -1.2101
v -0.5208 0 -2.9793
v -0.5208 0.1968 -2.9793
v -0.4947 0.3936 -2.8303
v -0.4452 0.3936 -2.5473
v -0.4452 1.8696 -2.5473
v -0.4898 1.8696 -2.802
v -0.4898 2.2795 -2.802
v -0.4408 2.5255 -2.5218
v -0.2645 2.5255 -1.5131
v -0.2645 2.9847 -1.5131
v -0.3174 2.9847 -1.8157
v -0.2856 3.3127 -1.6341
v -0.2285 3.4767 -1.3073
v -0.4452 1.5416 -2.5473
v -0.4452 1.0496 -2.5473
v -0.2645 2.8481 -1.5131
v -0.2645 2.6294 -1.5131
v -0.4722 1.0824 -2.5317
v -0.2915 2.8153 -1.4975
v -0.2915 2.6622 -1.4975
v -0.4722 1.5088 -2.5317
v -0.464 1.5088 -2.5175
v -0.464 1.0824 -2.5175
v -0.0704 1.5088 -1.8358
v -0.0704 1.0824 -1.8358
v -0.0622 1.5088 -1.8216
v -0.0622 1.0824 -1.8216
v -0.0892 1.476 -1.806
v -0.0892 1.1152 -1.806
v -0.2833 2.8153 -1.4833
v -0.2833 2.6622 -1.4833
v -0.1357 2.8153 -1.2276
v -0.1357 2.6622 -1.2276
v -0.1275 2.8153 -1.2134
v -0.1275 2.6622 -1.2134
v -0.1545 2.7825 -1.1979
v -0.1545 2.695 -1.1979
v -1.1517 2.8153 -1.0008
v -1.1787 2.6294 -0.9852
v -1.1787 2.8481 -0.9852
v -1.9844 1.0496 -1.6586
v -1.9844 1.5416 -1.6586
v -1.0184 3.4767 -0.8512
v -1.2022 2.8202 -0.9717
v -1.9954 1.4885 -1.6523
v -1.2022 2.6622 -0.9717
v -0.1332 2.7713 -1.2101
v -0.9814 2.7713 -0.7205
v -1.0098 2.6852 -0.704
v -0.1048 2.6852 -1.2265
v -0.113 2.7957 -1.2407
v -1.018 2.7957 -0.7183
v -0.2404 2.6622 -1.527
v -0.4048 1.5182 -2.5706
v -2.0238 1.5182 -1.6359
v -0.1048 2.7957 -1.2265
v -0.9877 2.8153 -0.7168
v -0.9959 2.6622 -0.731
v -0.9959 2.8153 -0.731
v -1.1435 2.6622 -0.9866
v -0.9607 2.7713 -0.7324
v -1.9844 0.3936 -1.6586
v -2.2049 0.3936 -1.8429
v -2.3209 0.1968 -1.9399
v -2.3209 0 -1.9399
v -0 1.0742 -2.8043
v -2.4286 1.0742 -1.4022
v -2.0238 1.0742 -1.6359
v -1.9645 2.5255 -1.6421
v -2.1828 2.2795 -1.8245
v -2.1828 1.8696 -1.8245
v -1.9844 1.8696 -1.6586
v -1.1656 2.7957 -0.9739
v -0.4332 1.1037 -2.5542
v -1.1738 2.6852 -0.9881
v -0.2688 2.6852 -1.5106
v -1.4426 2.6622 -0.8329
v -0.1545 2.7713 -1.1979
v -0.0314 1.1037 -1.8583
v -0.9607 2.7081 -0.7324
v -0.1545 2.7081 -1.1979
v -0.1332 2.7081 -1.2101
v -0.425 1.4885 -2.54
v -0 2.6622 -1.6658
v -0.4332 1.4885 -2.5542
v -0.9607 2.695 -0.7324
v -0.9607 2.7825 -0.7324
v -0.9877 2.6622 -0.7168
v -0.2688 2.7957 -1.5106
v -1.1738 2.7957 -0.9881
v -1.018 2.6852 -0.7183
v -0.113 2.6852 -1.2407
v -1.9954 1.1037 -1.6523
v -0.2606 2.7957 -1.4964
v -1.1435 2.8153 -0.9866
v -1.5204 1.1152 -0.9797
v -1.5204 1.476 -0.9797
v -1.5474 1.0824 -0.9641
v -1.9872 1.4885 -1.6381
v -0.0516 1.4588 -1.8277
v -1.5571 1.4588 -0.9585
v -1.9872 1.1037 -1.6381
v -0.425 1.1037 -2.54
v -1.5937 1.1037 -0.9563
v -1.5474 1.5088 -0.9641
v -1.5556 1.0824 -0.9783
v -1.5556 1.5088 -0.9783
v -1.9492 1.0824 -1.66
v -0.2404 2.8202 -1.527
v -0.0314 1.4885 -1.8583
v -1.5937 1.4885 -0.9563
v -0.9814 2.7081 -0.7205
v -0.4048 1.0742 -2.5706
v -1.0098 2.7957 -0.704
v -1.4426 2.8202 -0.8329
v -0 2.8202 -1.6658
v -1.5204 1.4588 -0.9797
v -2.4286 1.5182 -1.4022
v -0.0892 1.4588 -1.806
v -1.9492 1.5088 -1.66
v -1.9574 1.0824 -1.6742
v -1.9574 1.5088 -1.6742
v -1.1517 2.6622 -1.0008
v -0.0232 1.4885 -1.8441
v -1.273 3.3127 -1.0641
v -1.4145 2.9847 -1.1823
v -1.1787 2.9847 -0.9852
v -1.1787 2.5255 -0.9852
v -1.5855 1.4885 -0.9421
v -0 1.5182 -2.8043
v -1.5204 1.1332 -0.9797
v -0.0892 1.1332 -1.806
v -0.2606 2.6852 -1.4964
v -1.1656 2.6852 -0.9739
v -0.0516 1.1332 -1.8277
v -1.5571 1.1332 -0.9585
v -0.0232 1.1037 -1.8441
v -1.5855 1.1037 -0.9421
v -2.4286 1.8532 -1.4022
v -2.0238 1.8532 -1.6359
v -0.4048 1.8532 -2.5706
v -0.4452 1.8532 -2.5473
v -1.9844 1.8532 -1.6586
v -0.4432 1.8696 -2.8148
v -2.2161 1.8696 -1.7913
v -2.6593 1.8696 -1.5354
v -0 1.8696 -3.0707
v -2.1729 1.8696 -1.8162
v -0.4875 1.8696 -2.7893
v -0 2.9779 -1.6658
v -1.4426 2.9779 -0.8329
v -1.2022 2.9779 -0.9717
v -0.2404 2.9779 -1.527
v -0.2645 2.9779 -1.5131
v -1.1787 2.9779 -0.9852
v -1.7167 2.9847 -0.9911
v -1.4306 2.9847 -1.1563
v -0.2861 2.9847 -1.8171
v -0.3147 2.9847 -1.8006
v -1.4027 2.9847 -1.1724
v -0 2.259 -3.0848
v -2.6715 2.259 -1.5424
v -2.2262 2.259 -1.7994
v -0.4452 2.259 -2.8277
v -0.4898 2.259 -2.802
v -2.1828 2.259 -1.8245
v -2.0335 1.8696 -1.6436
v -0.4067 1.8696 -2.5828
v -0.4474 1.8696 -2.5594
v -1.9938 1.8696 -1.6665
v -2.4402 1.8696 -1.4088
v -0 1.8696 -2.8176
v -2.1828 1.889 -1.8245
v -0.4898 1.889 -2.802
v -0.4452 1.889 -2.8277
v -2.2262 1.889 -1.7994
v -2.6715 1.889 -1.5424
v -0 1.889 -3.0848
v -0 2.2918 -3.0693
v -2.6581 2.2918 -1.5347
v -2.2151 2.2918 -1.7904
v -0.443 2.2918 -2.8136
v -0.4873 2.2918 -2.788
v -2.1719 2.2918 -1.8154
v -2.0238 0.41 -1.6359
v -0.4048 0.41 -2.5706
v -0 0.41 -2.8043
v -2.4286 0.41 -1.4022
v -0.4452 0.41 -2.5473
v -1.9844 0.41 -1.6586
v -0 0.3936 -2.8199
v -2.4421 0.3936 -1.41
v -2.0351 0.3936 -1.6449
v -0.407 0.3936 -2.5849
v -0.4477 0.3936 -2.5614
v -1.9954 0.3936 -1.6679
v -2.238 0.3936 -1.809
v -0.4476 0.3936 -2.8427
v -0.4924 0.3936 -2.8169
v -2.1944 0.3936 -1.8342
v -0 0.3936 -3.1011
v -2.6856 0.3936 -1.5506
v -0.4509 0.3837 -2.8638
v -2.2546 0.3837 -1.8224
v -2.7056 0.3837 -1.5621
v -0 0.3837 -3.1241
v -2.2107 0.3837 -1.8478
v -0.496 0.3837 -2.8377
v -2.3615 0.2061 -1.9087
v -0.4723 0.2061 -2.9994
v -0.5195 0.2061 -2.9722
v -2.3154 0.2061 -1.9353
v -2.8337 0.2061 -1.6361
v -0 0.2061 -3.2721
v -2.3209 0.187 -1.9399
v -0.5208 0.187 -2.9793
v -0.4734 0.187 -3.0066
v -2.3671 0.187 -1.9133
v -2.8405 0.187 -1.64
v -0 0.187 -3.2799
v -0 2.9929 -1.9939
v -1.7268 2.9929 -0.997
v -1.439 2.9929 -1.1631
v -0.2878 2.9929 -1.8278
v -0.3166 2.9929 -1.8112
v -1.4109 2.9929 -1.1793
v -0 2.5139 -2.7909
v -2.417 2.5139 -1.3955
v -2.0142 2.5139 -1.628
v -0.4028 2.5139 -2.5584
v -0.4431 2.5139 -2.5351
v -1.9749 2.5139 -1.6507
v -0.2444 2.5255 -1.5524
v -1.2222 2.5255 -0.9879
v -1.4666 2.5255 -0.8468
v -0 2.5255 -1.6935
v -0.2645 2.5406 -1.5131
v -1.1787 2.5406 -0.9852
v -1.1984 2.5255 -1.0017
v -0.2689 2.5255 -1.5383
v -1.4426 2.5406 -0.8329
v -0 2.5406 -1.6658
v -0.2404 2.5406 -1.527
v -1.2022 2.5406 -0.9717
v -1.9841 2.5255 -1.6037
v -0.3968 2.5255 -2.5201
v -0.4365 2.5255 -2.4972
v -1.9454 2.5255 -1.626
v -2.3809 2.5255 -1.3746
v -0 2.5255 -2.7492
v -0.0237 0 -3.2662
v -0.0237 0.1968 -3.2662
v -0.0225 0.3936 -3.1029
v -0.0202 0.3936 -2.7926
v -0.0202 1.8696 -2.7926
v -0.0223 1.8696 -3.0719
v -0.0223 2.2795 -3.0719
v -0.02 2.5255 -2.7647
v -0.012 2.5255 -1.6588
v -0.012 2.9847 -1.6588
v -0.0144 2.9847 -1.9906
v -0.013 3.3127 -1.7915
v -0.0104 3.4767 -1.4332
v -0.0202 1.5416 -2.7926
v -0.0202 1.0496 -2.7926
v -0.012 2.8481 -1.6588
v -0.012 2.6294 -1.6588
v -0.0202 1.5182 -2.7926
v -0.012 2.8202 -1.6588
v -0.012 2.6622 -1.6588
v -0.0202 1.0742 -2.7926
v -0.0202 1.8532 -2.7926
v -0.0222 1.8696 -3.0579
v -0.012 2.9779 -1.6588
v -0.0143 2.9847 -1.974
v -0.0223 2.259 -3.0719
v -0.0203 1.8696 -2.8059
v -0.0223 1.889 -3.0719
v -0.0222 2.2918 -3.0565
v -0.0202 0.41 -2.7926
v -0.0204 0.3936 -2.8082
v -0.0224 0.3936 -3.0882
v -0.0225 0.3837 -3.1111
v -0.0236 0.2061 -3.2585
v -0.0237 0.187 -3.2662
v -0.0144 2.9929 -1.9856
v -0.0201 2.5139 -2.7793
v -0.012 2.5406 -1.6588
v -0.0122 2.5255 -1.6865
v -0.0198 2.5255 -2.7378
v -2.3611 2.5255 -1.3861
v -1.4544 2.5255 -0.8538
v -1.4306 2.5406 -0.8398
v -2.3969 2.5139 -1.4071
v -1.7124 2.9929 -1.0053
v -2.8168 0.187 -1.6536
v -2.8101 0.2061 -1.6497
v -2.683 0.3837 -1.5751
v -2.6633 0.3936 -1.5635
v -2.4218 0.3936 -1.4217
v -2.4084 0.41 -1.4138
v -2.636 2.2918 -1.5475
v -2.3843 2.5255 -1.3997
v -2.6492 2.2795 -1.5552
v -2.6492 1.8696 -1.5552
v -2.4084 1.8696 -1.4138
v -1.545 3.3127 -0.907
v -1.7167 2.9847 -1.0078
v -1.4306 2.9847 -0.8398
v -1.4306 2.5255 -0.8398
v -1.4306 2.8481 -0.8398
v -2.4084 1.0496 -1.4138
v -2.4084 1.5416 -1.4138
v -1.236 3.4767 -0.7256
v -1.4306 2.8202 -0.8398
v -1.4306 2.6622 -0.8398
v -2.4084 1.5182 -1.4138
v -1.4306 2.6294 -0.8398
v -2.4084 0.3936 -1.4138
v -2.676 0.3936 -1.5709
v -2.8168 0.1968 -1.6536
v -2.8168 0 -1.6536
v -2.6492 1.889 -1.5552
v -2.4198 1.8696 -1.4206
v -2.6492 2.259 -1.5552
v -1.7024 2.9847 -0.9994
v -1.4306 2.9779 -0.8398
v -2.6372 1.8696 -1.5482
v -2.4084 1.8532 -1.4138
v -2.4084 1.0742 -1.4138
v -1.2136 2.9847 -0.9809
v -0.2427 2.9847 -1.5415
v -0.267 2.9847 -1.5274
v -1.1899 2.9847 -0.9946
v -0 2.9847 -1.6816
v -1.4563 2.9847 -0.8408
v -0.0121 2.9847 -1.6746
v -1.4442 2.9847 -0.8478
v 2.8405 0 -1.64
v 0 0 -3.2799
v 2.8405 0.1968 -1.64
v 2.6985 0.3936 -1.558
v 2.4286 0.3936 -1.4022
v 2.4286 1.8696 -1.4022
v 2.6715 1.8696 -1.5424
v 2.6715 2.2795 -1.5424
v 2.4043 2.5255 -1.3881
v 1.4426 2.5255 -0.8329
v 1.4426 2.9847 -0.8329
v 1.7311 2.9847 -0.9995
v 1.558 3.3127 -0.8995
v 1.2464 3.4767 -0.7196
v 0.4734 0 -3.0066
v 2.3671 0 -1.9133
v 0.4734 0.1968 -3.0066
v 2.3671 0.1968 -1.9133
v 0.4497 0.3936 -2.8563
v 2.2487 0.3936 -1.8176
v 0.4048 0.3936 -2.5706
v 2.0238 0.3936 -1.6359
v 0.4048 1.8696 -2.5706
v 2.0238 1.8696 -1.6359
v 0.4452 1.8696 -2.8277
v 2.2262 1.8696 -1.7994
v 0.4452 2.2795 -2.8277
v 2.2262 2.2795 -1.7994
v 0.4007 2.5255 -2.5449
v 2.0036 2.5255 -1.6195
v 0.2404 2.5255 -1.527
v 1.2022 2.5255 -0.9717
v 0.2404 2.9847 -1.527
v 1.2022 2.9847 -0.9717
v 0.2885 2.9847 -1.8323
v 1.4426 2.9847 -1.166
v 0.2597 3.3127 -1.6491
v 1.2983 3.3127 -1.0494
v 0.2077 3.4767 -1.3193
v 1.0387 3.4767 -0.8395
v 2.4286 1.0496 -1.4022
v 2.4286 1.5416 -1.4022
v 0.4048 1.5416 -2.5706
v 0.4048 1.0496 -2.5706
v 2.0238 1.5416 -1.6359
v 2.0238 1.0496 -1.6359
v 1.4426 2.6294 -0.8329
v 1.4426 2.8481 -0.8329
v 0.2404 2.8481 -1.527
v 0.2404 2.6294 -1.527
v 1.2022 2.8481 -0.9717
v 1.2022 2.6294 -0.9717
v 0.2688 2.6622 -1.5106
v 0.2688 2.8153 -1.5106
v 1.1738 2.6622 -0.9881
v 1.1738 2.8153 -0.9881
v 0.4332 1.0824 -2.5542
v 0.4332 1.5088 -2.5542
v 1.9954 1.0824 -1.6523
v 1.9954 1.5088 -1.6523
v 0.425 1.0824 -2.54
v 0.425 1.5088 -2.54
v 1.9872 1.0824 -1.6381
v 1.9872 1.5088 -1.6381
v 0.0314 1.0824 -1.8583
v 0.0314 1.5088 -1.8583
v 1.5937 1.0824 -0.9563
v 1.5937 1.5088 -0.9563
v 0.0232 1.0824 -1.8441
v 0.0232 1.5088 -1.8441
v 1.5855 1.0824 -0.9421
v 1.5855 1.5088 -0.9421
v 0.0516 1.1152 -1.8277
v 0.0516 1.476 -1.8277
v 1.5571 1.1152 -0.9585
v 1.5571 1.476 -0.9585
v 0.2606 2.6622 -1.4964
v 0.2606 2.8153 -1.4964
v 1.1656 2.6622 -0.9739
v 1.1656 2.8153 -0.9739
v 0.113 2.6622 -1.2407
v 0.113 2.8153 -1.2407
v 1.018 2.6622 -0.7183
v 1.018 2.8153 -0.7183
v 0.1048 2.6622 -1.2265
v 0.1048 2.8153 -1.2265
v 1.0098 2.6622 -0.7041
v 1.0098 2.8153 -0.7041
v 0.1332 2.695 -1.2101
v 0.1332 2.7825 -1.2101
v 0.9814 2.695 -0.7205
v 0.9814 2.7825 -0.7205
v 2.3197 0 -1.9406
v 2.3197 0.1968 -1.9406
v 2.2037 0.3936 -1.8436
v 1.9834 0.3936 -1.6592
v 1.9834 1.8696 -1.6592
v 2.1817 1.8696 -1.8252
v 2.1817 2.2795 -1.8252
v 1.9635 2.5255 -1.6426
v 1.1781 2.5255 -0.9856
v 1.1781 2.9847 -0.9856
v 1.4137 2.9847 -1.1827
v 1.2724 3.3127 -1.0644
v 1.0179 3.4767 -0.8515
v 1.9834 1.5416 -1.6592
v 1.9834 1.0496 -1.6592
v 1.1781 2.8481 -0.9856
v 1.1781 2.6294 -0.9856
v 1.1511 2.8153 -1.0012
v 1.1511 2.6622 -1.0012
v 1.9564 1.5088 -1.6748
v 1.9564 1.0824 -1.6748
v 1.9482 1.5088 -1.6606
v 1.9482 1.0824 -1.6606
v 1.5546 1.5088 -0.9789
v 1.5546 1.0824 -0.9789
v 1.5464 1.5088 -0.9647
v 1.5464 1.0824 -0.9647
v 1.5194 1.476 -0.9803
v 1.5194 1.1152 -0.9803
v 1.1429 2.8153 -0.987
v 1.1429 2.6622 -0.987
v 0.9953 2.8153 -0.7313
v 0.9953 2.6622 -0.7313
v 0.9871 2.8153 -0.7171
v 0.9871 2.6622 -0.7171
v 0.9602 2.7825 -0.7327
v 0.9602 2.695 -0.7327
v 0.2909 2.8153 -1.4978
v 0.4713 1.0824 -2.5322
v 0.2639 2.6294 -1.5134
v 0.2639 2.8481 -1.5134
v 0.4442 1.0496 -2.5478
v 0.4442 1.5416 -2.5478
v 0.228 3.4767 -1.3076
v 0.2404 2.8202 -1.527
v 0.2404 2.6622 -1.527
v 0.9814 2.7713 -0.7205
v 0.1332 2.7713 -1.2101
v 0.1048 2.6852 -1.2265
v 1.0098 2.6852 -0.7041
v 1.018 2.7957 -0.7183
v 0.113 2.7957 -1.2407
v 1.2022 2.6622 -0.9717
v 2.0238 1.5182 -1.6359
v 0.4048 1.5182 -2.5706
v 1.0098 2.7957 -0.7041
v 0.1269 2.8153 -1.2138
v 0.1351 2.6622 -1.228
v 0.1351 2.8153 -1.228
v 0.2827 2.6622 -1.4836
v 0.1539 2.7713 -1.1982
v 0.4442 0.3936 -2.5478
v 0.4936 0.3936 -2.8309
v 0.5196 0.1968 -2.9799
v 0.5196 0 -2.9799
v 2.4286 1.0742 -1.4022
v 0.4048 1.0742 -2.5706
v 0.4398 2.5255 -2.5224
v 0.4887 2.2795 -2.8026
v 0.4887 1.8696 -2.8026
v 0.4442 1.8696 -2.5478
v 0.2606 2.7957 -1.4964
v 1.9954 1.1037 -1.6523
v 0.2688 2.6852 -1.5106
v 1.1738 2.6852 -0.9881
v 0.9602 2.7713 -0.7327
v 1.5937 1.1037 -0.9563
v 0.1539 2.7081 -1.1982
v 0.9602 2.7081 -0.7327
v 0.9814 2.7081 -0.7205
v 1.9872 1.4885 -1.6381
v 1.4426 2.6622 -0.8329
v 1.9954 1.4885 -1.6523
v 0.1539 2.695 -1.1982
v 0.1539 2.7825 -1.1982
v 0.1269 2.6622 -1.2138
v 1.1738 2.7957 -0.9881
v 0.2688 2.7957 -1.5106
v 0.113 2.6852 -1.2407
v 1.018 2.6852 -0.7183
v 0.4332 1.1037 -2.5542
v 1.1656 2.7957 -0.9739
v 0.2827 2.8153 -1.4836
v 0.0883 1.1152 -1.8065
v 0.0883 1.476 -1.8065
v 0.0613 1.0824 -1.8221
v 0.425 1.4885 -2.54
v 1.5571 1.4588 -0.9585
v 0.0516 1.4588 -1.8277
v 0.425 1.1037 -2.54
v 1.9872 1.1037 -1.6381
v 0.0314 1.1037 -1.8583
v 0.0613 1.5088 -1.8221
v 0.0695 1.0824 -1.8363
v 0.0695 1.5088 -1.8363
v 0.4631 1.0824 -2.518
v 1.2022 2.8202 -0.9717
v 1.5937 1.4885 -0.9563
v 0.0314 1.4885 -1.8583
v 0.1332 2.7081 -1.2101
v 2.0238 1.0742 -1.6359
v 0.1048 2.7957 -1.2265
v 1.4426 2.8202 -0.8329
v 0.0883 1.4588 -1.8065
v 1.5194 1.4588 -0.9803
v 0.4631 1.5088 -2.518
v 0.4713 1.5088 -2.5322
v 0.2909 2.6622 -1.4978
v 1.5855 1.4885 -0.9421
v 0.285 3.3127 -1.6345
v 0.3167 2.9847 -1.8161
v 0.2639 2.9847 -1.5134
v 0.2639 2.5255 -1.5134
v 0.0232 1.4885 -1.8441
v 0.4332 1.4885 -2.5542
v 2.4286 1.5182 -1.4022
v 0.0883 1.1332 -1.8065
v 1.5194 1.1332 -0.9803
v 1.1656 2.6852 -0.9739
v 0.2606 2.6852 -1.4964
v 1.5571 1.1332 -0.9585
v 0.0516 1.1332 -1.8277
v 1.5855 1.1037 -0.9421
v 0.0232 1.1037 -1.8441
v 2.4286 1.8532 -1.4022
v 0 1.8532 -2.8043
v 0.4048 1.8532 -2.5706
v 2.0238 1.8532 -1.6359
v 1.9834 1.8532 -1.6592
v 0.4442 1.8532 -2.5478
v 2.2161 1.8696 -1.7913
v 0.4432 1.8696 -2.8148
v 2.6593 1.8696 -1.5354
v 0.4864 1.8696 -2.7899
v 2.1718 1.8696 -1.8169
v 1.4426 2.9779 -0.8329
v 0.2404 2.9779 -1.527
v 1.2022 2.9779 -0.9717
v 1.1781 2.9779 -0.9856
v 0.2639 2.9779 -1.5134
v 1.7167 2.9847 -0.9911
v 0 2.9847 -1.9823
v 0.2861 2.9847 -1.8171
v 1.4306 2.9847 -1.1563
v 1.402 2.9847 -1.1728
v 0.314 2.9847 -1.801
v 2.6715 2.259 -1.5424
v 0.4452 2.259 -2.8277
v 2.2262 2.259 -1.7994
v 2.1817 2.259 -1.8252
v 0.4887 2.259 -2.8026
v 0.4067 1.8696 -2.5828
v 2.0335 1.8696 -1.6436
v 1.9928 1.8696 -1.6671
v 0.4463 1.8696 -2.56
v 2.4402 1.8696 -1.4088
v 0.4887 1.889 -2.8026
v 2.1817 1.889 -1.8252
v 2.2262 1.889 -1.7994
v 0.4452 1.889 -2.8277
v 2.6715 1.889 -1.5424
v 2.6581 2.2918 -1.5347
v 0.443 2.2918 -2.8136
v 2.2151 2.2918 -1.7904
v 2.1708 2.2918 -1.816
v 0.4862 2.2918 -2.7886
v 0.4048 0.41 -2.5706
v 2.0238 0.41 -1.6359
v 2.4286 0.41 -1.4022
v 1.9834 0.41 -1.6592
v 0.4442 0.41 -2.5478
v 2.4421 0.3936 -1.41
v 0.407 0.3936 -2.5849
v 2.0351 0.3936 -1.6449
v 1.9944 0.3936 -1.6684
v 0.4467 0.3936 -2.562
v 0.4476 0.3936 -2.8427
v 2.238 0.3936 -1.809
v 2.1933 0.3936 -1.8348
v 0.4913 0.3936 -2.8175
v 2.6856 0.3936 -1.5506
v 2.2546 0.3837 -1.8224
v 0.4509 0.3837 -2.8638
v 2.7056 0.3837 -1.5621
v 0.4949 0.3837 -2.8384
v 2.2095 0.3837 -1.8484
v 0.4723 0.2061 -2.9994
v 2.3615 0.2061 -1.9087
v 2.3142 0.2061 -1.936
v 0.5183 0.2061 -2.9729
v 2.8337 0.2061 -1.6361
v 0.5196 0.187 -2.9799
v 2.3197 0.187 -1.9406
v 2.3671 0.187 -1.9133
v 0.4734 0.187 -3.0066
v 2.8405 0.187 -1.64
v 1.7268 2.9929 -0.997
v 0.2878 2.9929 -1.8278
v 1.439 2.9929 -1.1631
v 1.4102 2.9929 -1.1797
v 0.3159 2.9929 -1.8116
v 2.417 2.5139 -1.3955
v 0.4028 2.5139 -2.5584
v 2.0142 2.5139 -1.628
v 1.9739 2.5139 -1.6513
v 0.4421 2.5139 -2.5357
v 1.2222 2.5255 -0.9879
v 0.2444 2.5255 -1.5524
v 1.4666 2.5255 -0.8468
v 1.1781 2.5406 -0.9856
v 0.2639 2.5406 -1.5134
v 0.2683 2.5255 -1.5386
v 1.1978 2.5255 -1.002
v 1.4426 2.5406 -0.8329
v 1.2022 2.5406 -0.9717
v 0.2404 2.5406 -1.527
v 0.3968 2.5255 -2.5201
v 1.9841 2.5255 -1.6037
v 1.9444 2.5255 -1.6266
v 0.4355 2.5255 -2.4978
v 2.3809 2.5255 -1.3746
v 2.8168 0 -1.6536
v 2.8168 0.1968 -1.6536
v 2.676 0.3936 -1.5709
v 2.4084 0.3936 -1.4138
v 2.4084 1.8696 -1.4138
v 2.6492 1.8696 -1.5552
v 2.6492 2.2795 -1.5552
v 2.3843 2.5255 -1.3997
v 1.4306 2.5255 -0.8398
v 1.4306 2.9847 -0.8398
v 1.7167 2.9847 -1.0078
v 1.545 3.3127 -0.907
v 1.236 3.4767 -0.7256
v 2.4084 1.5416 -1.4138
v 2.4084 1.0496 -1.4138
v 1.4306 2.8481 -0.8398
v 1.4306 2.6294 -0.8398
v 2.4084 1.5182 -1.4138
v 1.4306 2.8202 -0.8398
v 1.4306 2.6622 -0.8398
v 2.4084 1.0742 -1.4138
v 2.4084 1.8532 -1.4138
v 2.6372 1.8696 -1.5482
v 1.4306 2.9779 -0.8398
v 1.7024 2.9847 -0.9994
v 2.6492 2.259 -1.5552
v 2.4198 1.8696 -1.4206
v 2.6492 1.889 -1.5552
v 2.636 2.2918 -1.5475
v 2.4084 0.41 -1.4138
v 2.4218 0.3936 -1.4217
v 2.6633 0.3936 -1.5635
v 2.683 0.3837 -1.5751
v 2.8101 0.2061 -1.6497
v 2.8168 0.187 -1.6536
v 1.7124 2.9929 -1.0053
v 2.3969 2.5139 -1.4071
v 1.4306 2.5406 -0.8398
v 1.4544 2.5255 -0.8538
v 2.3611 2.5255 -1.3861
v 0.0198 2.5255 -2.7378
v 0.0122 2.5255 -1.6865
v 0.012 2.5406 -1.6588
v 0.0201 2.5139 -2.7793
v 0.0144 2.9929 -1.9856
v 0.0237 0.187 -3.2662
v 0.0236 0.2061 -3.2585
v 0.0225 0.3837 -3.1111
v 0.0224 0.3936 -3.0882
v 0.0204 0.3936 -2.8082
v 0.0202 0.41 -2.7926
v 0.0222 2.2918 -3.0565
v 0.02 2.5255 -2.7647
v 0.0223 2.2795 -3.0719
v 0.0223 1.8696 -3.0719
v 0.0202 1.8696 -2.7926
v 0.013 3.3127 -1.7915
v 0.0144 2.9847 -1.9906
v 0.012 2.9847 -1.6588
v 0.012 2.5255 -1.6588
v 0.012 2.8481 -1.6588
v 0.0202 1.0496 -2.7926
v 0.0202 1.5416 -2.7926
v 0.0104 3.4767 -1.4332
v 0.012 2.8202 -1.6588
v 0.012 2.6622 -1.6588
v 0.0202 1.5182 -2.7926
v 0.012 2.6294 -1.6588
v 0.0202 0.3936 -2.7926
v 0.0225 0.3936 -3.1029
v 0.0237 0.1968 -3.2662
v 0.0237 0 -3.2662
v 0.0223 1.889 -3.0719
v 0.0203 1.8696 -2.8059
v 0.0223 2.259 -3.0719
v 0.0143 2.9847 -1.974
v 0.012 2.9779 -1.6588
v 0.0222 1.8696 -3.0579
v 0.0202 1.8532 -2.7926
v 0.0202 1.0742 -2.7926
v 0.2427 2.9847 -1.5415
v 1.2136 2.9847 -0.9809
v 1.1893 2.9847 -0.9949
v 0.2664 2.9847 -1.5278
v 1.4563 2.9847 -0.8408
v 1.4442 2.9847 -0.8478
v 0.0121 2.9847 -1.6746
v 0 3.5505 -0
v 2.8405 0 -1.0933
v 2.8405 0 1.0933
v 2.8405 0.1968 -1.0933
v 2.8405 0.1968 1.0933
v 2.6985 0.3936 -1.0386
v 2.6985 0.3936 1.0386
v 2.4286 0.3936 -0.9348
v 2.4286 0.3936 0.9348
v 2.4286 1.8696 -0.9348
v 2.4286 1.8696 0.9348
v 2.6715 1.8696 -1.0283
v 2.6715 1.8696 1.0283
v 2.6715 2.2795 -1.0283
v 2.6715 2.2795 1.0283
v 2.4043 2.5255 -0.9254
v 2.4043 2.5255 0.9254
v 1.4426 2.5255 -0.5553
v 1.4426 2.5255 0.5553
v 1.4426 2.9847 -0.5553
v 1.4426 2.9847 0.5553
v 1.7311 2.9847 -0.6663
v 1.7311 2.9847 0.6663
v 1.558 3.3127 -0.5997
v 1.558 3.3127 0.5997
v 1.2464 3.4767 -0.4797
v 1.2464 3.4767 0.4797
v 2.4286 1.5416 -0.9348
v 2.4286 1.0496 -0.9348
v 2.4286 1.5416 0.9348
v 2.4286 1.0496 0.9348
v 1.4426 2.8481 -0.5553
v 1.4426 2.6294 -0.5553
v 1.4426 2.8481 0.5553
v 1.4426 2.6294 0.5553
v 2.4286 1.0824 -0.902
v 2.4286 1.0824 0.902
v 2.4286 1.5088 0.902
v 1.4426 2.6622 -0.5225
v 1.4426 2.8153 -0.5225
v 1.4426 2.6622 0.5225
v 1.4426 2.8153 0.5225
v 2.4286 1.5088 -0.902
v 2.4122 1.0824 -0.902
v 2.4122 1.5088 -0.902
v 2.4122 1.0824 0.902
v 2.4122 1.5088 0.902
v 1.625 1.0824 -0.902
v 1.625 1.5088 -0.902
v 1.625 1.0824 0.902
v 1.625 1.5088 0.902
v 1.6086 1.0824 -0.902
v 1.6086 1.5088 -0.902
v 1.6086 1.0824 0.902
v 1.6086 1.5088 0.902
v 1.6086 1.1152 -0.8692
v 1.6086 1.476 -0.8692
v 1.6086 1.1152 0.8692
v 1.6086 1.476 0.8692
v 1.4262 2.6622 -0.5225
v 1.4262 2.8153 -0.5225
v 1.4262 2.6622 0.5225
v 1.4262 2.8153 0.5225
v 1.131 2.6622 -0.5225
v 1.131 2.8153 -0.5225
v 1.131 2.6622 0.5225
v 1.131 2.8153 0.5225
v 1.1146 2.6622 -0.5225
v 1.1146 2.8153 -0.5225
v 1.1146 2.6622 0.5225
v 1.1146 2.8153 0.5225
v 1.1146 2.695 -0.4897
v 1.1146 2.7825 -0.4897
v 1.1146 2.695 0.4897
v 1.1146 2.7825 0.4897
v 2.8405 0 1.0386
v 2.8405 0.1968 1.0386
v 2.6985 0.3936 0.9867
v 2.4286 0.3936 0.888
v 2.4286 1.8696 0.888
v 2.6715 1.8696 0.9768
v 2.6715 2.2795 0.9768
v 2.4043 2.5255 0.8792
v 1.4426 2.5255 0.5275
v 1.4426 2.9847 0.5275
v 1.7311 2.9847 0.633
v 1.558 3.3127 0.5697
v 1.2464 3.4767 0.4558
v 2.4286 1.5416 0.888
v 2.4286 1.0496 0.888
v 1.4426 2.8481 0.5275
v 1.4426 2.6294 0.5275
v 2.4286 1.5088 0.8569
v 2.4286 1.0824 0.8569
v 1.4426 2.8153 0.4963
v 1.4426 2.6622 0.4963
v 2.4122 1.5088 0.8569
v 2.4122 1.0824 0.8569
v 1.625 1.5088 0.8569
v 1.625 1.0824 0.8569
v 1.6086 1.5088 0.8569
v 1.6086 1.0824 0.8569
v 1.6086 1.476 0.8257
v 1.6086 1.1152 0.8257
v 1.4262 2.8153 0.4963
v 1.4262 2.6622 0.4963
v 1.131 2.8153 0.4963
v 1.131 2.6622 0.4963
v 1.1146 2.8153 0.4963
v 1.1146 2.6622 0.4963
v 1.1146 2.7825 0.4652
v 1.1146 2.695 0.4652
v 1.4426 2.8153 -0.497
v 2.4286 1.5088 -0.858
v 1.4426 2.6294 -0.5282
v 1.4426 2.8481 -0.5282
v 2.4286 1.0496 -0.8892
v 2.4286 1.5416 -0.8892
v 1.2464 3.4767 -0.4564
v 1.4426 2.8202 -0.5553
v 1.4426 2.6622 -0.5553
v 1.1146 2.7713 0.4897
v 1.1146 2.7713 -0.4897
v 1.1146 2.6852 -0.5225
v 1.1146 2.6852 0.5225
v 1.131 2.7957 0.5225
v 1.131 2.7957 -0.5225
v 1.4426 2.6622 0.5553
v 2.4286 1.5182 0.9348
v 2.4286 1.5182 -0.9348
v 1.1146 2.7957 0.5225
v 1.1146 2.8153 -0.497
v 1.131 2.6622 -0.497
v 1.131 2.8153 -0.497
v 1.4262 2.6622 -0.497
v 1.1146 2.7713 -0.4658
v 2.4286 0.3936 -0.8892
v 2.6985 0.3936 -0.988
v 2.8405 0.1968 -1.04
v 2.8405 0 -1.04
v 2.4286 1.0742 -0.9348
v 2.4043 2.5255 -0.8803
v 2.6715 2.2795 -0.9781
v 2.6715 1.8696 -0.9781
v 2.4286 1.8696 -0.8892
v 1.4262 2.7957 -0.5225
v 2.4286 1.1037 0.902
v 1.4426 2.6852 -0.5225
v 1.4426 2.6852 0.5225
v 1.1146 2.7713 0.4652
v 1.625 1.1037 0.902
v 1.1146 2.7081 -0.4658
v 1.1146 2.7081 0.4652
v 1.1146 2.7081 0.4897
v 2.4122 1.4885 0.902
v 2.4286 1.4885 0.902
v 1.1146 2.695 -0.4658
v 1.1146 2.7825 -0.4658
v 1.1146 2.6622 -0.497
v 1.4426 2.7957 0.5225
v 1.4426 2.7957 -0.5225
v 1.131 2.6852 -0.5225
v 1.131 2.6852 0.5225
v 2.4286 1.1037 -0.902
v 1.4262 2.7957 0.5225
v 1.4262 2.8153 -0.497
v 1.6086 1.1152 -0.8268
v 1.6086 1.476 -0.8268
v 1.6086 1.0824 -0.858
v 2.4122 1.4885 -0.902
v 1.6086 1.4588 0.8692
v 1.6086 1.4588 -0.8692
v 2.4122 1.1037 -0.902
v 2.4122 1.1037 0.902
v 1.625 1.1037 -0.902
v 1.6086 1.5088 -0.858
v 1.625 1.0824 -0.858
v 1.625 1.5088 -0.858
v 2.4122 1.0824 -0.858
v 1.4426 2.8202 0.5553
v 1.625 1.4885 0.902
v 1.625 1.4885 -0.902
v 1.1146 2.7081 -0.4897
v 2.4286 1.0742 0.9348
v 1.1146 2.7957 -0.5225
v 1.6086 1.4588 -0.8268
v 1.6086 1.4588 0.8257
v 2.4122 1.5088 -0.858
v 2.4286 1.0824 -0.858
v 1.4426 2.6622 -0.497
v 1.6086 1.4885 0.902
v 1.558 3.3127 -0.5704
v 1.7311 2.9847 -0.6338
v 1.4426 2.9847 -0.5282
v 1.4426 2.5255 -0.5282
v 1.6086 1.4885 -0.902
v 2.4286 1.4885 -0.902
v 1.6086 1.1332 -0.8268
v 1.6086 1.1332 0.8257
v 1.4262 2.6852 0.5225
v 1.4262 2.6852 -0.5225
v 1.6086 1.1332 0.8692
v 1.6086 1.1332 -0.8692
v 1.6086 1.1037 0.902
v 1.6086 1.1037 -0.902
v 2.4286 1.8532 -0.9348
v 2.4286 1.8532 0.9348
v 2.4286 1.8532 0.888
v 2.4286 1.8532 -0.8892
v 2.6593 1.8696 1.0236
v 2.6593 1.8696 -1.0236
v 2.6593 1.8696 -0.9737
v 2.6593 1.8696 0.9724
v 1.4426 2.9779 -0.5553
v 1.4426 2.9779 0.5553
v 1.4426 2.9779 0.5275
v 1.4426 2.9779 -0.5282
v 1.7167 2.9847 -0.6608
v 1.7167 2.9847 0.6608
v 1.7167 2.9847 0.6277
v 1.7167 2.9847 -0.6285
v 2.6715 2.259 -1.0283
v 2.6715 2.259 1.0283
v 2.6715 2.259 0.9768
v 2.6715 2.259 -0.9781
v 2.4402 1.8696 -0.9392
v 2.4402 1.8696 0.9392
v 2.4402 1.8696 0.8923
v 2.4402 1.8696 -0.8934
v 2.6715 1.889 -0.9781
v 2.6715 1.889 0.9768
v 2.6715 1.889 1.0283
v 2.6715 1.889 -1.0283
v 2.6581 2.2918 -1.0231
v 2.6581 2.2918 1.0231
v 2.6581 2.2918 0.972
v 2.6581 2.2918 -0.9732
v 2.4286 0.41 -0.9348
v 2.4286 0.41 0.9348
v 2.4286 0.41 0.888
v 2.4286 0.41 -0.8892
v 2.4421 0.3936 -0.94
v 2.4421 0.3936 0.94
v 2.4421 0.3936 0.893
v 2.4421 0.3936 -0.8941
v 2.6856 0.3936 -1.0337
v 2.6856 0.3936 1.0337
v 2.6856 0.3936 0.982
v 2.6856 0.3936 -0.9833
v 2.7056 0.3837 1.0414
v 2.7056 0.3837 -1.0414
v 2.7056 0.3837 -0.9906
v 2.7056 0.3837 0.9893
v 2.8337 0.2061 -1.0907
v 2.8337 0.2061 1.0907
v 2.8337 0.2061 1.0362
v 2.8337 0.2061 -1.0375
v 2.8405 0.187 -1.04
v 2.8405 0.187 1.0386
v 2.8405 0.187 1.0933
v 2.8405 0.187 -1.0933
v 1.7268 2.9929 -0.6646
v 1.7268 2.9929 0.6646
v 1.7268 2.9929 0.6314
v 1.7268 2.9929 -0.6322
v 2.417 2.5139 -0.9303
v 2.417 2.5139 0.9303
v 2.417 2.5139 0.8838
v 2.417 2.5139 -0.885
v 1.4666 2.5255 0.5645
v 1.4666 2.5255 -0.5645
v 1.4426 2.5406 0.5275
v 1.4426 2.5406 -0.5282
v 1.4666 2.5255 -0.537
v 1.4666 2.5255 0.5363
v 1.4426 2.5406 0.5553
v 1.4426 2.5406 -0.5553
v 2.3809 2.5255 -0.9164
v 2.3809 2.5255 0.9164
v 2.3809 2.5255 0.8706
v 2.3809 2.5255 -0.8717
v 2.8405 0 1.6126
v 2.8405 0.1968 1.6126
v 2.6985 0.3936 1.532
v 2.4286 0.3936 1.3788
v 2.4286 1.8696 1.3788
v 2.6715 1.8696 1.5167
v 2.6715 2.2795 1.5167
v 2.4043 2.5255 1.365
v 1.4426 2.5255 0.819
v 1.4426 2.9847 0.819
v 1.7311 2.9847 0.9828
v 1.558 3.3127 0.8845
v 1.2464 3.4767 0.7076
v 2.4286 1.5416 1.3788
v 2.4286 1.0496 1.3788
v 1.4426 2.8481 0.819
v 1.4426 2.6294 0.819
v 2.4286 1.5182 1.3788
v 1.4426 2.8202 0.819
v 1.4426 2.6622 0.819
v 2.4286 1.0742 1.3788
v 2.4286 1.8532 1.3788
v 2.6593 1.8696 1.5098
v 1.4426 2.9779 0.819
v 1.7167 2.9847 0.9746
v 2.6715 2.259 1.5167
v 2.4402 1.8696 1.3853
v 2.6715 1.889 1.5167
v 2.6581 2.2918 1.5091
v 2.4286 0.41 1.3788
v 2.4421 0.3936 1.3865
v 2.6856 0.3936 1.5247
v 2.7056 0.3837 1.536
v 2.8337 0.2061 1.6088
v 2.8405 0.187 1.6126
v 1.7268 2.9929 0.9803
v 2.417 2.5139 1.3722
v 1.4426 2.5406 0.819
v 1.4666 2.5255 0.8327
v 2.3809 2.5255 1.3517
v 2.3809 2.5255 -1.3517
v 1.4666 2.5255 -0.8327
v 1.4426 2.5406 -0.819
v 2.417 2.5139 -1.3722
v 1.7268 2.9929 -0.9803
v 2.8405 0.187 -1.6126
v 2.8337 0.2061 -1.6088
v 2.7056 0.3837 -1.536
v 2.6856 0.3936 -1.5247
v 2.4421 0.3936 -1.3865
v 2.4286 0.41 -1.3788
v 2.6581 2.2918 -1.5091
v 2.4043 2.5255 -1.365
v 2.6715 2.2795 -1.5167
v 2.6715 1.8696 -1.5167
v 2.4286 1.8696 -1.3788
v 1.558 3.3127 -0.8845
v 1.7311 2.9847 -0.9828
v 1.4426 2.9847 -0.819
v 1.4426 2.5255 -0.819
v 1.4426 2.8481 -0.819
v 2.4286 1.0496 -1.3788
v 2.4286 1.5416 -1.3788
v 1.2464 3.4767 -0.7076
v 1.4426 2.8202 -0.819
v 1.4426 2.6622 -0.819
v 2.4286 1.5182 -1.3788
v 1.4426 2.6294 -0.819
v 2.4286 0.3936 -1.3788
v 2.6985 0.3936 -1.532
v 2.8405 0.1968 -1.6126
v 2.8405 0 -1.6126
v 2.6715 1.889 -1.5167
v 2.4402 1.8696 -1.3853
v 2.6715 2.259 -1.5167
v 1.7167 2.9847 -0.9746
v 1.4426 2.9779 -0.819
v 2.6593 1.8696 -1.5098
v 2.4286 1.8532 -1.3788
v 2.4286 1.0742 -1.3788
v 1.4563 2.9847 -0.5605
v 1.4563 2.9847 0.5605
v 1.4563 2.9847 0.5325
v 1.4563 2.9847 -0.5332
v 1.4563 2.9847 0.8268
v 1.4563 2.9847 -0.8268
v -0.25 0 3.7902
v -0.098 0 3.788
v 0.0236 0 3.6968
v 0.0684 0 3.5515
v 0.0193 0 3.4076
v -0.105 0 3.3201
v -0.2571 0 3.3224
v -0.3787 0 3.4136
v -0.4235 0 3.5589
v -0.3743 0 3.7027
v -0.25 0.738 3.7902
v -0.098 0.738 3.788
v 0.0236 0.738 3.6968
v 0.0684 0.738 3.5515
v 0.0193 0.738 3.4076
v -0.105 0.738 3.3201
v -0.2571 0.738 3.3224
v -0.3787 0.738 3.4136
v -0.4235 0.738 3.5589
v -0.3743 0.738 3.7027
v -0.1775 0.738 3.5552
v -0.1775 0 3.5552
v 0.0236 0.0185 3.6968
v -0.3787 0.0185 3.4136
v -0.098 0.0185 3.788
v -0.2571 0.0185 3.3224
v -0.105 0.0185 3.3201
v -0.3743 0.0185 3.7027
v -0.25 0.0185 3.7902
v 0.0193 0.0185 3.4076
v 0.0684 0.0185 3.5515
v -0.4235 0.0185 3.5589
v 0.0193 0.72 3.4076
v -0.3743 0.72 3.7027
v -0.105 0.72 3.3201
v -0.2571 0.72 3.3224
v -0.098 0.72 3.788
v -0.3787 0.72 3.4136
v 0.0236 0.72 3.6968
v -0.4235 0.72 3.5589
v -0.25 0.72 3.7902
v 0.0684 0.72 3.5515
v 0.1262 0 3.5462
v 0.2288 0 3.6584
v 0.3778 0 3.6888
v 0.5162 0 3.6259
v 0.5911 0 3.4936
v 0.574 0 3.3425
v 0.4714 0 3.2304
v 0.3225 0 3.1999
v 0.1841 0 3.2629
v 0.1091 0 3.3952
v 0.1262 0.738 3.5462
v 0.2288 0.738 3.6584
v 0.3778 0.738 3.6888
v 0.5162 0.738 3.6259
v 0.5911 0.738 3.4936
v 0.574 0.738 3.3425
v 0.4714 0.738 3.2304
v 0.3225 0.738 3.1999
v 0.1841 0.738 3.2629
v 0.1091 0.738 3.3952
v 0.3501 0.738 3.4444
v 0.3501 0 3.4444
v 0.3778 0.0185 3.6888
v 0.3225 0.0185 3.1999
v 0.2288 0.0185 3.6584
v 0.4714 0.0185 3.2304
v 0.574 0.0185 3.3425
v 0.1091 0.0185 3.3952
v 0.1262 0.0185 3.5462
v 0.5911 0.0185 3.4936
v 0.5162 0.0185 3.6259
v 0.1841 0.0185 3.2629
v 0.5911 0.72 3.4936
v 0.1091 0.72 3.3952
v 0.574 0.72 3.3425
v 0.4714 0.72 3.2304
v 0.2288 0.72 3.6584
v 0.3225 0.72 3.1999
v 0.3778 0.72 3.6888
v 0.1841 0.72 3.2629
v 0.1262 0.72 3.5462
v 0.5162 0.72 3.6259
v 0.7722 0 3.8123
v 0.9242 0 3.8101
v 1.0459 0 3.7189
v 1.0907 0 3.5736
v 1.0415 0 3.4297
v 0.9172 0 3.3422
v 0.7652 0 3.3445
v 0.6436 0 3.4357
v 0.5988 0 3.581
v 0.6479 0 3.7248
v 0.7722 0.738 3.8123
v 0.9242 0.738 3.8101
v 1.0459 0.738 3.7189
v 1.0907 0.738 3.5736
v 1.0415 0.738 3.4297
v 0.9172 0.738 3.3422
v 0.7652 0.738 3.3445
v 0.6436 0.738 3.4357
v 0.5988 0.738 3.581
v 0.6479 0.738 3.7248
v 0.8447 0.738 3.5773
v 0.8447 0 3.5773
v 1.0459 0.0185 3.7189
v 0.6436 0.0185 3.4357
v 0.9242 0.0185 3.8101
v 0.7652 0.0185 3.3445
v 0.9172 0.0185 3.3422
v 0.6479 0.0185 3.7248
v 0.7722 0.0185 3.8123
v 1.0415 0.0185 3.4297
v 1.0907 0.0185 3.5736
v 0.5988 0.0185 3.581
v 1.0415 0.72 3.4297
v 0.6479 0.72 3.7248
v 0.9172 0.72 3.3422
v 0.7652 0.72 3.3445
v 0.9242 0.72 3.8101
v 0.6436 0.72 3.4357
v 1.0459 0.72 3.7189
v 0.5988 0.72 3.581
v 0.7722 0.72 3.8123
v 1.0907 0.72 3.5736
v -3.0119 0 -2.3872
v -3.0251 0 -2.5386
v -3.1248 0 -2.6534
v -3.2729 0 -2.6876
v -3.4129 0 -2.6283
v -3.4912 0 -2.498
v -3.478 0 -2.3465
v -3.3783 0 -2.2317
v -3.2302 0 -2.1975
v -3.0902 0 -2.2569
v -3.0119 0.738 -2.3872
v -3.0251 0.738 -2.5386
v -3.1248 0.738 -2.6534
v -3.2729 0.738 -2.6876
v -3.4129 0.738 -2.6283
v -3.4912 0.738 -2.498
v -3.478 0.738 -2.3465
v -3.3783 0.738 -2.2317
v -3.2302 0.738 -2.1975
v -3.0902 0.738 -2.2569
v -3.2515 0.738 -2.4426
v -3.2515 0 -2.4426
v -3.1248 0.0185 -2.6534
v -3.3783 0.0185 -2.2317
v -3.0251 0.0185 -2.5386
v -3.478 0.0185 -2.3465
v -3.4912 0.0185 -2.498
v -3.0902 0.0185 -2.2569
v -3.0119 0.0185 -2.3872
v -3.4129 0.0185 -2.6283
v -3.2729 0.0185 -2.6876
v -3.2302 0.0185 -2.1975
v -3.4129 0.72 -2.6283
v -3.0902 0.72 -2.2569
v -3.4912 0.72 -2.498
v -3.478 0.72 -2.3465
v -3.0251 0.72 -2.5386
v -3.3783 0.72 -2.2317
v -3.1248 0.72 -2.6534
v -3.2302 0.72 -2.1975
v -3.0119 0.72 -2.3872
v -3.2729 0.72 -2.6876
v -2.9816 0 -1.8178
v -2.8296 0 -1.8201
v -2.708 0 -1.9113
v -2.6632 0 -2.0566
v -2.7123 0 -2.2004
v -2.8366 0 -2.2879
v -2.9887 0 -2.2857
v -3.1103 0 -2.1945
v -3.1551 0 -2.0492
v -3.1059 0 -1.9053
v -2.9816 0.738 -1.8178
v -2.8296 0.738 -1.8201
v -2.708 0.738 -1.9113
v -2.6632 0.738 -2.0566
v -2.7123 0.738 -2.2004
v -2.8366 0.738 -2.2879
v -2.9887 0.738 -2.2857
v -3.1103 0.738 -2.1945
v -3.1551 0.738 -2.0492
v -3.1059 0.738 -1.9053
v -2.9091 0.738 -2.0529
v -2.9091 0 -2.0529
v -2.708 0.0185 -1.9113
v -3.1103 0.0185 -2.1945
v -2.8296 0.0185 -1.8201
v -2.9887 0.0185 -2.2857
v -2.8366 0.0185 -2.2879
v -3.1059 0.0185 -1.9053
v -2.9816 0.0185 -1.8178
v -2.7123 0.0185 -2.2004
v -2.6632 0.0185 -2.0566
v -3.1551 0.0185 -2.0492
v -2.7123 0.72 -2.2004
v -3.1059 0.72 -1.9053
v -2.8366 0.72 -2.2879
v -2.9887 0.72 -2.2857
v -2.8296 0.72 -1.8201
v -3.1103 0.72 -2.1945
v -2.708 0.72 -1.9113
v -3.1551 0.72 -2.0492
v -2.9816 0.72 -1.8178
v -2.6632 0.72 -2.0566
v -3.845 0 -1.6613
v -3.9364 0 -1.5398
v -3.9389 0 -1.3878
v -3.8516 0 -1.2633
v -3.7078 0 -1.2139
v -3.5625 0 -1.2585
v -3.4711 0 -1.38
v -3.4685 0 -1.532
v -3.5559 0 -1.6565
v -3.6997 0 -1.7058
v -3.845 0.738 -1.6613
v -3.9364 0.738 -1.5398
v -3.9389 0.738 -1.3878
v -3.8516 0.738 -1.2633
v -3.7078 0.738 -1.2139
v -3.5625 0.738 -1.2585
v -3.4711 0.738 -1.38
v -3.4685 0.738 -1.532
v -3.5559 0.738 -1.6565
v -3.6997 0.738 -1.7058
v -3.7037 0.738 -1.4599
v -3.7037 0 -1.4599
v -3.9389 0.0185 -1.3878
v -3.4685 0.0185 -1.532
v -3.9364 0.0185 -1.5398
v -3.4711 0.0185 -1.38
v -3.5625 0.0185 -1.2585
v -3.6997 0.0185 -1.7058
v -3.845 0.0185 -1.6613
v -3.7078 0.0185 -1.2139
v -3.8516 0.0185 -1.2633
v -3.5559 0.0185 -1.6565
v -3.7078 0.72 -1.2139
v -3.6997 0.72 -1.7058
v -3.5625 0.72 -1.2585
v -3.4711 0.72 -1.38
v -3.9364 0.72 -1.5398
v -3.4685 0.72 -1.532
v -3.9389 0.72 -1.3878
v -3.5559 0.72 -1.6565
v -3.845 0.72 -1.6613
v -3.8516 0.72 -1.2633
v -3.3078 0 -2.1315
v -3.4482 0 -2.1899
v -3.5961 0 -2.1546
v -3.6949 0 -2.0391
v -3.707 0 -1.8875
v -3.6277 0 -1.7578
v -3.4874 0 -1.6995
v -3.3395 0 -1.7348
v -3.2406 0 -1.8503
v -3.2285 0 -2.0018
v -3.3078 0.738 -2.1315
v -3.4482 0.738 -2.1899
v -3.5961 0.738 -2.1546
v -3.6949 0.738 -2.0391
v -3.707 0.738 -1.8875
v -3.6277 0.738 -1.7578
v -3.4874 0.738 -1.6995
v -3.3395 0.738 -1.7348
v -3.2406 0.738 -1.8503
v -3.2285 0.738 -2.0018
v -3.4678 0.738 -1.9447
v -3.4678 0 -1.9447
v -3.5961 0.0185 -2.1546
v -3.3395 0.0185 -1.7348
v -3.4482 0.0185 -2.1899
v -3.4874 0.0185 -1.6995
v -3.6277 0.0185 -1.7578
v -3.2285 0.0185 -2.0018
v -3.3078 0.0185 -2.1315
v -3.707 0.0185 -1.8875
v -3.6949 0.0185 -2.0391
v -3.2406 0.0185 -1.8503
v -3.707 0.72 -1.8875
v -3.2285 0.72 -2.0018
v -3.6277 0.72 -1.7578
v -3.4874 0.72 -1.6995
v -3.4482 0.72 -2.1899
v -3.3395 0.72 -1.7348
v -3.5961 0.72 -2.1546
v -3.2406 0.72 -1.8503
v -3.3078 0.72 -2.1315
v -3.6949 0.72 -2.0391
v -3.2937 0 -1.2703
v -3.1431 0 -1.2493
v -3.0089 0 -1.3207
v -2.9423 0 -1.4574
v -2.9688 0 -1.6071
v -3.0782 0 -1.7126
v -3.2288 0 -1.7337
v -3.363 0 -1.6623
v -3.4296 0 -1.5256
v -3.4031 0 -1.3759
v -3.2937 0.738 -1.2703
v -3.1431 0.738 -1.2493
v -3.0089 0.738 -1.3207
v -2.9423 0.738 -1.4574
v -2.9688 0.738 -1.6071
v -3.0782 0.738 -1.7126
v -3.2288 0.738 -1.7337
v -3.363 0.738 -1.6623
v -3.4296 0.738 -1.5256
v -3.4031 0.738 -1.3759
v -3.186 0.738 -1.4915
v -3.186 0 -1.4915
v -3.0089 0.0185 -1.3207
v -3.363 0.0185 -1.6623
v -3.1431 0.0185 -1.2493
v -3.2288 0.0185 -1.7337
v -3.0782 0.0185 -1.7126
v -3.4031 0.0185 -1.3759
v -3.2937 0.0185 -1.2703
v -2.9688 0.0185 -1.6071
v -2.9423 0.0185 -1.4574
v -3.4296 0.0185 -1.5256
v -2.9688 0.72 -1.6071
v -3.4031 0.72 -1.3759
v -3.0782 0.72 -1.7126
v -3.2288 0.72 -1.7337
v -3.1431 0.72 -1.2493
v -3.363 0.72 -1.6623
v -3.0089 0.72 -1.3207
v -3.4296 0.72 -1.5256
v -3.2937 0.72 -1.2703
v -2.9423 0.72 -1.4574
v 3.3608 0.72 1.2036
v 3.0424 0.72 1.4424
v 2.8689 0.72 1.211
v 3.316 0.72 1.3489
v 2.9137 0.72 1.0657
v 3.1944 0.72 1.4401
v 3.0353 0.72 0.9745
v 3.1874 0.72 0.9722
v 2.918 0.72 1.3549
v 3.3117 0.72 1.0597
v 2.8689 0.0185 1.211
v 3.3608 0.0185 1.2036
v 3.3117 0.0185 1.0597
v 3.0424 0.0185 1.4424
v 2.918 0.0185 1.3549
v 3.1874 0.0185 0.9722
v 3.0353 0.0185 0.9745
v 3.1944 0.0185 1.4401
v 2.9137 0.0185 1.0657
v 3.316 0.0185 1.3489
v 3.1149 0 1.2073
v 3.1149 0.738 1.2073
v 2.918 0.738 1.3549
v 2.8689 0.738 1.211
v 2.9137 0.738 1.0657
v 3.0353 0.738 0.9745
v 3.1874 0.738 0.9722
v 3.3117 0.738 1.0597
v 3.3608 0.738 1.2036
v 3.316 0.738 1.3489
v 3.1944 0.738 1.4401
v 3.0424 0.738 1.4424
v 2.918 0 1.3549
v 2.8689 0 1.211
v 2.9137 0 1.0657
v 3.0353 0 0.9745
v 3.1874 0 0.9722
v 3.3117 0 1.0597
v 3.3608 0 1.2036
v 3.316 0 1.3489
v 3.1944 0 1.4401
v 3.0424 0 1.4424
v -2.609 0.3663 -2.9525
v -2.7059 0.4623 -2.8854
v -2.8308 0.4707 -2.799
v -2.9358 0.3883 -2.7263
v -2.981 0.2465 -2.6951
v -2.949 0.0996 -2.7172
v -2.8521 0.0035 -2.7843
v -2.7273 -0.0049 -2.8706
v -2.6222 0.0775 -2.9433
v -2.577 0.2193 -2.9746
v -2.189 0.3663 -2.3456
v -2.286 0.4623 -2.2786
v -2.4108 0.4707 -2.1922
v -2.5158 0.3883 -2.1195
v -2.561 0.2465 -2.0882
v -2.529 0.0996 -2.1104
v -2.4321 0.0035 -2.1774
v -2.3073 -0.0049 -2.2638
v -2.2022 0.0775 -2.3365
v -2.1571 0.2193 -2.3678
v -2.359 0.2329 -2.228
v -2.779 0.2329 -2.8348
v -2.8203 0.4707 -2.7838
v -2.7168 -0.0049 -2.8555
v -2.6954 0.4623 -2.8702
v -2.8416 0.0035 -2.7691
v -2.9385 0.0996 -2.702
v -2.5665 0.2193 -2.9594
v -2.5985 0.3663 -2.9373
v -2.9705 0.2465 -2.6799
v -2.9253 0.3883 -2.7111
v -2.6117 0.0775 -2.9282
v -2.5712 0.2465 -2.103
v -2.1673 0.2193 -2.3826
v -2.5392 0.0996 -2.1252
v -2.4423 0.0035 -2.1922
v -2.2962 0.4623 -2.2934
v -2.3175 -0.0049 -2.2786
v -2.421 0.4707 -2.207
v -2.2125 0.0775 -2.3513
v -2.1993 0.3663 -2.3604
v -2.5261 0.3883 -2.1343
v 2.7009 0 -2.1919
v 2.8527 0 -2.1996
v 2.971 0 -2.295
v 3.0106 0 -2.4418
v 2.9563 0 -2.5838
v 2.829 0 -2.6669
v 2.6771 0 -2.6592
v 2.5588 0 -2.5637
v 2.5192 0 -2.4169
v 2.5735 0 -2.2749
v 2.7009 0.738 -2.1919
v 2.8527 0.738 -2.1996
v 2.971 0.738 -2.295
v 3.0106 0.738 -2.4418
v 2.9563 0.738 -2.5838
v 2.829 0.738 -2.6669
v 2.6771 0.738 -2.6592
v 2.5588 0.738 -2.5637
v 2.5192 0.738 -2.4169
v 2.5735 0.738 -2.2749
v 2.7649 0.738 -2.4294
v 2.7649 0 -2.4294
v 2.971 0.0185 -2.295
v 2.5588 0.0185 -2.5637
v 2.8527 0.0185 -2.1996
v 2.6771 0.0185 -2.6592
v 2.829 0.0185 -2.6669
v 2.5735 0.0185 -2.2749
v 2.7009 0.0185 -2.1919
v 2.9563 0.0185 -2.5838
v 3.0106 0.0185 -2.4418
v 2.5192 0.0185 -2.4169
v 2.9563 0.72 -2.5838
v 2.5735 0.72 -2.2749
v 2.829 0.72 -2.6669
v 2.6771 0.72 -2.6592
v 2.8527 0.72 -2.1996
v 2.5588 0.72 -2.5637
v 2.971 0.72 -2.295
v 2.5192 0.72 -2.4169
v 2.7009 0.72 -2.1919
v 3.0106 0.72 -2.4418
v 3.3945 0 -2.337
v 3.5047 0 -2.4419
v 3.5321 0 -2.5914
v 3.4665 0 -2.7285
v 3.3327 0 -2.8008
v 3.182 0 -2.7808
v 3.0719 0 -2.6759
v 3.0444 0 -2.5264
v 3.1101 0 -2.3893
v 3.2438 0 -2.317
v 3.3945 0.738 -2.337
v 3.5047 0.738 -2.4419
v 3.5321 0.738 -2.5914
v 3.4665 0.738 -2.7285
v 3.3327 0.738 -2.8008
v 3.182 0.738 -2.7808
v 3.0719 0.738 -2.6759
v 3.0444 0.738 -2.5264
v 3.1101 0.738 -2.3893
v 3.2438 0.738 -2.317
v 3.2883 0.738 -2.5589
v 3.2883 0 -2.5589
v 3.5321 0.0185 -2.5914
v 3.0444 0.0185 -2.5264
v 3.5047 0.0185 -2.4419
v 3.0719 0.0185 -2.6759
v 3.182 0.0185 -2.7808
v 3.2438 0.0185 -2.317
v 3.3945 0.0185 -2.337
v 3.3327 0.0185 -2.8008
v 3.4665 0.0185 -2.7285
v 3.1101 0.0185 -2.3893
v 3.3327 0.72 -2.8008
v 3.2438 0.72 -2.317
v 3.182 0.72 -2.7808
v 3.0719 0.72 -2.6759
v 3.5047 0.72 -2.4419
v 3.0444 0.72 -2.5264
v 3.5321 0.72 -2.5914
v 3.1101 0.72 -2.3893
v 3.3945 0.72 -2.337
v 3.4665 0.72 -2.7285
v 3.2242 0.4511 -3.4829
v 3.214 0.0533 -3.4936
v 3.4131 0.0426 -3.2841
v 3.1596 0.3315 -3.551
v 3.4777 0.1622 -3.2161
v 3.1557 0.1796 -3.5551
v 3.4816 0.3141 -3.212
v 3.4233 0.4403 -3.2734
v 3.3123 0.001 -3.3902
v 3.325 0.4927 -3.3769
v 2.9044 0.0426 -2.801
v 2.7156 0.4511 -2.9997
v 2.8163 0.4927 -2.8937
v 2.7054 0.0533 -3.0105
v 2.8037 0.001 -2.907
v 2.9146 0.4403 -2.7902
v 2.973 0.3141 -2.7288
v 2.6471 0.1796 -3.0719
v 2.9691 0.1622 -2.7329
v 2.651 0.3315 -3.0678
v 2.7966 0.2468 -2.8876
v 3.3317 0.2468 -3.3959
v 3.3254 0.001 -3.4025
v 3.4261 0.0426 -3.2965
v 3.4908 0.1622 -3.2285
v 3.4947 0.3141 -3.2244
v 3.4363 0.4403 -3.2858
v 3.338 0.4927 -3.3893
v 3.2373 0.4511 -3.4953
v 3.1726 0.3315 -3.5634
v 3.1687 0.1796 -3.5675
v 3.2271 0.0533 -3.506
v 2.7903 0.001 -2.8943
v 2.8911 0.0426 -2.7882
v 2.9557 0.1622 -2.7202
v 2.9596 0.3141 -2.7161
v 2.9013 0.4403 -2.7775
v 2.803 0.4927 -2.881
v 2.7022 0.4511 -2.987
v 2.6376 0.3315 -3.0551
v 2.6337 0.1796 -3.0592
v 2.692 0.0533 -2.9978
vt 0.9876 0.2671
vt 0.9046 0.2671
vt 0.9046 0.2319
vt 0.9877 0.2319
vt 0.5909 0.2671
vt 0.587 0.2671
vt 0.5871 0.2319
vt 0.591 0.2319
vt 0.9864 0.272
vt 0.9041 0.272
vt 0.9043 0.2694
vt 0.9871 0.2694
vt 0.5915 0.272
vt 0.5876 0.272
vt 0.5874 0.2694
vt 0.5913 0.2694
vt 0.9752 0.317
vt 0.8974 0.317
vt 0.8956 0.3135
vt 0.9761 0.3135
vt 0.598 0.317
vt 0.5943 0.317
vt 0.5952 0.3135
vt 0.598 0.3135
vt 0.552 0.7089
vt 0.4707 0.7089
vt 0.4707 0.6997
vt 0.552 0.6997
vt 0.1249 0.7089
vt 0.1091 0.7089
vt 0.1091 0.6997
vt 0.1249 0.6997
vt 0.4537 0.312
vt 0.3691 0.312
vt 0.3691 0.3073
vt 0.4537 0.3073
vt 0.1248 0.312
vt 0.1177 0.312
vt 0.1177 0.3073
vt 0.1248 0.3073
vt 0.4715 0.3677
vt 0.3795 0.3677
vt 0.3795 0.3609
vt 0.4715 0.3609
vt 0.114 0.3677
vt 0.1063 0.3677
vt 0.1063 0.3609
vt 0.114 0.3609
vt 0.4704 0.4555
vt 0.3789 0.4555
vt 0.3795 0.4489
vt 0.4715 0.4489
vt 0.1147 0.4555
vt 0.107 0.4555
vt 0.1063 0.4489
vt 0.114 0.4489
vt 0.45 0.5412
vt 0.3669 0.5412
vt 0.3687 0.5308
vt 0.453 0.5308
vt 0.1271 0.5412
vt 0.1202 0.5412
vt 0.1182 0.5308
vt 0.1253 0.5308
vt 0.8162 0.7503
vt 0.7752 0.7503
vt 0.7752 0.7484
vt 0.8162 0.7484
vt 0.6278 0.7503
vt 0.6229 0.7503
vt 0.6229 0.7484
vt 0.6278 0.7484
vt 0.9661 0.5432
vt 0.9277 0.5432
vt 0.9277 0.5367
vt 0.9661 0.5367
vt 0.7749 0.5432
vt 0.7697 0.5432
vt 0.7697 0.5367
vt 0.7749 0.5367
vt 0.9893 0.5997
vt 0.9433 0.5997
vt 0.9433 0.5956
vt 0.9893 0.5956
vt 0.7607 0.5997
vt 0.7544 0.5997
vt 0.7544 0.5956
vt 0.7607 0.5956
vt 0.9517 0.721
vt 0.9179 0.721
vt 0.9345 0.6635
vt 0.9763 0.6635
vt 0.7838 0.721
vt 0.7792 0.721
vt 0.7631 0.6635
vt 0.7687 0.6635
vt 0.552 0.9841
vt 0.4707 0.9841
vt 0.4707 0.9296
vt 0.552 0.9296
vt 0.552 0.8456
vt 0.4707 0.8456
vt 0.4707 0.8317
vt 0.552 0.8317
vt 0.1247 0.9841
vt 0.1091 0.9841
vt 0.1091 0.9296
vt 0.1247 0.9296
vt 0.8162 0.83
vt 0.7752 0.83
vt 0.7752 0.8115
vt 0.8162 0.8115
vt 0.8162 0.7793
vt 0.7752 0.7793
vt 0.7752 0.7753
vt 0.8162 0.7753
vt 0.6276 0.83
vt 0.6229 0.83
vt 0.6229 0.8115
vt 0.6276 0.8115
vt 0.1141 0.9147
vt 0.1141 0.9241
vt 0.1091 0.9147
vt 0.4556 0.9241
vt 0.4646 0.9241
vt 0.4556 0.9296
vt 0.7726 0.783
vt 0.7726 0.7774
vt 0.6256 0.8031
vt 0.6256 0.8094
vt 0.6229 0.8072
vt 0.7669 0.8094
vt 0.7726 0.8094
vt 0.7708 0.8115
vt 0.6321 0.7774
vt 0.6256 0.7774
vt 0.6229 0.7753
vt 0.6278 0.7753
vt 0.6384 0.1893
vt 0.6275 0.1893
vt 0.6275 0.0172
vt 0.6384 0.0172
vt 0.5085 0.1893
vt 0.4992 0.1893
vt 0.4992 0.0172
vt 0.5085 0.0172
vt 0.1682 0.0172
vt 0.1782 0.0172
vt 0.1782 0.1893
vt 0.1682 0.1893
vt 0.4906 0.0172
vt 0.4906 0.1893
vt 0.6275 0.0063
vt 0.6384 0.0063
vt 0.4906 0.0063
vt 0.4992 0.0063
vt 0.5085 0.0063
vt 0.1682 0.0063
vt 0.1782 0.0063
vt 0.9085 0.4903
vt 0.9211 0.4903
vt 0.9211 0.4968
vt 0.9085 0.4968
vt 0.9211 0.4104
vt 0.9211 0.4036
vt 0.9388 0.3914
vt 0.9388 0.4016
vt 0.5584 0.4903
vt 0.5584 0.4968
vt 0.5413 0.5093
vt 0.5413 0.4987
vt 0.9388 0.5093
vt 0.9085 0.5093
vt 0.5712 0.4036
vt 0.5584 0.4036
vt 0.5413 0.3914
vt 0.5712 0.3914
vt 0.3011 0.281
vt 0.2947 0.281
vt 0.2947 0.2766
vt 0.3011 0.2766
vt 0.2688 0.281
vt 0.2641 0.281
vt 0.2641 0.2766
vt 0.2688 0.2766
vt 0.1029 0.2766
vt 0.1075 0.2766
vt 0.1075 0.281
vt 0.1029 0.281
vt 0.2576 0.2766
vt 0.2576 0.281
vt 0.2947 0.2227
vt 0.3011 0.2227
vt 0.2576 0.2227
vt 0.2641 0.2227
vt 0.2688 0.2227
vt 0.1029 0.2227
vt 0.1075 0.2227
vt 0.2947 0.219
vt 0.3011 0.219
vt 0.2641 0.219
vt 0.2688 0.219
vt 0.1029 0.219
vt 0.1075 0.219
vt 0.2576 0.219
vt 0.9718 0.8058
vt 0.9735 0.8058
vt 0.9735 0.8067
vt 0.9717 0.8067
vt 0.9735 0.7849
vt 0.9735 0.7842
vt 0.9871 0.7734
vt 0.9871 0.7843
vt 0.8552 0.8058
vt 0.8552 0.8067
vt 0.8421 0.8165
vt 0.8421 0.8065
vt 0.9871 0.8165
vt 0.9756 0.8165
vt 0.8569 0.7842
vt 0.8552 0.7842
vt 0.8421 0.7734
vt 0.853 0.7734
vt 0.9008 0.2671
vt 0.9007 0.2319
vt 0.9002 0.272
vt 0.9004 0.2694
vt 0.8937 0.317
vt 0.8928 0.3135
vt 0.4538 0.7089
vt 0.4538 0.6997
vt 0.3615 0.312
vt 0.3615 0.3073
vt 0.3713 0.3677
vt 0.3713 0.3609
vt 0.3707 0.4555
vt 0.3713 0.4489
vt 0.3594 0.5412
vt 0.3611 0.5308
vt 0.771 0.7503
vt 0.771 0.7484
vt 0.9228 0.5432
vt 0.9228 0.5367
vt 0.9375 0.5997
vt 0.9375 0.5956
vt 0.9136 0.721
vt 0.9292 0.6635
vt 0.4556 0.9841
vt 0.7708 0.83
vt 0.1247 0.9241
vt 0.4538 0.8372
vt 0.1249 0.8372
vt 0.1249 0.8317
vt 0.4538 0.8317
vt 0.6315 0.8094
vt 0.7668 0.7774
vt 0.771 0.7753
vt 0.958 0.1893
vt 0.9488 0.1893
vt 0.9488 0.0172
vt 0.958 0.0172
vt 0.187 0.0172
vt 0.187 0.1893
vt 0.9488 0.0063
vt 0.958 0.0063
vt 0.187 0.0063
vt 0.5712 0.4903
vt 0.5712 0.4968
vt 0.5712 0.5093
vt 0.9085 0.4036
vt 0.9085 0.3914
vt 0.449 0.281
vt 0.4418 0.281
vt 0.4418 0.2766
vt 0.449 0.2766
vt 0.114 0.2766
vt 0.114 0.281
vt 0.4418 0.2227
vt 0.449 0.2227
vt 0.114 0.2227
vt 0.4418 0.219
vt 0.449 0.219
vt 0.114 0.219
vt 0.8568 0.8058
vt 0.8569 0.8067
vt 0.853 0.8165
vt 0.9717 0.7842
vt 0.9756 0.7734
vt 0.0493 0.1893
vt 0.0572 0.1893
vt 0.0572 0.2008
vt 0.0493 0.2008
vt 0.0779 0.2227
vt 0.0828 0.2227
vt 0.0828 0.2766
vt 0.0779 0.2766
vt 0.9085 0.4104
vt 0.6177 0.1893
vt 0.6177 0.0172
vt 0.2895 0.281
vt 0.2895 0.2766
vt 0.0493 0.0063
vt 0.0572 0.0063
vt 0.0572 0.0172
vt 0.0493 0.0172
vt 0.0828 0.281
vt 0.0779 0.281
vt 0.2895 0.2227
vt 0.2895 0.219
vt 0.0828 0.219
vt 0.5712 0.4104
vt 0.6177 0.0063
vt 0.4707 0.9142
vt 0.552 0.9142
vt 0.8552 0.7849
vt 0.8568 0.7849
vt 0.9718 0.7849
vt 0.9388 0.5044
vt 0.8162 0.8075
vt 0.7752 0.8075
vt 0.5584 0.4104
vt 0.5413 0.3974
vt 0.7726 0.8037
vt 0.9871 0.8065
vt 0.6256 0.7836
vt 0.6229 0.7796
vt 0.8421 0.7843
vt 0.0779 0.219
vt 0.552 0.9897
vt 0.4707 0.9897
vt 0.1247 0.9897
vt 0.1091 0.9897
vt 0.4556 0.9897
vt 0.3713 0.3559
vt 0.3795 0.3559
vt 0.1063 0.3559
vt 0.114 0.3559
vt 0.4715 0.3559
vt 0.8162 0.8315
vt 0.7752 0.8315
vt 0.6276 0.8315
vt 0.6229 0.8315
vt 0.7708 0.8315
vt 0.9433 0.5898
vt 0.9893 0.5898
vt 0.7544 0.5898
vt 0.7607 0.5898
vt 0.9375 0.5898
vt 0.3795 0.4418
vt 0.4715 0.4418
vt 0.1063 0.4418
vt 0.114 0.4418
vt 0.3713 0.4418
vt 0.453 0.5233
vt 0.3687 0.5233
vt 0.1253 0.5233
vt 0.1182 0.5233
vt 0.3611 0.5233
vt 0.1091 0.8317
vt 0.9542 0.357
vt 0.8825 0.357
vt 0.883 0.3532
vt 0.9551 0.3532
vt 0.6126 0.357
vt 0.6092 0.357
vt 0.6087 0.3532
vt 0.6121 0.3532
vt 0.8792 0.357
vt 0.8797 0.3532
vt 0.5944 0.3104
vt 0.597 0.3104
vt 0.8934 0.3104
vt 0.8957 0.3104
vt 0.9768 0.3104
vt 0.3236 0.6812
vt 0.3189 0.6812
vt 0.3189 0.6717
vt 0.3236 0.6717
vt 0.1722 0.6812
vt 0.1677 0.6812
vt 0.1677 0.6717
vt 0.1722 0.6717
vt 0.3761 0.6812
vt 0.3761 0.6717
vt 0.5042 0.2671
vt 0.5041 0.2319
vt 0.5054 0.272
vt 0.5048 0.2694
vt 0.5167 0.317
vt 0.5158 0.3135
vt 0.0309 0.7089
vt 0.0309 0.6997
vt 0.043 0.312
vt 0.043 0.3073
vt 0.025 0.3677
vt 0.025 0.3609
vt 0.0261 0.4555
vt 0.025 0.4489
vt 0.0468 0.5412
vt 0.0437 0.5308
vt 0.584 0.7503
vt 0.584 0.7484
vt 0.7292 0.5432
vt 0.7292 0.5367
vt 0.7061 0.5997
vt 0.7061 0.5956
vt 0.7437 0.721
vt 0.7191 0.6635
vt 0.0309 0.9841
vt 0.0309 0.9296
vt 0.1091 0.8468
vt 0.0309 0.8468
vt 0.0309 0.8317
vt 0.584 0.83
vt 0.584 0.8115
vt 0.584 0.7796
vt 0.584 0.7753
vt 0.584 0.8072
vt 0.0309 0.9147
vt 0.0309 0.9897
vt 0.025 0.3559
vt 0.584 0.8315
vt 0.7061 0.5898
vt 0.025 0.4418
vt 0.0437 0.5233
vt 0.5378 0.357
vt 0.5369 0.3532
vt 0.515 0.3104
vt 0.1214 0.6812
vt 0.1214 0.6717
vt 0.9704 0.5432
vt 0.9704 0.5367
vt 0.5564 0.9897
vt 0.5564 0.9841
vt 0.3817 0.6812
vt 0.3817 0.6717
vt 0.8178 0.7503
vt 0.8178 0.7484
vt 0.4587 0.5412
vt 0.4619 0.5308
vt 0.8178 0.8315
vt 0.8178 0.83
vt 0.9908 0.2694
vt 0.9914 0.2671
vt 0.4812 0.4418
vt 0.4812 0.3677
vt 0.4812 0.3609
vt 0.4812 0.3559
vt 0.9902 0.272
vt 0.8178 0.8075
vt 0.8178 0.7793
vt 0.9809 0.3104
vt 0.4812 0.4489
vt 0.8178 0.7753
vt 0.9944 0.5956
vt 0.9944 0.5898
vt 0.9805 0.3135
vt 0.9802 0.317
vt 0.9944 0.5997
vt 0.5564 0.9296
vt 0.5564 0.8317
vt 0.5564 0.7089
vt 0.9584 0.3532
vt 0.5564 0.9142
vt 0.5564 0.8456
vt 0.4627 0.312
vt 0.5564 0.6997
vt 0.9574 0.357
vt 0.8178 0.8115
vt 0.4627 0.3073
vt 0.9915 0.2319
vt 0.4619 0.5233
vt 0.4801 0.4555
vt 0.9554 0.721
vt 0.9809 0.6635
vt 0.4646 0.8456
vt 0.4646 0.8372
vt 0.1141 0.8372
vt 0.4646 0.9142
vt 0.1141 0.8468
vt 0.4906 0.2008
vt 0.187 0.2008
vt 0.6384 0.2008
vt 0.6275 0.2008
vt 0.958 0.2008
vt 0.9488 0.2008
vt 0.5024 0.272
vt 0.5018 0.2694
vt 0.5124 0.317
vt 0.5121 0.3135
vt 0.0254 0.7089
vt 0.0254 0.6997
vt 0.0361 0.312
vt 0.0361 0.3073
vt 0.0176 0.3677
vt 0.0176 0.3609
vt 0.0187 0.4555
vt 0.0176 0.4489
vt 0.04 0.5412
vt 0.0369 0.5308
vt 0.5823 0.7503
vt 0.5823 0.7484
vt 0.725 0.5432
vt 0.725 0.5367
vt 0.7009 0.5997
vt 0.7009 0.5956
vt 0.7399 0.721
vt 0.7145 0.6635
vt 0.0254 0.8468
vt 0.0254 0.8317
vt 0.5823 0.83
vt 0.5823 0.8115
vt 0.5823 0.7796
vt 0.5823 0.7753
vt 0.5823 0.8072
vt 0.0254 0.9147
vt 0.0254 0.9296
vt 0.0176 0.3559
vt 0.5823 0.8315
vt 0.0176 0.4418
vt 0.0369 0.5233
vt 0.5352 0.357
vt 0.5343 0.3532
vt 0.5117 0.3104
vt 0.5012 0.2671
vt 0.1171 0.6812
vt 0.1171 0.6717
vt 0.5828 0.528
vt 0.5841 0.5273
vt 0.5974 0.6118
vt 0.598 0.7037
vt 0.5974 0.7041
vt 0.5967 0.7037
vt 0.5841 0.6964
vt 0.5175 0.5665
vt 0.5175 0.5657
vt 0.6772 0.658
vt 0.6766 0.6583
vt 0.6639 0.6656
vt 0.6626 0.6664
vt 0.612 0.6956
vt 0.6107 0.6964
vt 0.5175 0.658
vt 0.5175 0.6572
vt 0.5974 0.5196
vt 0.598 0.52
vt 0.6626 0.5573
vt 0.6639 0.558
vt 0.6772 0.6411
vt 0.6772 0.6426
vt 0.5182 0.6583
vt 0.5182 0.5653
vt 0.5308 0.558
vt 0.5321 0.5573
vt 0.5967 0.52
vt 0.612 0.5281
vt 0.5308 0.6656
vt 0.5175 0.5811
vt 0.5175 0.5826
vt 0.6772 0.6572
vt 0.5175 0.6426
vt 0.5175 0.641
vt 0.6772 0.5657
vt 0.6772 0.5665
vt 0.6107 0.5273
vt 0.6766 0.5653
vt 0.6772 0.5811
vt 0.5321 0.6664
vt 0.5827 0.6956
vt 0.5011 0.2319
vt 0.0254 0.9841
vt 0.5085 0.2008
vt 0.4992 0.2008
vt 0.1782 0.2008
vt 0.6177 0.2008
vt 0.0254 0.9897
vt 0.7009 0.5898
vt 0.6772 0.5826
vt 0.6584 0.986
vt 0.6584 0.9895
vt 0.6853 0.9895
vt 0.6853 0.986
vt 0.7927 0.986
vt 0.7658 0.9861
vt 0.7658 0.9896
vt 0.7927 0.9895
vt 0.6316 0.986
vt 0.6316 0.9895
vt 0.6048 0.986
vt 0.6048 0.9895
vt 0.7389 0.9861
vt 0.7389 0.9896
vt 0.5779 0.986
vt 0.5779 0.9895
vt 0.7121 0.986
vt 0.7121 0.9896
vt 0.8195 0.986
vt 0.8195 0.9895
vt 0.8464 0.9895
vt 0.8464 0.986
vt 0.7927 0.8584
vt 0.7927 0.8619
vt 0.8195 0.862
vt 0.8195 0.8585
vt 0.6853 0.8585
vt 0.6853 0.862
vt 0.7121 0.862
vt 0.7121 0.8585
vt 0.8464 0.862
vt 0.8464 0.8585
vt 0.7389 0.862
vt 0.7389 0.8585
vt 0.5779 0.8584
vt 0.5779 0.8619
vt 0.6048 0.862
vt 0.6048 0.8584
vt 0.7658 0.8621
vt 0.7658 0.8585
vt 0.6316 0.862
vt 0.6316 0.8584
vt 0.6584 0.862
vt 0.6584 0.8584
vt 0.9876 0.8938
vt 0.9959 0.8682
vt 0.9524 0.8682
vt 0.9088 0.8682
vt 0.9171 0.8426
vt 0.9171 0.8938
vt 0.9876 0.8426
vt 0.9389 0.9096
vt 0.9658 0.8268
vt 0.9658 0.9096
vt 0.9389 0.8268
vt 0.9031 0.9526
vt 0.9445 0.9392
vt 0.9287 0.9174
vt 0.8774 0.9879
vt 0.9031 0.9962
vt 0.9031 0.9091
vt 0.9287 0.9879
vt 0.8774 0.9174
vt 0.9445 0.9661
vt 0.8616 0.9392
vt 0.8616 0.9661
vt 0.1682 0.2008
f 369/1 295/2 14/3 395/4
f 293/5 294/6 15/7 92/8
f 370/9 287/10 16/11 394/12
f 289/13 288/14 17/15 93/16
f 372/17 277/18 18/19 393/20
f 279/21 278/22 19/23 94/24
f 374/25 267/26 20/27 392/28
f 270/29 268/30 21/31 95/32
f 397/33 252/34 22/35 379/36
f 254/37 253/38 23/39 96/40
f 396/41 260/42 24/43 378/44
f 258/45 259/46 25/47 97/48
f 375/49 263/50 26/51 377/52
f 265/53 264/54 27/55 98/56
f 364/57 319/58 28/59 376/60
f 321/61 320/62 29/63 99/64
f 366/65 318/66 30/67 383/68
f 312/69 317/70 31/71 100/72
f 410/73 404/74 32/75 382/76
f 406/77 405/78 33/79 101/80
f 368/81 299/82 34/83 381/84
f 301/85 300/86 35/87 102/88
f 387/89 38/90 36/91 380/92
f 104/93 39/94 37/95 103/96
f 402/97 228/98 42/99 386/100
f 403/101 159/102 43/103 385/104
f 230/105 229/106 44/107 105/108
f 400/109 238/110 48/111 384/112
f 389/113 138/114 49/115 391/116
f 240/117 239/118 50/119 107/120
f 176/121 53/122 44/107 146/123
f 131/124 52/125 42/99 135/126
f 166/127 54/128 49/115 138/114
f 180/129 57/130 50/119 200/131
f 129/132 55/133 48/111 133/134
f 112/135 56/136 51/137 108/138
f 199/139 60/140 64/141 197/142
f 190/143 61/144 65/145 202/146
f 201/147 67/148 63/149 174/150
f 198/151 65/145 61/144 210/152
f 197/142 64/141 68/153 189/154
f 196/155 69/156 65/145 198/151
f 202/146 65/145 69/156 217/157
f 212/158 71/159 67/148 201/147
f 207/160 192/161 73/162 188/163
f 224/164 72/165 68/166 226/167
f 191/168 75/169 71/170 212/171
f 188/163 73/162 69/172 196/173
f 120/174 74/175 70/176 118/177
f 211/178 54/179 76/180 152/181
f 181/182 55/183 77/184 164/185
f 185/186 79/187 57/188 180/189
f 186/190 77/184 55/183 129/191
f 152/181 76/180 80/192 150/193
f 151/194 81/195 77/184 186/190
f 164/185 77/184 81/195 144/196
f 143/197 83/198 79/187 185/186
f 150/193 80/192 84/199 179/200
f 144/196 81/195 85/201 205/202
f 148/203 87/204 83/198 143/197
f 149/205 85/201 81/195 151/194
f 153/206 140/207 89/208 178/209
f 203/210 88/211 84/212 141/213
f 139/214 91/215 87/216 148/217
f 178/209 89/208 85/218 149/219
f 128/220 90/221 86/222 126/223
f 292/224 293/5 92/8 157/225
f 290/226 289/13 93/16 156/227
f 280/228 279/21 94/24 155/229
f 271/230 270/29 95/32 154/231
f 255/232 254/37 96/40 163/233
f 257/234 258/45 97/48 162/235
f 266/236 265/53 98/56 161/237
f 322/238 321/61 99/64 160/239
f 313/240 312/69 100/72 216/241
f 407/242 406/77 101/80 215/243
f 302/244 301/85 102/88 214/245
f 136/246 104/93 103/96 213/247
f 231/248 230/105 105/108 135/126
f 241/249 240/117 107/120 133/134
f 53/122 109/250 105/108 44/107
f 130/251 110/252 106/253 134/254
f 57/130 111/255 107/120 50/119
f 211/256 112/135 108/138 132/257
f 62/258 114/259 116/260 66/261
f 67/148 115/262 113/263 63/149
f 66/261 116/260 118/264 70/265
f 71/159 117/266 115/262 67/148
f 191/168 209/267 119/268 75/169
f 75/169 119/268 117/269 71/170
f 187/270 120/174 118/177 189/271
f 56/272 112/273 122/274 78/275
f 79/187 121/276 111/277 57/188
f 78/275 122/274 124/278 82/279
f 83/198 123/280 121/276 79/187
f 82/279 124/278 126/281 86/282
f 87/204 125/283 123/280 83/198
f 139/214 169/284 127/285 91/215
f 91/215 127/285 125/286 87/216
f 177/287 128/220 126/223 179/288
f 319/58 322/238 160/239 28/59
f 111/255 129/132 133/134 107/120
f 62/289 194/290 165/291 59/292
f 82/293 183/294 221/295 78/296
f 228/98 231/248 135/126 42/99
f 219/297 224/164 192/161 207/160
f 193/298 190/143 202/146 195/299
f 38/90 136/246 213/247 36/91
f 187/270 72/165 224/164 219/297
f 263/50 266/236 161/237 26/51
f 252/34 255/232 163/233 22/35
f 116/260 197/142 189/154 118/264
f 166/300 181/182 164/185 222/301
f 109/250 131/124 135/126 105/108
f 70/302 225/303 170/304 66/305
f 112/273 211/178 152/181 122/274
f 287/10 290/226 156/227 16/11
f 88/211 177/287 179/288 84/212
f 66/305 170/304 194/290 62/289
f 78/296 221/295 167/306 56/307
f 124/278 150/193 179/200 126/281
f 80/192 182/308 141/309 84/199
f 122/274 152/181 150/193 124/278
f 119/268 188/163 196/173 117/269
f 238/110 241/249 133/134 48/111
f 117/266 196/155 198/151 115/262
f 142/310 148/203 143/197 183/294
f 277/18 280/228 155/229 18/19
f 220/311 219/297 207/160 209/267
f 209/267 207/160 188/163 119/268
f 121/276 186/190 129/191 111/277
f 64/141 195/299 226/312 68/153
f 386/100 42/99 147/313 390/314
f 54/179 166/300 222/301 76/180
f 221/295 185/186 180/189 167/306
f 115/262 198/151 210/152 113/263
f 390/314 147/313 159/102 403/101
f 173/315 172/316 169/284 139/214
f 125/283 149/205 151/194 123/280
f 114/259 199/139 197/142 116/260
f 72/165 187/270 189/271 68/166
f 123/280 151/194 186/190 121/276
f 267/26 271/230 154/231 20/27
f 177/287 88/211 203/210 171/317
f 54/128 211/256 132/257 49/115
f 318/66 313/240 216/241 30/67
f 222/301 164/185 144/196 182/308
f 192/161 224/164 226/167 217/318
f 183/294 143/197 185/186 221/295
f 169/284 153/206 178/209 127/285
f 299/82 302/244 214/245 34/83
f 295/2 292/224 157/225 14/3
f 404/74 407/242 215/243 32/75
f 388/319 137/320 138/114 389/113
f 384/112 48/111 137/320 388/319
f 127/285 178/209 149/219 125/286
f 171/317 203/210 140/207 153/206
f 260/42 257/234 162/235 24/43
f 90/221 128/220 172/316 173/315
f 120/174 187/270 219/297 220/311
f 74/175 223/321 225/322 70/176
f 181/323 166/127 138/114 137/320
f 140/207 203/210 141/213 205/324
f 56/136 167/325 145/326 51/137
f 173/315 139/214 148/217 142/327
f 225/303 212/158 201/147 170/304
f 195/299 202/146 217/157 226/312
f 128/220 177/287 171/317 172/316
f 86/328 142/310 183/294 82/293
f 73/162 192/161 217/318 69/172
f 55/133 181/323 137/320 48/111
f 60/140 193/298 195/299 64/141
f 74/175 120/174 220/311 223/321
f 89/208 140/207 205/324 85/218
f 167/325 180/129 200/131 145/326
f 223/321 220/311 209/267 191/168
f 223/321 191/168 212/171 225/322
f 76/180 222/301 182/308 80/192
f 170/304 201/147 174/150 194/290
f 90/221 173/315 142/327 86/222
f 182/308 144/196 205/202 141/309
f 172/316 171/317 153/206 169/284
f 379/329 22/330 228/98 402/97
f 96/331 23/332 229/106 230/105
f 163/333 96/331 230/105 231/248
f 22/330 163/333 231/248 228/98
f 24/43 162/235 235/334 233/335
f 97/48 25/47 232/336 236/337
f 162/235 97/48 236/337 235/334
f 378/44 24/43 233/335 401/338
f 382/339 32/340 238/110 400/109
f 101/341 33/342 239/118 240/117
f 215/343 101/341 240/117 241/249
f 32/340 215/343 241/249 238/110
f 381/84 34/83 243/344 399/345
f 102/88 35/87 244/346 245/347
f 214/245 102/88 245/347 246/348
f 34/83 214/245 246/348 243/344
f 377/52 26/51 248/349 398/350
f 98/56 27/55 249/351 250/352
f 161/237 98/56 250/352 251/353
f 26/51 161/237 251/353 248/349
f 401/338 233/335 252/34 397/33
f 236/337 232/336 253/38 254/37
f 235/334 236/337 254/37 255/232
f 233/335 235/334 255/232 252/34
f 250/352 249/351 259/46 258/45
f 248/349 251/353 257/234 260/42
f 398/350 248/349 260/42 396/41
f 251/353 250/352 258/45 257/234
f 367/354 304/355 263/50 375/49
f 306/356 305/357 264/54 265/53
f 307/358 306/356 265/53 266/236
f 304/355 307/358 266/236 263/50
f 385/104 43/103 267/26 374/25
f 106/253 45/359 268/30 270/29
f 134/254 106/253 270/29 271/230
f 43/103 134/254 271/230 267/26
f 392/360 20/361 273/362 373/363
f 95/364 21/365 274/366 275/367
f 154/368 95/364 275/367 276/369
f 20/361 154/368 276/369 273/362
f 373/363 273/362 277/18 372/17
f 275/367 274/366 278/22 279/21
f 276/369 275/367 279/21 280/228
f 273/362 276/369 280/228 277/18
f 94/24 19/23 282/370 286/371
f 18/19 155/229 285/372 283/373
f 393/20 18/19 283/373 371/374
f 155/229 94/24 286/371 285/372
f 371/374 283/373 287/10 370/9
f 286/371 282/370 288/14 289/13
f 285/372 286/371 289/13 290/226
f 283/373 285/372 290/226 287/10
f 394/12 16/11 295/2 369/1
f 156/227 93/16 293/5 292/224
f 16/11 156/227 292/224 295/2
f 93/16 17/15 294/6 293/5
f 380/92 36/91 299/82 368/81
f 103/96 37/95 300/86 301/85
f 213/247 103/96 301/85 302/244
f 36/91 213/247 302/244 299/82
f 376/60 28/59 304/355 367/354
f 99/64 29/63 305/357 306/356
f 160/239 99/64 306/356 307/358
f 28/59 160/239 307/358 304/355
f 30/375 216/376 314/377 309/378
f 100/379 31/380 308/381 315/382
f 216/376 100/379 315/382 314/377
f 49/115 132/257 313/240 318/66
f 391/116 49/115 318/66 366/65
f 383/383 30/375 309/378 365/384
f 132/257 108/138 312/69 313/240
f 108/138 51/137 317/70 312/69
f 365/384 309/378 319/58 364/57
f 315/382 308/381 320/62 321/61
f 314/377 315/382 321/61 322/238
f 309/378 314/377 322/238 319/58
f 294/6 358/385 324/386 15/7
f 288/14 357/387 325/388 17/15
f 278/22 355/389 326/390 19/23
f 268/30 353/391 327/392 21/31
f 253/38 350/393 328/394 23/39
f 259/46 351/395 329/396 25/47
f 264/54 352/397 330/398 27/55
f 320/62 363/399 331/400 29/63
f 317/70 361/401 332/402 31/71
f 405/78 409/403 333/404 33/79
f 300/86 359/405 334/406 35/87
f 39/94 336/407 335/408 37/95
f 229/106 345/409 337/410 44/107
f 204/411 344/412 338/413 45/359
f 239/118 347/414 339/415 50/119
f 145/326 343/416 340/417 51/137
f 50/119 339/415 342/418 200/131
f 200/131 342/418 343/416 145/326
f 146/123 341/419 344/412 204/411
f 44/107 337/410 341/419 146/123
f 23/332 328/420 345/409 229/106
f 25/47 329/396 346/421 232/336
f 33/342 333/422 347/414 239/118
f 35/87 334/406 348/423 244/346
f 27/55 330/398 349/424 249/351
f 232/336 346/421 350/393 253/38
f 249/351 349/424 351/395 259/46
f 305/357 360/425 352/397 264/54
f 45/359 338/413 353/391 268/30
f 21/365 327/426 354/427 274/366
f 274/366 354/427 355/389 278/22
f 19/23 326/390 356/428 282/370
f 282/370 356/428 357/387 288/14
f 17/15 325/388 358/385 294/6
f 37/95 335/408 359/405 300/86
f 29/63 331/400 360/425 305/357
f 31/380 332/429 362/430 308/381
f 51/137 340/417 361/401 317/70
f 308/381 362/430 363/399 320/62
f 408/431 410/73 382/76 10/432
f 5/433 379/329 402/97 227/434
f 9/435 383/383 365/384 310/436
f 316/437 366/65 383/68 9/438
f 323/439 364/57 376/60 8/440
f 10/441 382/339 400/109 237/442
f 2/443 394/12 369/1 296/444
f 247/445 398/350 396/41 261/446
f 6/447 378/44 401/338 234/448
f 291/449 370/9 394/12 2/443
f 206/450 388/319 389/113 168/451
f 284/452 371/374 370/9 291/449
f 7/453 377/52 398/350 247/445
f 46/454 391/116 366/65 316/437
f 11/455 381/84 399/345 242/456
f 3/457 393/20 371/374 284/452
f 281/458 372/17 393/20 3/457
f 298/459 368/81 381/84 11/455
f 227/434 402/97 386/100 41/460
f 40/461 385/104 374/25 269/462
f 310/436 365/384 364/57 323/439
f 272/463 373/363 372/17 281/458
f 208/464 390/314 403/101 158/465
f 41/460 386/100 390/314 208/464
f 234/448 401/338 397/33 256/466
f 168/451 389/113 391/116 46/454
f 269/462 374/25 392/28 4/467
f 4/468 392/360 373/363 272/463
f 237/442 400/109 384/112 47/469
f 256/466 397/33 379/36 5/470
f 395/4 1/471 296/444 369/1
f 303/472 367/354 375/49 262/473
f 262/473 375/49 377/52 7/453
f 158/465 403/101 385/104 40/461
f 47/469 384/112 388/319 206/450
f 8/440 376/60 367/354 303/472
f 261/446 396/41 378/44 6/447
f 13/474 387/89 380/92 12/475
f 12/475 380/92 368/81 298/459
f 399/345 243/344 404/74 410/73
f 245/347 244/346 405/78 406/77
f 246/348 245/347 406/77 407/242
f 243/344 246/348 407/242 404/74
f 244/346 348/423 409/403 405/78
f 242/456 399/345 410/73 408/431
f 773/1 703/2 424/3 799/4
f 701/5 702/6 425/7 502/8
f 774/9 695/10 426/11 798/12
f 697/13 696/14 427/15 503/16
f 776/17 685/18 428/19 797/20
f 687/21 686/22 429/23 504/24
f 778/25 675/26 430/27 796/28
f 678/29 676/30 431/31 505/32
f 801/33 660/34 432/35 783/36
f 662/37 661/38 433/39 506/40
f 800/41 668/42 434/43 782/44
f 666/45 667/46 435/47 507/48
f 779/49 671/50 436/51 781/52
f 673/53 672/54 437/55 508/56
f 768/57 723/58 438/59 780/60
f 725/61 724/62 439/63 509/64
f 770/65 722/66 440/67 787/68
f 716/69 721/70 441/71 510/72
f 814/73 808/74 442/75 786/76
f 810/77 809/78 443/79 511/80
f 772/81 705/82 444/83 785/84
f 707/85 706/86 445/87 512/88
f 791/89 448/90 446/91 784/92
f 514/93 449/94 447/95 513/96
f 806/97 636/98 452/99 790/100
f 807/101 569/102 453/103 789/104
f 638/105 637/106 454/107 515/108
f 804/109 646/110 458/111 788/112
f 793/113 548/114 459/115 795/116
f 648/117 647/118 460/119 517/120
f 591/476 462/477 453/103 569/102
f 583/121 465/122 454/107 556/123
f 519/252 464/478 455/359 516/253
f 575/127 466/128 459/115 548/114
f 587/129 469/130 460/119 608/131
f 539/132 467/133 458/111 542/134
f 521/135 468/136 461/137 518/138
f 607/139 470/140 474/141 605/142
f 598/143 471/144 475/145 610/146
f 609/147 477/148 473/149 582/150
f 606/151 475/145 471/144 618/152
f 605/142 474/141 478/153 597/154
f 604/155 479/156 475/145 606/151
f 610/146 475/145 479/156 626/157
f 621/158 481/159 477/148 609/147
f 615/160 600/161 483/162 596/163
f 632/164 482/165 478/166 634/167
f 599/168 485/169 481/170 621/171
f 596/163 483/162 479/172 604/173
f 530/174 484/175 480/176 528/177
f 620/178 466/179 486/180 562/181
f 588/182 467/183 487/184 574/185
f 593/186 489/187 469/188 587/189
f 594/190 487/184 467/183 539/191
f 562/181 486/180 490/192 560/193
f 561/194 491/195 487/184 594/190
f 574/185 487/184 491/195 554/196
f 553/197 493/198 489/187 593/186
f 560/193 490/192 494/199 586/200
f 554/196 491/195 495/201 613/202
f 558/203 497/204 493/198 553/197
f 559/205 495/201 491/195 561/194
f 563/206 550/207 499/208 585/209
f 611/210 498/211 494/212 551/213
f 549/214 501/215 497/216 558/217
f 585/209 499/208 495/218 559/219
f 538/220 500/221 496/222 536/223
f 700/224 701/5 502/8 567/225
f 698/226 697/13 503/16 566/227
f 688/228 687/21 504/24 565/229
f 679/230 678/29 505/32 564/231
f 663/232 662/37 506/40 573/233
f 665/234 666/45 507/48 572/235
f 674/236 673/53 508/56 571/237
f 726/238 725/61 509/64 570/239
f 717/240 716/69 510/72 625/241
f 811/242 810/77 511/80 624/243
f 708/244 707/85 512/88 623/245
f 545/246 514/93 513/96 622/247
f 639/248 638/105 515/108 544/126
f 649/249 648/117 517/120 542/134
f 540/251 519/252 516/253 543/254
f 469/130 520/255 517/120 460/119
f 620/256 521/135 518/138 541/257
f 472/258 524/259 526/260 476/261
f 477/148 525/262 523/263 473/149
f 476/261 526/260 528/264 480/265
f 481/159 527/266 525/262 477/148
f 599/168 617/267 529/268 485/169
f 485/169 529/268 527/269 481/170
f 595/270 530/174 528/177 597/271
f 468/272 521/273 532/274 488/275
f 489/187 531/276 520/277 469/188
f 488/275 532/274 534/278 492/279
f 493/198 533/280 531/276 489/187
f 492/279 534/278 536/281 496/282
f 497/204 535/283 533/280 493/198
f 549/214 577/284 537/285 501/215
f 501/215 537/285 535/286 497/216
f 584/287 538/220 536/223 586/288
f 723/58 726/238 570/239 438/59
f 520/255 539/132 542/134 517/120
f 492/293 590/294 629/295 488/296
f 636/98 639/248 544/126 452/99
f 627/297 632/164 600/161 615/160
f 547/479 591/476 569/102 557/313
f 601/298 598/143 610/146 603/299
f 448/90 545/246 622/247 446/91
f 462/477 540/251 543/254 453/103
f 595/270 482/165 632/164 627/297
f 671/50 674/236 571/237 436/51
f 660/34 663/232 573/233 432/35
f 526/260 605/142 597/154 528/264
f 592/480 583/121 556/123 612/411
f 575/300 588/182 574/185 630/301
f 480/302 633/303 578/304 476/305
f 521/273 620/178 562/181 532/274
f 695/10 698/226 566/227 426/11
f 498/211 584/287 586/288 494/212
f 476/305 578/304 602/290 472/289
f 488/296 629/295 576/306 468/307
f 534/278 560/193 586/200 536/281
f 490/192 589/308 551/309 494/199
f 532/274 562/181 560/193 534/278
f 529/268 596/163 604/173 527/269
f 646/110 649/249 542/134 458/111
f 527/266 604/155 606/151 525/262
f 552/310 558/203 553/197 590/294
f 685/18 688/228 565/229 428/19
f 628/311 627/297 615/160 617/267
f 617/267 615/160 596/163 529/268
f 531/276 594/190 539/191 520/277
f 474/141 603/299 634/312 478/153
f 790/100 452/99 557/313 794/314
f 466/179 575/300 630/301 486/180
f 629/295 593/186 587/189 576/306
f 525/262 606/151 618/152 523/263
f 794/314 557/313 569/102 807/101
f 581/315 580/316 577/284 549/214
f 535/283 559/205 561/194 533/280
f 524/259 607/139 605/142 526/260
f 482/165 595/270 597/271 478/166
f 533/280 561/194 594/190 531/276
f 675/26 679/230 564/231 430/27
f 584/287 498/211 611/210 579/317
f 466/128 620/256 541/257 459/115
f 722/66 717/240 625/241 440/67
f 630/301 574/185 554/196 589/308
f 600/161 632/164 634/167 626/318
f 590/294 553/197 593/186 629/295
f 523/263 618/152 619/481 522/482
f 577/284 563/206 585/209 537/285
f 705/82 708/244 623/245 444/83
f 703/2 700/224 567/225 424/3
f 808/74 811/242 624/243 442/75
f 792/319 546/320 548/114 793/113
f 788/112 458/111 546/320 792/319
f 537/285 585/209 559/219 535/286
f 463/125 547/479 557/313 452/99
f 579/317 611/210 550/207 563/206
f 668/42 665/234 572/235 434/43
f 500/221 538/220 580/316 581/315
f 530/174 595/270 627/297 628/311
f 484/175 631/321 633/322 480/176
f 588/323 575/127 548/114 546/320
f 550/207 611/210 551/213 613/324
f 468/136 576/325 555/326 461/137
f 581/315 549/214 558/217 552/327
f 633/303 621/158 609/147 578/304
f 603/299 610/146 626/157 634/312
f 538/220 584/287 579/317 580/316
f 496/328 552/310 590/294 492/293
f 483/162 600/161 626/318 479/172
f 467/133 588/323 546/320 458/111
f 470/140 601/298 603/299 474/141
f 484/175 530/174 628/311 631/321
f 499/208 550/207 613/324 495/218
f 576/325 587/129 608/131 555/326
f 631/321 628/311 617/267 599/168
f 631/321 599/168 621/171 633/322
f 486/180 630/301 589/308 490/192
f 578/304 609/147 582/150 602/290
f 464/478 592/480 612/411 455/359
f 500/221 581/315 552/327 496/222
f 589/308 554/196 613/202 551/309
f 580/316 579/317 563/206 577/284
f 783/329 432/330 636/98 806/97
f 506/331 433/332 637/106 638/105
f 573/333 506/331 638/105 639/248
f 432/330 573/333 639/248 636/98
f 434/43 572/235 643/334 641/335
f 507/48 435/47 640/336 644/337
f 572/235 507/48 644/337 643/334
f 782/44 434/43 641/335 805/338
f 786/339 442/340 646/110 804/109
f 511/341 443/342 647/118 648/117
f 624/343 511/341 648/117 649/249
f 442/340 624/343 649/249 646/110
f 785/84 444/83 651/344 803/345
f 512/88 445/87 652/346 653/347
f 623/245 512/88 653/347 654/348
f 444/83 623/245 654/348 651/344
f 781/52 436/51 656/349 802/350
f 508/56 437/55 657/351 658/352
f 571/237 508/56 658/352 659/353
f 436/51 571/237 659/353 656/349
f 805/338 641/335 660/34 801/33
f 644/337 640/336 661/38 662/37
f 643/334 644/337 662/37 663/232
f 641/335 643/334 663/232 660/34
f 658/352 657/351 667/46 666/45
f 656/349 659/353 665/234 668/42
f 802/350 656/349 668/42 800/41
f 659/353 658/352 666/45 665/234
f 771/354 710/355 671/50 779/49
f 712/356 711/357 672/54 673/53
f 713/358 712/356 673/53 674/236
f 710/355 713/358 674/236 671/50
f 789/104 453/103 675/26 778/25
f 516/253 455/359 676/30 678/29
f 543/254 516/253 678/29 679/230
f 453/103 543/254 679/230 675/26
f 796/360 430/361 681/362 777/363
f 505/364 431/365 682/366 683/367
f 564/368 505/364 683/367 684/369
f 430/361 564/368 684/369 681/362
f 777/363 681/362 685/18 776/17
f 683/367 682/366 686/22 687/21
f 684/369 683/367 687/21 688/228
f 681/362 684/369 688/228 685/18
f 504/24 429/23 690/370 694/371
f 428/19 565/229 693/372 691/373
f 797/20 428/19 691/373 775/374
f 565/229 504/24 694/371 693/372
f 775/374 691/373 695/10 774/9
f 694/371 690/370 696/14 697/13
f 693/372 694/371 697/13 698/226
f 691/373 693/372 698/226 695/10
f 798/12 426/11 703/2 773/1
f 566/227 503/16 701/5 700/224
f 426/11 566/227 700/224 703/2
f 503/16 427/15 702/6 701/5
f 784/92 446/91 705/82 772/81
f 513/96 447/95 706/86 707/85
f 622/247 513/96 707/85 708/244
f 446/91 622/247 708/244 705/82
f 780/60 438/59 710/355 771/354
f 509/64 439/63 711/357 712/356
f 570/239 509/64 712/356 713/358
f 438/59 570/239 713/358 710/355
f 440/375 625/376 718/377 715/378
f 510/379 441/380 714/381 719/382
f 625/376 510/379 719/382 718/377
f 459/115 541/257 717/240 722/66
f 795/116 459/115 722/66 770/65
f 787/383 440/375 715/378 769/384
f 541/257 518/138 716/69 717/240
f 518/138 461/137 721/70 716/69
f 769/384 715/378 723/58 768/57
f 719/382 714/381 724/62 725/61
f 718/377 719/382 725/61 726/238
f 715/378 718/377 726/238 723/58
f 702/6 762/385 728/386 425/7
f 696/14 761/387 729/388 427/15
f 686/22 759/389 730/390 429/23
f 676/30 757/391 731/392 431/31
f 661/38 754/393 732/394 433/39
f 667/46 755/395 733/396 435/47
f 672/54 756/397 734/398 437/55
f 724/62 767/399 735/400 439/63
f 721/70 765/401 736/402 441/71
f 809/78 813/403 737/404 443/79
f 706/86 763/405 738/406 445/87
f 449/94 740/407 739/408 447/95
f 637/106 749/409 741/410 454/107
f 612/411 748/412 742/413 455/359
f 647/118 751/414 743/415 460/119
f 555/326 747/416 744/417 461/137
f 460/119 743/415 746/418 608/131
f 608/131 746/418 747/416 555/326
f 556/123 745/419 748/412 612/411
f 454/107 741/410 745/419 556/123
f 433/332 732/420 749/409 637/106
f 435/47 733/396 750/421 640/336
f 443/342 737/422 751/414 647/118
f 445/87 738/406 752/423 652/346
f 437/55 734/398 753/424 657/351
f 640/336 750/421 754/393 661/38
f 657/351 753/424 755/395 667/46
f 711/357 764/425 756/397 672/54
f 455/359 742/413 757/391 676/30
f 431/365 731/426 758/427 682/366
f 682/366 758/427 759/389 686/22
f 429/23 730/390 760/428 690/370
f 690/370 760/428 761/387 696/14
f 427/15 729/388 762/385 702/6
f 447/95 739/408 763/405 706/86
f 439/63 735/400 764/425 711/357
f 441/380 736/429 766/430 714/381
f 461/137 744/417 765/401 721/70
f 714/381 766/430 767/399 724/62
f 812/431 814/73 786/76 420/432
f 415/433 783/329 806/97 635/434
f 720/437 770/65 787/68 419/438
f 727/439 768/57 780/60 418/440
f 420/441 786/339 804/109 645/442
f 412/443 798/12 773/1 704/444
f 655/445 802/350 800/41 669/446
f 416/447 782/44 805/338 642/448
f 699/449 774/9 798/12 412/443
f 692/452 775/374 774/9 699/449
f 417/453 781/52 802/350 655/445
f 456/454 795/116 770/65 720/437
f 421/455 785/84 803/345 650/456
f 413/457 797/20 775/374 692/452
f 689/458 776/17 797/20 413/457
f 635/434 806/97 790/100 451/460
f 450/461 789/104 778/25 677/462
f 680/463 777/363 776/17 689/458
f 616/464 794/314 807/101 568/465
f 451/460 790/100 794/314 616/464
f 642/448 805/338 801/33 664/466
f 677/462 778/25 796/28 414/467
f 414/468 796/360 777/363 680/463
f 645/442 804/109 788/112 457/469
f 664/466 801/33 783/36 415/470
f 704/444 773/1 799/4 411/471
f 709/472 771/354 779/49 670/473
f 670/473 779/49 781/52 417/453
f 568/465 807/101 789/104 450/461
f 457/469 788/112 792/319 614/450
f 418/440 780/60 771/354 709/472
f 669/446 800/41 782/44 416/447
f 423/474 791/89 784/92 422/475
f 803/345 651/344 808/74 814/73
f 653/347 652/346 809/78 810/77
f 654/348 653/347 810/77 811/242
f 651/344 654/348 811/242 808/74
f 652/346 752/423 813/403 809/78
f 650/456 803/345 814/73 812/431
f 1180/1 1108/2 828/3 1206/4
f 1106/5 1107/6 829/7 906/8
f 1181/9 1100/10 830/11 1205/12
f 1102/13 1101/14 831/15 907/16
f 1183/17 1090/18 832/19 1204/20
f 1092/21 1091/22 833/23 908/24
f 1185/25 1080/26 834/27 1203/28
f 1083/29 1081/30 835/31 909/32
f 1208/33 1065/34 836/35 1190/36
f 1067/37 1066/38 837/39 910/40
f 1207/41 1073/42 838/43 1189/44
f 1071/45 1072/46 839/47 911/48
f 1186/49 1076/50 840/51 1188/52
f 1078/53 1077/54 841/55 912/56
f 1175/57 1130/58 842/59 1187/60
f 1132/61 1131/62 843/63 913/64
f 1177/65 1129/66 844/67 1194/68
f 1123/69 1128/70 845/71 914/72
f 1221/73 1215/74 846/75 1193/76
f 1217/77 1216/78 847/79 915/80
f 1179/81 1111/82 848/83 1192/84
f 1113/85 1112/86 849/87 916/88
f 1198/89 852/90 850/91 1191/92
f 918/93 853/94 851/95 917/96
f 1213/97 1041/98 856/99 1197/100
f 1214/101 973/102 857/103 1196/104
f 1043/105 1042/106 858/107 919/108
f 1211/109 1051/110 862/111 1195/112
f 1200/113 952/114 863/115 1202/116
f 1053/117 1052/118 864/119 921/120
f 979/127 867/128 863/115 952/114
f 991/129 870/130 864/119 1012/131
f 943/132 868/133 862/111 946/134
f 924/135 869/136 865/137 922/138
f 1023/483 871/484 874/140 1011/139
f 1011/139 874/140 878/141 1009/142
f 1002/143 875/144 879/145 1014/146
f 1013/147 881/148 877/149 987/150
f 1010/151 879/145 875/144 1022/152
f 1009/142 878/141 882/153 1001/154
f 1008/155 883/156 879/145 1010/151
f 1014/146 879/145 883/156 1030/157
f 1025/158 885/159 881/148 1013/147
f 1019/160 1004/161 887/162 1000/163
f 1037/164 886/165 882/166 1039/167
f 1003/168 889/169 885/170 1025/171
f 1000/163 887/162 883/172 1008/173
f 934/174 888/175 884/176 932/177
f 1024/178 867/179 890/180 966/181
f 992/182 868/183 891/184 978/185
f 997/186 893/187 870/188 991/189
f 998/190 891/184 868/183 943/191
f 966/181 890/180 894/192 964/193
f 965/194 895/195 891/184 998/190
f 978/185 891/184 895/195 958/196
f 957/197 897/198 893/187 997/186
f 964/193 894/192 898/199 990/200
f 958/196 895/195 899/201 1017/202
f 962/203 901/204 897/198 957/197
f 963/205 899/201 895/195 965/194
f 967/206 954/207 903/208 989/209
f 1015/210 902/211 898/212 955/213
f 953/214 905/215 901/216 962/217
f 989/209 903/208 899/218 963/219
f 942/220 904/221 900/222 940/223
f 1105/224 1106/5 906/8 971/225
f 1103/226 1102/13 907/16 970/227
f 1093/228 1092/21 908/24 969/229
f 1084/230 1083/29 909/32 968/231
f 1068/232 1067/37 910/40 977/233
f 1070/234 1071/45 911/48 976/235
f 1079/236 1078/53 912/56 975/237
f 1133/238 1132/61 913/64 974/239
f 1124/240 1123/69 914/72 1029/241
f 1218/242 1217/77 915/80 1028/243
f 1114/244 1113/85 916/88 1027/245
f 949/246 918/93 917/96 1026/247
f 1044/248 1043/105 919/108 948/126
f 1054/249 1053/117 921/120 946/134
f 870/130 923/255 921/120 864/119
f 1024/256 924/135 922/138 945/257
f 873/485 926/486 928/259 876/258
f 876/258 928/259 930/260 880/261
f 881/148 929/262 927/263 877/149
f 880/261 930/260 932/264 884/265
f 885/159 931/266 929/262 881/148
f 1003/168 1021/267 933/268 889/169
f 889/169 933/268 931/269 885/170
f 999/270 934/174 932/177 1001/271
f 869/272 924/273 936/274 892/275
f 893/187 935/276 923/277 870/188
f 892/275 936/274 938/278 896/279
f 897/198 937/280 935/276 893/187
f 896/279 938/278 940/281 900/282
f 901/204 939/283 937/280 897/198
f 953/214 982/284 941/285 905/215
f 905/215 941/285 939/286 901/216
f 988/287 942/220 940/223 990/288
f 1130/58 1133/238 974/239 842/59
f 926/486 1023/483 1011/139 928/259
f 923/255 943/132 946/134 921/120
f 896/293 994/294 1034/295 892/296
f 1041/98 1044/248 948/126 856/99
f 1032/297 1037/164 1004/161 1019/160
f 951/479 995/476 973/102 961/313
f 1005/298 1002/143 1014/146 1007/299
f 852/90 949/246 1026/247 850/91
f 999/270 886/165 1037/164 1032/297
f 1076/50 1079/236 975/237 840/51
f 1065/34 1068/232 977/233 836/35
f 930/260 1009/142 1001/154 932/264
f 979/300 992/182 978/185 1035/301
f 884/302 1038/303 983/304 880/305
f 924/273 1024/178 966/181 936/274
f 1100/10 1103/226 970/227 830/11
f 902/211 988/287 990/288 898/212
f 880/305 983/304 1006/290 876/289
f 892/296 1034/295 980/306 869/307
f 938/278 964/193 990/200 940/281
f 894/192 993/308 955/309 898/199
f 936/274 966/181 964/193 938/278
f 933/268 1000/163 1008/173 931/269
f 1051/110 1054/249 946/134 862/111
f 931/266 1008/155 1010/151 929/262
f 956/310 962/203 957/197 994/294
f 1090/18 1093/228 969/229 832/19
f 1033/311 1032/297 1019/160 1021/267
f 1021/267 1019/160 1000/163 933/268
f 935/276 998/190 943/191 923/277
f 878/141 1007/299 1039/312 882/153
f 1197/100 856/99 961/313 1201/314
f 867/179 979/300 1035/301 890/180
f 1034/295 997/186 991/189 980/306
f 929/262 1010/151 1022/152 927/263
f 1201/314 961/313 973/102 1214/101
f 986/315 985/316 982/284 953/214
f 939/283 963/205 965/194 937/280
f 928/259 1011/139 1009/142 930/260
f 886/165 999/270 1001/271 882/166
f 937/280 965/194 998/190 935/276
f 1080/26 1084/230 968/231 834/27
f 988/287 902/211 1015/210 984/317
f 867/128 1024/256 945/257 863/115
f 1129/66 1124/240 1029/241 844/67
f 1035/301 978/185 958/196 993/308
f 1004/161 1037/164 1039/167 1030/318
f 994/294 957/197 997/186 1034/295
f 982/284 967/206 989/209 941/285
f 1111/82 1114/244 1027/245 848/83
f 1108/2 1105/224 971/225 828/3
f 1215/74 1218/242 1028/243 846/75
f 1199/319 950/320 952/114 1200/113
f 1195/112 862/111 950/320 1199/319
f 941/285 989/209 963/219 939/286
f 984/317 1015/210 954/207 967/206
f 1073/42 1070/234 976/235 838/43
f 904/221 942/220 985/316 986/315
f 934/174 999/270 1032/297 1033/311
f 888/175 1036/321 1038/322 884/176
f 992/323 979/127 952/114 950/320
f 954/207 1015/210 955/213 1017/324
f 869/136 980/325 959/326 865/137
f 986/315 953/214 962/217 956/327
f 1038/303 1025/158 1013/147 983/304
f 1007/299 1014/146 1030/157 1039/312
f 942/220 988/287 984/317 985/316
f 900/328 956/310 994/294 896/293
f 887/162 1004/161 1030/318 883/172
f 868/133 992/323 950/320 862/111
f 874/140 1005/298 1007/299 878/141
f 888/175 934/174 1033/311 1036/321
f 903/208 954/207 1017/324 899/218
f 980/325 991/129 1012/131 959/326
f 1036/321 1033/311 1021/267 1003/168
f 1036/321 1003/168 1025/171 1038/322
f 890/180 1035/301 993/308 894/192
f 983/304 1013/147 987/150 1006/290
f 904/221 986/315 956/327 900/222
f 993/308 958/196 1017/202 955/309
f 985/316 984/317 967/206 982/284
f 1190/329 836/330 1041/98 1213/97
f 910/331 837/332 1042/106 1043/105
f 977/333 910/331 1043/105 1044/248
f 836/330 977/333 1044/248 1041/98
f 838/43 976/235 1048/334 1046/335
f 911/48 839/47 1045/336 1049/337
f 976/235 911/48 1049/337 1048/334
f 1189/44 838/43 1046/335 1212/338
f 1193/339 846/340 1051/110 1211/109
f 915/341 847/342 1052/118 1053/117
f 1028/343 915/341 1053/117 1054/249
f 846/340 1028/343 1054/249 1051/110
f 1192/84 848/83 1056/344 1210/345
f 916/88 849/87 1057/346 1058/347
f 1027/245 916/88 1058/347 1059/348
f 848/83 1027/245 1059/348 1056/344
f 1188/52 840/51 1061/349 1209/350
f 912/56 841/55 1062/351 1063/352
f 975/237 912/56 1063/352 1064/353
f 840/51 975/237 1064/353 1061/349
f 1212/338 1046/335 1065/34 1208/33
f 1049/337 1045/336 1066/38 1067/37
f 1048/334 1049/337 1067/37 1068/232
f 1046/335 1048/334 1068/232 1065/34
f 1063/352 1062/351 1072/46 1071/45
f 1061/349 1064/353 1070/234 1073/42
f 1209/350 1061/349 1073/42 1207/41
f 1064/353 1063/352 1071/45 1070/234
f 1178/354 1116/355 1076/50 1186/49
f 1118/356 1117/357 1077/54 1078/53
f 1119/358 1118/356 1078/53 1079/236
f 1116/355 1119/358 1079/236 1076/50
f 1196/104 857/103 1080/26 1185/25
f 920/253 859/359 1081/30 1083/29
f 947/254 920/253 1083/29 1084/230
f 857/103 947/254 1084/230 1080/26
f 1203/360 834/361 1086/362 1184/363
f 909/364 835/365 1087/366 1088/367
f 968/368 909/364 1088/367 1089/369
f 834/361 968/368 1089/369 1086/362
f 1184/363 1086/362 1090/18 1183/17
f 1088/367 1087/366 1091/22 1092/21
f 1089/369 1088/367 1092/21 1093/228
f 1086/362 1089/369 1093/228 1090/18
f 908/24 833/23 1095/370 1099/371
f 832/19 969/229 1098/372 1096/373
f 1204/20 832/19 1096/373 1182/374
f 969/229 908/24 1099/371 1098/372
f 1182/374 1096/373 1100/10 1181/9
f 1099/371 1095/370 1101/14 1102/13
f 1098/372 1099/371 1102/13 1103/226
f 1096/373 1098/372 1103/226 1100/10
f 1205/12 830/11 1108/2 1180/1
f 970/227 907/16 1106/5 1105/224
f 830/11 970/227 1105/224 1108/2
f 907/16 831/15 1107/6 1106/5
f 1191/92 850/91 1111/82 1179/81
f 917/96 851/95 1112/86 1113/85
f 1026/247 917/96 1113/85 1114/244
f 850/91 1026/247 1114/244 1111/82
f 1187/60 842/59 1116/355 1178/354
f 913/64 843/63 1117/357 1118/356
f 974/239 913/64 1118/356 1119/358
f 842/59 974/239 1119/358 1116/355
f 844/375 1029/376 1125/377 1121/378
f 914/379 845/380 1120/381 1126/382
f 1029/376 914/379 1126/382 1125/377
f 863/115 945/257 1124/240 1129/66
f 1202/116 863/115 1129/66 1177/65
f 1194/383 844/375 1121/378 1176/384
f 945/257 922/138 1123/69 1124/240
f 922/138 865/137 1128/70 1123/69
f 1176/384 1121/378 1130/58 1175/57
f 1126/382 1120/381 1131/62 1132/61
f 1125/377 1126/382 1132/61 1133/238
f 1121/378 1125/377 1133/238 1130/58
f 1107/6 1169/385 1135/386 829/7
f 1101/14 1168/387 1136/388 831/15
f 1091/22 1166/389 1137/390 833/23
f 1081/30 1164/391 1138/392 835/31
f 1066/38 1161/393 1139/394 837/39
f 1072/46 1162/395 1140/396 839/47
f 1077/54 1163/397 1141/398 841/55
f 1131/62 1174/399 1142/400 843/63
f 1128/70 1172/401 1143/402 845/71
f 1216/78 1220/403 1144/404 847/79
f 1112/86 1170/405 1145/406 849/87
f 853/94 1147/407 1146/408 851/95
f 1042/106 1156/409 1148/410 858/107
f 1016/411 1155/412 1149/413 859/359
f 1052/118 1158/414 1150/415 864/119
f 959/326 1154/416 1151/417 865/137
f 864/119 1150/415 1153/418 1012/131
f 1012/131 1153/418 1154/416 959/326
f 960/123 1152/419 1155/412 1016/411
f 858/107 1148/410 1152/419 960/123
f 837/332 1139/420 1156/409 1042/106
f 839/47 1140/396 1157/421 1045/336
f 847/342 1144/422 1158/414 1052/118
f 849/87 1145/406 1159/423 1057/346
f 841/55 1141/398 1160/424 1062/351
f 1045/336 1157/421 1161/393 1066/38
f 1062/351 1160/424 1162/395 1072/46
f 1117/357 1171/425 1163/397 1077/54
f 859/359 1149/413 1164/391 1081/30
f 835/365 1138/426 1165/427 1087/366
f 1087/366 1165/427 1166/389 1091/22
f 833/23 1137/390 1167/428 1095/370
f 1095/370 1167/428 1168/387 1101/14
f 831/15 1136/388 1169/385 1107/6
f 851/95 1146/408 1170/405 1112/86
f 843/63 1142/400 1171/425 1117/357
f 845/380 1143/429 1173/430 1120/381
f 865/137 1151/417 1172/401 1128/70
f 1120/381 1173/430 1174/399 1131/62
f 1219/431 1221/73 1193/76 824/432
f 819/433 1190/329 1213/97 1040/434
f 823/435 1194/383 1176/384 1122/436
f 1127/437 1177/65 1194/68 823/438
f 1134/439 1175/57 1187/60 822/440
f 824/441 1193/339 1211/109 1050/442
f 816/443 1205/12 1180/1 1109/444
f 1060/445 1209/350 1207/41 1074/446
f 820/447 1189/44 1212/338 1047/448
f 1104/449 1181/9 1205/12 816/443
f 1018/450 1199/319 1200/113 981/451
f 1097/452 1182/374 1181/9 1104/449
f 821/453 1188/52 1209/350 1060/445
f 860/454 1202/116 1177/65 1127/437
f 825/455 1192/84 1210/345 1055/456
f 817/457 1204/20 1182/374 1097/452
f 1094/458 1183/17 1204/20 817/457
f 1110/459 1179/81 1192/84 825/455
f 1040/434 1213/97 1197/100 855/460
f 854/461 1196/104 1185/25 1082/462
f 1122/436 1176/384 1175/57 1134/439
f 1085/463 1184/363 1183/17 1094/458
f 1020/464 1201/314 1214/101 972/465
f 855/460 1197/100 1201/314 1020/464
f 1047/448 1212/338 1208/33 1069/466
f 981/451 1200/113 1202/116 860/454
f 1082/462 1185/25 1203/28 818/467
f 818/468 1203/360 1184/363 1085/463
f 1050/442 1211/109 1195/112 861/469
f 1069/466 1208/33 1190/36 819/470
f 1109/444 1180/1 1206/4 815/471
f 1115/472 1178/354 1186/49 1075/473
f 1075/473 1186/49 1188/52 821/453
f 972/465 1214/101 1196/104 854/461
f 861/469 1195/112 1199/319 1018/450
f 822/440 1187/60 1178/354 1115/472
f 1074/446 1207/41 1189/44 820/447
f 827/474 1198/89 1191/92 826/475
f 826/475 1191/92 1179/81 1110/459
f 1210/345 1056/344 1215/74 1221/73
f 1058/347 1057/346 1216/78 1217/77
f 1059/348 1058/347 1217/77 1218/242
f 1056/344 1059/348 1218/242 1215/74
f 1057/346 1159/423 1220/403 1216/78
f 1055/456 1210/345 1221/73 1219/431
f 1612/387 1542/487 1223/488 1580/388
f 1610/389 1529/489 1225/490 1581/390
f 1608/391 1515/491 1227/492 1582/392
f 1605/393 1500/493 1229/494 1583/394
f 1606/395 1506/495 1231/496 1584/396
f 1607/397 1507/497 1233/498 1585/398
f 1618/399 1578/499 1235/500 1586/400
f 1616/401 1570/501 1237/502 1587/402
f 1665/403 1663/503 1239/504 1588/404
f 1614/405 1549/505 1241/506 1589/406
f 1591/407 1245/507 1243/508 1590/408
f 1624/1 1546/2 1247/3 1650/4
f 1544/5 1545/6 1248/7 1329/8
f 1625/9 1537/10 1249/11 1649/12
f 1539/13 1538/14 1250/15 1330/16
f 1627/17 1525/18 1251/19 1648/20
f 1527/21 1526/22 1252/23 1331/24
f 1629/25 1513/26 1253/27 1647/28
f 1517/29 1514/30 1254/31 1332/32
f 1652/33 1495/34 1255/35 1634/36
f 1497/37 1496/38 1256/39 1333/40
f 1651/41 1504/42 1257/43 1633/44
f 1502/45 1503/46 1258/47 1334/48
f 1630/49 1509/50 1259/51 1632/52
f 1511/53 1510/54 1260/55 1335/56
f 1619/57 1573/58 1261/59 1631/60
f 1575/61 1574/62 1262/63 1336/64
f 1621/65 1572/66 1263/67 1638/68
f 1565/69 1571/70 1264/71 1337/72
f 1666/73 1659/74 1265/75 1637/76
f 1661/77 1660/78 1266/79 1338/80
f 1623/81 1551/82 1267/83 1636/84
f 1553/85 1552/86 1268/87 1339/88
f 1642/89 1271/90 1269/91 1635/92
f 1341/93 1272/94 1270/95 1340/96
f 1599/412 1394/509 1273/510 1593/413
f 1657/97 1468/98 1277/99 1641/100
f 1658/101 1396/102 1278/103 1640/104
f 1470/105 1469/106 1279/107 1342/108
f 1602/414 1478/511 1282/512 1594/415
f 1598/416 1412/513 1281/514 1595/417
f 1655/109 1480/110 1285/111 1639/112
f 1644/113 1374/114 1286/115 1646/116
f 1482/117 1481/118 1287/119 1344/120
f 1413/121 1291/122 1279/107 1382/123
f 1346/252 1290/478 1280/359 1343/253
f 1403/127 1292/128 1286/115 1374/114
f 1417/129 1295/130 1287/119 1437/131
f 1366/132 1293/133 1285/111 1368/134
f 1348/135 1294/136 1288/137 1345/138
f 1449/483 1296/484 1297/140 1436/139
f 1436/139 1297/140 1301/141 1434/142
f 1427/143 1298/144 1302/145 1439/146
f 1438/147 1304/148 1300/149 1411/150
f 1435/151 1302/145 1298/144 1448/152
f 1434/142 1301/141 1305/153 1426/154
f 1433/155 1306/156 1302/145 1435/151
f 1439/146 1302/145 1306/156 1457/157
f 1452/158 1308/159 1304/148 1438/147
f 1445/160 1429/161 1310/162 1425/163
f 1464/164 1309/165 1305/166 1466/167
f 1428/168 1312/169 1308/170 1452/171
f 1425/163 1310/162 1306/172 1433/173
f 1357/174 1311/175 1307/176 1355/177
f 1451/178 1292/179 1313/180 1388/181
f 1418/182 1293/183 1314/184 1401/185
f 1422/186 1316/187 1295/188 1417/189
f 1423/190 1314/184 1293/183 1366/191
f 1388/181 1313/180 1317/192 1386/193
f 1387/194 1318/195 1314/184 1423/190
f 1401/185 1314/184 1318/195 1380/196
f 1379/197 1320/198 1316/187 1422/186
f 1386/193 1317/192 1321/199 1416/200
f 1380/196 1318/195 1322/201 1442/202
f 1384/203 1324/204 1320/198 1379/197
f 1385/205 1322/201 1318/195 1387/194
f 1389/206 1376/207 1326/208 1415/209
f 1440/210 1325/211 1321/212 1377/213
f 1375/214 1328/215 1324/216 1384/217
f 1415/209 1326/208 1322/218 1385/219
f 1365/220 1327/221 1323/222 1363/223
f 1543/224 1544/5 1329/8 1393/225
f 1540/226 1539/13 1330/16 1392/227
f 1528/228 1527/21 1331/24 1391/229
f 1518/230 1517/29 1332/32 1390/231
f 1498/232 1497/37 1333/40 1400/233
f 1501/234 1502/45 1334/48 1399/235
f 1512/236 1511/53 1335/56 1398/237
f 1576/238 1575/61 1336/64 1397/239
f 1566/240 1565/69 1337/72 1456/241
f 1662/242 1661/77 1338/80 1455/243
f 1554/244 1553/85 1339/88 1454/245
f 1371/246 1341/93 1340/96 1453/247
f 1471/248 1470/105 1342/108 1370/126
f 1483/249 1482/117 1344/120 1368/134
f 1295/130 1347/255 1344/120 1287/119
f 1451/256 1348/135 1345/138 1367/257
f 1299/258 1351/259 1353/260 1303/261
f 1304/148 1352/262 1350/263 1300/149
f 1303/261 1353/260 1355/264 1307/265
f 1308/159 1354/266 1352/262 1304/148
f 1428/168 1447/267 1356/268 1312/169
f 1312/169 1356/268 1354/269 1308/170
f 1424/270 1357/174 1355/177 1426/271
f 1294/272 1348/273 1359/274 1315/275
f 1316/187 1358/276 1347/277 1295/188
f 1315/275 1359/274 1361/278 1319/279
f 1320/198 1360/280 1358/276 1316/187
f 1319/279 1361/278 1363/281 1323/282
f 1324/204 1362/283 1360/280 1320/198
f 1375/214 1406/284 1364/285 1328/215
f 1328/215 1364/285 1362/286 1324/216
f 1414/287 1365/220 1363/223 1416/288
f 1573/58 1576/238 1397/239 1261/59
f 1347/255 1366/132 1368/134 1344/120
f 1319/293 1420/294 1461/295 1315/296
f 1468/98 1471/248 1370/126 1277/99
f 1459/297 1464/164 1429/161 1445/160
f 1373/479 1421/476 1396/102 1383/313
f 1430/298 1427/143 1439/146 1432/299
f 1271/90 1371/246 1453/247 1269/91
f 1424/270 1309/165 1464/164 1459/297
f 1509/50 1512/236 1398/237 1259/51
f 1495/34 1498/232 1400/233 1255/35
f 1353/260 1434/142 1426/154 1355/264
f 1403/300 1418/182 1401/185 1462/301
f 1307/302 1465/303 1407/304 1303/305
f 1348/273 1451/178 1388/181 1359/274
f 1537/10 1540/226 1392/227 1249/11
f 1325/211 1414/287 1416/288 1321/212
f 1303/305 1407/304 1431/290 1299/289
f 1315/296 1461/295 1404/306 1294/307
f 1361/278 1386/193 1416/200 1363/281
f 1317/192 1419/308 1377/309 1321/199
f 1359/274 1388/181 1386/193 1361/278
f 1356/268 1425/163 1433/173 1354/269
f 1480/110 1483/249 1368/134 1285/111
f 1354/266 1433/155 1435/151 1352/262
f 1378/310 1384/203 1379/197 1420/294
f 1525/18 1528/228 1391/229 1251/19
f 1460/311 1459/297 1445/160 1447/267
f 1447/267 1445/160 1425/163 1356/268
f 1358/276 1423/190 1366/191 1347/277
f 1301/141 1432/299 1466/312 1305/153
f 1641/100 1277/99 1383/313 1645/314
f 1292/179 1403/300 1462/301 1313/180
f 1461/295 1422/186 1417/189 1404/306
f 1352/262 1435/151 1448/152 1350/263
f 1645/314 1383/313 1396/102 1658/101
f 1410/315 1409/316 1406/284 1375/214
f 1362/283 1385/205 1387/194 1360/280
f 1351/259 1436/139 1434/142 1353/260
f 1594/415 1282/512 1444/515 1597/418
f 1309/165 1424/270 1426/271 1305/166
f 1360/280 1387/194 1423/190 1358/276
f 1513/26 1518/230 1390/231 1253/27
f 1414/287 1325/211 1440/210 1408/317
f 1292/128 1451/256 1367/257 1286/115
f 1572/66 1566/240 1456/241 1263/67
f 1462/301 1401/185 1380/196 1419/308
f 1429/161 1464/164 1466/167 1457/318
f 1420/294 1379/197 1422/186 1461/295
f 1350/263 1448/152 1450/481 1349/482
f 1406/284 1389/206 1415/209 1364/285
f 1551/82 1554/244 1454/245 1267/83
f 1546/2 1543/224 1393/225 1247/3
f 1659/74 1662/242 1455/243 1265/75
f 1643/319 1372/320 1374/114 1644/113
f 1639/112 1285/111 1372/320 1643/319
f 1364/285 1415/209 1385/219 1362/286
f 1289/125 1373/479 1383/313 1277/99
f 1408/317 1440/210 1376/207 1389/206
f 1504/42 1501/234 1399/235 1257/43
f 1327/221 1365/220 1409/316 1410/315
f 1357/174 1424/270 1459/297 1460/311
f 1311/175 1463/321 1465/322 1307/176
f 1418/323 1403/127 1374/114 1372/320
f 1597/418 1444/515 1412/513 1598/416
f 1376/207 1440/210 1377/213 1442/324
f 1294/136 1404/325 1381/326 1288/137
f 1410/315 1375/214 1384/217 1378/327
f 1465/303 1452/158 1438/147 1407/304
f 1596/419 1458/516 1394/509 1599/412
f 1432/299 1439/146 1457/157 1466/312
f 1365/220 1414/287 1408/317 1409/316
f 1323/328 1378/310 1420/294 1319/293
f 1310/162 1429/161 1457/318 1306/172
f 1293/133 1418/323 1372/320 1285/111
f 1297/140 1430/298 1432/299 1301/141
f 1311/175 1357/174 1460/311 1463/321
f 1326/208 1376/207 1442/324 1322/218
f 1404/325 1417/129 1437/131 1381/326
f 1463/321 1460/311 1447/267 1428/168
f 1592/410 1274/517 1458/516 1596/419
f 1463/321 1428/168 1452/171 1465/322
f 1313/180 1462/301 1419/308 1317/192
f 1407/304 1438/147 1411/150 1431/290
f 1327/221 1410/315 1378/327 1323/222
f 1419/308 1380/196 1442/202 1377/309
f 1409/316 1408/317 1389/206 1406/284
f 1634/329 1255/330 1468/98 1657/97
f 1333/331 1256/332 1469/106 1470/105
f 1400/333 1333/331 1470/105 1471/248
f 1255/330 1400/333 1471/248 1468/98
f 1257/43 1399/235 1476/334 1473/335
f 1334/48 1258/47 1472/336 1477/337
f 1584/396 1231/496 1475/518 1601/421
f 1399/235 1334/48 1477/337 1476/334
f 1633/44 1257/43 1473/335 1656/338
f 1588/422 1239/519 1478/511 1602/414
f 1637/339 1265/340 1480/110 1655/109
f 1338/341 1266/342 1481/118 1482/117
f 1455/343 1338/341 1482/117 1483/249
f 1265/340 1455/343 1483/249 1480/110
f 1636/84 1267/83 1485/344 1654/345
f 1339/88 1268/87 1486/346 1487/347
f 1454/245 1339/88 1487/347 1488/348
f 1267/83 1454/245 1488/348 1485/344
f 1585/398 1233/498 1489/520 1604/424
f 1632/52 1259/51 1491/349 1653/350
f 1335/56 1260/55 1492/351 1493/352
f 1398/237 1335/56 1493/352 1494/353
f 1259/51 1398/237 1494/353 1491/349
f 1601/421 1475/518 1500/493 1605/393
f 1656/338 1473/335 1495/34 1652/33
f 1477/337 1472/336 1496/38 1497/37
f 1476/334 1477/337 1497/37 1498/232
f 1473/335 1476/334 1498/232 1495/34
f 1493/352 1492/351 1503/46 1502/45
f 1604/424 1489/520 1506/495 1606/395
f 1491/349 1494/353 1501/234 1504/42
f 1653/350 1491/349 1504/42 1651/41
f 1494/353 1493/352 1502/45 1501/234
f 1615/425 1555/521 1507/497 1607/397
f 1622/354 1557/355 1509/50 1630/49
f 1559/356 1558/357 1510/54 1511/53
f 1560/358 1559/356 1511/53 1512/236
f 1557/355 1560/358 1512/236 1509/50
f 1593/413 1273/510 1515/491 1608/391
f 1640/104 1278/103 1513/26 1629/25
f 1343/253 1280/359 1514/30 1517/29
f 1369/254 1343/253 1517/29 1518/230
f 1278/103 1369/254 1518/230 1513/26
f 1582/426 1227/522 1519/523 1609/427
f 1647/360 1253/361 1521/362 1628/363
f 1332/364 1254/365 1522/366 1523/367
f 1390/368 1332/364 1523/367 1524/369
f 1253/361 1390/368 1524/369 1521/362
f 1609/427 1519/523 1529/489 1610/389
f 1628/363 1521/362 1525/18 1627/17
f 1523/367 1522/366 1526/22 1527/21
f 1524/369 1523/367 1527/21 1528/228
f 1521/362 1524/369 1528/228 1525/18
f 1331/24 1252/23 1531/370 1536/371
f 1581/390 1225/490 1534/524 1611/428
f 1251/19 1391/229 1535/372 1532/373
f 1648/20 1251/19 1532/373 1626/374
f 1391/229 1331/24 1536/371 1535/372
f 1611/428 1534/524 1542/487 1612/387
f 1626/374 1532/373 1537/10 1625/9
f 1536/371 1531/370 1538/14 1539/13
f 1535/372 1536/371 1539/13 1540/226
f 1532/373 1535/372 1540/226 1537/10
f 1649/12 1249/11 1546/2 1624/1
f 1392/227 1330/16 1544/5 1543/224
f 1249/11 1392/227 1543/224 1546/2
f 1580/388 1223/488 1548/525 1613/385
f 1330/16 1250/15 1545/6 1544/5
f 1590/408 1243/508 1549/505 1614/405
f 1635/92 1269/91 1551/82 1623/81
f 1340/96 1270/95 1552/86 1553/85
f 1453/247 1340/96 1553/85 1554/244
f 1269/91 1453/247 1554/244 1551/82
f 1586/400 1235/500 1555/521 1615/425
f 1631/60 1261/59 1557/355 1622/354
f 1336/64 1262/63 1558/357 1559/356
f 1397/239 1336/64 1559/356 1560/358
f 1261/59 1397/239 1560/358 1557/355
f 1263/375 1456/376 1567/377 1562/378
f 1337/379 1264/380 1561/381 1568/382
f 1456/376 1337/379 1568/382 1567/377
f 1587/429 1237/526 1564/527 1617/430
f 1286/115 1367/257 1566/240 1572/66
f 1646/116 1286/115 1572/66 1621/65
f 1638/383 1263/375 1562/378 1620/384
f 1367/257 1345/138 1565/69 1566/240
f 1345/138 1288/137 1571/70 1565/69
f 1595/417 1281/514 1570/501 1616/401
f 1617/430 1564/527 1578/499 1618/399
f 1620/384 1562/378 1573/58 1619/57
f 1568/382 1561/381 1574/62 1575/61
f 1567/377 1568/382 1575/61 1576/238
f 1562/378 1567/377 1576/238 1573/58
f 1545/6 1613/385 1579/386 1248/7
f 1538/14 1612/387 1580/388 1250/15
f 1526/22 1610/389 1581/390 1252/23
f 1514/30 1608/391 1582/392 1254/31
f 1496/38 1605/393 1583/394 1256/39
f 1503/46 1606/395 1584/396 1258/47
f 1510/54 1607/397 1585/398 1260/55
f 1574/62 1618/399 1586/400 1262/63
f 1571/70 1616/401 1587/402 1264/71
f 1660/78 1665/403 1588/404 1266/79
f 1552/86 1614/405 1589/406 1268/87
f 1272/94 1591/407 1590/408 1270/95
f 1469/106 1600/409 1592/410 1279/107
f 1441/411 1599/412 1593/413 1280/359
f 1481/118 1602/414 1594/415 1287/119
f 1381/326 1598/416 1595/417 1288/137
f 1287/119 1594/415 1597/418 1437/131
f 1437/131 1597/418 1598/416 1381/326
f 1382/123 1596/419 1599/412 1441/411
f 1279/107 1592/410 1596/419 1382/123
f 1256/332 1583/420 1600/409 1469/106
f 1258/47 1584/396 1601/421 1472/336
f 1266/342 1588/422 1602/414 1481/118
f 1268/87 1589/406 1603/423 1486/346
f 1260/55 1585/398 1604/424 1492/351
f 1472/336 1601/421 1605/393 1496/38
f 1492/351 1604/424 1606/395 1503/46
f 1558/357 1615/425 1607/397 1510/54
f 1280/359 1593/413 1608/391 1514/30
f 1254/365 1582/426 1609/427 1522/366
f 1522/366 1609/427 1610/389 1526/22
f 1252/23 1581/390 1611/428 1531/370
f 1531/370 1611/428 1612/387 1538/14
f 1250/15 1580/388 1613/385 1545/6
f 1270/95 1590/408 1614/405 1552/86
f 1262/63 1586/400 1615/425 1558/357
f 1264/380 1587/429 1617/430 1561/381
f 1288/137 1595/417 1616/401 1571/70
f 1561/381 1617/430 1618/399 1574/62
f 1664/431 1666/73 1637/76 1240/432
f 1230/433 1634/329 1657/97 1467/434
f 1238/435 1638/383 1620/384 1563/436
f 1569/437 1621/65 1638/68 1238/438
f 1577/439 1619/57 1631/60 1236/440
f 1240/441 1637/339 1655/109 1479/442
f 1224/443 1649/12 1624/1 1547/444
f 1490/445 1653/350 1651/41 1505/446
f 1232/447 1633/44 1656/338 1474/448
f 1541/449 1625/9 1649/12 1224/443
f 1443/450 1643/319 1644/113 1405/451
f 1533/452 1626/374 1625/9 1541/449
f 1234/453 1632/52 1653/350 1490/445
f 1283/454 1646/116 1621/65 1569/437
f 1242/455 1636/84 1654/345 1484/456
f 1226/457 1648/20 1626/374 1533/452
f 1530/458 1627/17 1648/20 1226/457
f 1550/459 1623/81 1636/84 1242/455
f 1467/434 1657/97 1641/100 1276/460
f 1275/461 1640/104 1629/25 1516/462
f 1563/436 1620/384 1619/57 1577/439
f 1520/463 1628/363 1627/17 1530/458
f 1446/464 1645/314 1658/101 1395/465
f 1276/460 1641/100 1645/314 1446/464
f 1474/448 1656/338 1652/33 1499/466
f 1405/451 1644/113 1646/116 1283/454
f 1516/462 1629/25 1647/28 1228/467
f 1228/468 1647/360 1628/363 1520/463
f 1479/442 1655/109 1639/112 1284/469
f 1499/466 1652/33 1634/36 1230/470
f 1547/444 1624/1 1650/4 1222/471
f 1556/472 1622/354 1630/49 1508/473
f 1508/473 1630/49 1632/52 1234/453
f 1395/465 1658/101 1640/104 1275/461
f 1284/469 1639/112 1643/319 1443/450
f 1236/440 1631/60 1622/354 1556/472
f 1505/446 1651/41 1633/44 1232/447
f 1246/474 1642/89 1635/92 1244/475
f 1244/475 1635/92 1623/81 1550/459
f 1654/345 1485/344 1659/74 1666/73
f 1487/347 1486/346 1660/78 1661/77
f 1488/348 1487/347 1661/77 1662/242
f 1485/344 1488/348 1662/242 1659/74
f 1486/346 1603/423 1665/403 1660/78
f 1484/456 1654/345 1666/73 1664/431
f 545/528 448/529 2077/530
f 2053/531 1245/532 2077/530
f 1591/533 1272/534 2077/530
f 1198/535 827/536 2077/530
f 2077/530 1680/537 2002/538
f 2077/530 1706/539 1771/540
f 1802/541 1705/542 2077/530
f 2077/530 1246/543 1147/544
f 2077/530 423/545 336/546
f 136/547 38/548 2077/530
f 2077/530 1245/532 1591/533
f 2195/549 2102/550 2077/530
f 1642/551 1246/543 2077/530
f 2077/530 827/536 740/552
f 2077/530 449/553 514/554
f 2077/530 448/529 791/555
f 2077/530 104/556 136/547
f 2077/530 1271/557 1642/551
f 2077/530 852/558 1198/535
f 949/559 852/558 2077/530
f 2077/530 2102/550 2421/560
f 2077/530 853/561 918/562
f 740/552 449/553 2077/530
f 2077/530 13/563 2370/564
f 2077/530 1705/542 2053/531
f 2077/530 39/565 104/556
f 2077/530 38/548 387/566
f 1147/544 853/561 2077/530
f 2370/564 2103/567 2077/530
f 1371/568 1271/557 2077/530
f 2077/530 918/562 949/559
f 2077/530 1272/534 1341/569
f 791/555 423/545 2077/530
f 2077/530 1771/540 1802/541
f 2024/385 1964/525 1667/570 1990/386
f 2023/387 1959/487 1669/488 1991/388
f 2021/389 1949/489 1670/490 1992/390
f 2019/391 1937/491 1671/492 1993/392
f 2016/393 1924/493 1672/494 1994/394
f 2017/395 1929/495 1673/496 1995/396
f 2018/397 1930/497 1674/498 1996/398
f 2029/399 1989/499 1675/500 1997/400
f 2027/401 1982/501 1676/502 1998/402
f 2075/403 2074/503 1677/504 1999/404
f 2025/405 1965/505 1678/506 2000/406
f 2002/407 1680/507 1679/508 2001/408
f 2035/1 1963/2 1681/3 2061/4
f 1961/5 1962/6 1682/7 1759/8
f 2036/9 1955/10 1683/11 2060/12
f 1957/13 1956/14 1684/15 1760/16
f 2038/17 1945/18 1685/19 2059/20
f 1947/21 1946/22 1686/23 1761/24
f 2040/25 1935/26 1687/27 2058/28
f 1938/29 1936/30 1688/31 1762/32
f 2063/33 1920/34 1689/35 2045/36
f 1922/37 1921/38 1690/39 1763/40
f 2062/41 1928/42 1691/43 2044/44
f 1926/45 1927/46 1692/47 1764/48
f 2041/49 1931/50 1693/51 2043/52
f 1933/53 1932/54 1694/55 1765/56
f 2030/57 1985/58 1695/59 2042/60
f 1987/61 1986/62 1696/63 1766/64
f 2032/65 1984/66 1697/67 2049/68
f 1978/69 1983/70 1698/71 1767/72
f 2076/73 2070/74 1699/75 2048/76
f 2072/77 2071/78 1700/79 1768/80
f 2034/81 1966/82 1701/83 2047/84
f 1968/85 1967/86 1702/87 1769/88
f 2053/89 1705/90 1703/91 2046/92
f 1771/93 1706/94 1704/95 1770/96
f 2011/409 1893/571 1708/517 2003/410
f 2010/412 1824/509 1707/510 2004/413
f 2068/97 1895/98 1709/99 2052/100
f 2069/101 1825/102 1710/103 2051/104
f 1897/105 1896/106 1711/107 1772/108
f 2013/414 1904/511 1714/512 2005/415
f 2009/416 1840/513 1713/514 2006/417
f 2066/109 1905/110 1715/111 2050/112
f 2055/113 1804/114 1716/115 2057/116
f 1907/117 1906/118 1717/119 1774/120
f 1832/127 1719/128 1716/115 1804/114
f 1845/129 1722/130 1717/119 1865/131
f 1796/132 1720/133 1715/111 1799/134
f 1777/135 1721/136 1718/137 1775/138
f 1883/572 1724/573 1728/144 1855/143
f 1874/152 1728/144 1724/573 1875/481
f 1864/139 1727/140 1731/141 1862/142
f 1855/143 1728/144 1732/145 1867/146
f 1866/147 1734/148 1730/149 1839/150
f 1863/151 1732/145 1728/144 1874/152
f 1862/142 1731/141 1735/153 1854/154
f 1861/155 1736/156 1732/145 1863/151
f 1867/146 1732/145 1736/156 1882/157
f 1877/158 1738/159 1734/148 1866/147
f 1872/160 1857/161 1740/162 1853/163
f 1890/164 1739/165 1735/166 1892/167
f 1856/168 1742/169 1738/170 1877/171
f 1853/163 1740/162 1736/172 1861/173
f 1787/174 1741/175 1737/176 1785/177
f 1876/178 1719/179 1743/180 1818/181
f 1846/182 1720/183 1744/184 1830/185
f 1850/186 1746/187 1722/188 1845/189
f 1851/190 1744/184 1720/183 1796/191
f 1818/181 1743/180 1747/192 1816/193
f 1817/194 1748/195 1744/184 1851/190
f 1830/185 1744/184 1748/195 1810/196
f 1809/197 1750/198 1746/187 1850/186
f 1816/193 1747/192 1751/199 1844/200
f 1810/196 1748/195 1752/201 1870/202
f 1814/203 1754/204 1750/198 1809/197
f 1815/205 1752/201 1748/195 1817/194
f 1819/206 1806/207 1756/208 1843/209
f 1868/210 1755/211 1751/212 1807/213
f 1805/214 1758/215 1754/216 1814/217
f 1843/209 1756/208 1752/218 1815/219
f 1795/220 1757/221 1753/222 1793/223
f 1960/224 1961/5 1759/8 1823/225
f 1958/226 1957/13 1760/16 1822/227
f 1948/228 1947/21 1761/24 1821/229
f 1939/230 1938/29 1762/32 1820/231
f 1923/232 1922/37 1763/40 1829/233
f 1925/234 1926/45 1764/48 1828/235
f 1934/236 1933/53 1765/56 1827/237
f 1988/238 1987/61 1766/64 1826/239
f 1979/240 1978/69 1767/72 1881/241
f 2073/242 2072/77 1768/80 1880/243
f 1969/244 1968/85 1769/88 1879/245
f 1802/246 1771/93 1770/96 1878/247
f 1898/248 1897/105 1772/108 1801/126
f 1908/249 1907/117 1774/120 1799/134
f 1722/130 1776/255 1774/120 1717/119
f 1876/256 1777/135 1775/138 1798/257
f 1725/485 1779/486 1781/259 1729/258
f 1730/149 1780/263 1778/482 1726/574
f 1729/258 1781/259 1783/260 1733/261
f 1734/148 1782/262 1780/263 1730/149
f 1733/261 1783/260 1785/264 1737/265
f 1738/159 1784/266 1782/262 1734/148
f 1856/168 1873/267 1786/268 1742/169
f 1742/169 1786/268 1784/269 1738/170
f 1852/270 1787/174 1785/177 1854/271
f 1721/272 1777/273 1789/274 1745/275
f 1746/187 1788/276 1776/277 1722/188
f 1745/275 1789/274 1791/278 1749/279
f 1750/198 1790/280 1788/276 1746/187
f 1749/279 1791/278 1793/281 1753/282
f 1754/204 1792/283 1790/280 1750/198
f 1805/214 1834/284 1794/285 1758/215
f 1758/215 1794/285 1792/286 1754/216
f 1842/287 1795/220 1793/223 1844/288
f 1985/58 1988/238 1826/239 1695/59
f 1776/255 1796/132 1799/134 1774/120
f 1729/289 1859/290 1831/291 1725/292
f 1749/293 1848/294 1887/295 1745/296
f 1895/98 1898/248 1801/126 1709/99
f 1885/297 1890/164 1857/161 1872/160
f 1858/298 1855/143 1867/146 1860/299
f 1705/90 1802/246 1878/247 1703/91
f 1852/270 1739/165 1890/164 1885/297
f 1931/50 1934/236 1827/237 1693/51
f 1920/34 1923/232 1829/233 1689/35
f 1783/260 1862/142 1854/154 1785/264
f 1832/300 1846/182 1830/185 1888/301
f 1737/302 1891/303 1835/304 1733/305
f 1777/273 1876/178 1818/181 1789/274
f 1955/10 1958/226 1822/227 1683/11
f 1755/211 1842/287 1844/288 1751/212
f 1733/305 1835/304 1859/290 1729/289
f 1745/296 1887/295 1833/306 1721/307
f 1791/278 1816/193 1844/200 1793/281
f 1747/192 1847/308 1807/309 1751/199
f 1789/274 1818/181 1816/193 1791/278
f 1786/268 1853/163 1861/173 1784/269
f 1905/110 1908/249 1799/134 1715/111
f 1784/266 1861/155 1863/151 1782/262
f 1808/310 1814/203 1809/197 1848/294
f 1945/18 1948/228 1821/229 1685/19
f 1886/311 1885/297 1872/160 1873/267
f 1873/267 1872/160 1853/163 1786/268
f 1788/276 1851/190 1796/191 1776/277
f 1731/141 1860/299 1892/312 1735/153
f 2052/100 1709/99 1813/313 2056/314
f 1719/179 1832/300 1888/301 1743/180
f 1887/295 1850/186 1845/189 1833/306
f 1782/262 1863/151 1874/152 1780/263
f 2056/314 1813/313 1825/102 2069/101
f 1838/315 1837/316 1834/284 1805/214
f 1792/283 1815/205 1817/194 1790/280
f 1781/259 1864/139 1862/142 1783/260
f 2005/415 1714/512 1871/515 2008/418
f 1739/165 1852/270 1854/271 1735/166
f 1790/280 1817/194 1851/190 1788/276
f 1935/26 1939/230 1820/231 1687/27
f 1842/287 1755/211 1868/210 1836/317
f 1719/128 1876/256 1798/257 1716/115
f 1984/66 1979/240 1881/241 1697/67
f 1888/301 1830/185 1810/196 1847/308
f 1857/161 1890/164 1892/167 1882/318
f 1848/294 1809/197 1850/186 1887/295
f 1780/263 1874/152 1875/481 1778/482
f 1834/284 1819/206 1843/209 1794/285
f 1966/82 1969/244 1879/245 1701/83
f 1963/2 1960/224 1823/225 1681/3
f 2070/74 2073/242 1880/243 1699/75
f 2054/319 1803/320 1804/114 2055/113
f 2050/112 1715/111 1803/320 2054/319
f 1794/285 1843/209 1815/219 1792/286
f 1836/317 1868/210 1806/207 1819/206
f 1928/42 1925/234 1828/235 1691/43
f 1757/221 1795/220 1837/316 1838/315
f 1787/174 1852/270 1885/297 1886/311
f 1741/175 1889/321 1891/322 1737/176
f 1846/323 1832/127 1804/114 1803/320
f 2008/418 1871/515 1840/513 2009/416
f 1806/207 1868/210 1807/213 1870/324
f 1721/136 1833/325 1811/326 1718/137
f 1838/315 1805/214 1814/217 1808/327
f 1891/303 1877/158 1866/147 1835/304
f 1849/575 1883/572 1855/143 1858/298
f 2007/419 1884/516 1824/509 2010/412
f 1860/299 1867/146 1882/157 1892/312
f 1795/220 1842/287 1836/317 1837/316
f 1753/328 1808/310 1848/294 1749/293
f 1740/162 1857/161 1882/318 1736/172
f 1720/133 1846/323 1803/320 1715/111
f 1727/140 1858/298 1860/299 1731/141
f 1741/175 1787/174 1886/311 1889/321
f 1756/208 1806/207 1870/324 1752/218
f 1833/325 1845/129 1865/131 1811/326
f 1889/321 1886/311 1873/267 1856/168
f 2003/410 1708/517 1884/516 2007/419
f 1889/321 1856/168 1877/171 1891/322
f 1743/180 1888/301 1847/308 1747/192
f 1835/304 1866/147 1839/150 1859/290
f 1723/484 1849/575 1858/298 1727/140
f 1757/221 1838/315 1808/327 1753/222
f 1847/308 1810/196 1870/202 1807/309
f 1837/316 1836/317 1819/206 1834/284
f 1994/420 1672/576 1893/571 2011/409
f 2045/329 1689/330 1895/98 2068/97
f 1763/331 1690/332 1896/106 1897/105
f 1829/333 1763/331 1897/105 1898/248
f 1689/330 1829/333 1898/248 1895/98
f 1691/43 1828/235 1902/334 1900/335
f 1764/48 1692/47 1899/336 1903/337
f 1995/396 1673/496 1901/518 2012/421
f 1828/235 1764/48 1903/337 1902/334
f 2044/44 1691/43 1900/335 2067/338
f 1999/422 1677/519 1904/511 2013/414
f 2048/339 1699/340 1905/110 2066/109
f 1768/341 1700/342 1906/118 1907/117
f 1880/343 1768/341 1907/117 1908/249
f 1699/340 1880/343 1908/249 1905/110
f 2000/406 1678/506 1909/577 2014/423
f 2047/84 1701/83 1911/344 2065/345
f 1769/88 1702/87 1912/346 1913/347
f 1879/245 1769/88 1913/347 1914/348
f 1701/83 1879/245 1914/348 1911/344
f 1996/398 1674/498 1915/520 2015/424
f 2043/52 1693/51 1916/349 2064/350
f 1765/56 1694/55 1917/351 1918/352
f 1827/237 1765/56 1918/352 1919/353
f 1693/51 1827/237 1919/353 1916/349
f 2012/421 1901/518 1924/493 2016/393
f 2067/338 1900/335 1920/34 2063/33
f 1903/337 1899/336 1921/38 1922/37
f 1902/334 1903/337 1922/37 1923/232
f 1900/335 1902/334 1923/232 1920/34
f 1918/352 1917/351 1927/46 1926/45
f 2015/424 1915/520 1929/495 2017/395
f 1916/349 1919/353 1925/234 1928/42
f 2064/350 1916/349 1928/42 2062/41
f 1919/353 1918/352 1926/45 1925/234
f 2026/425 1970/521 1930/497 2018/397
f 2033/354 1971/355 1931/50 2041/49
f 1973/356 1972/357 1932/54 1933/53
f 1974/358 1973/356 1933/53 1934/236
f 1971/355 1974/358 1934/236 1931/50
f 2004/413 1707/510 1937/491 2019/391
f 2051/104 1710/103 1935/26 2040/25
f 1773/253 1712/359 1936/30 1938/29
f 1800/254 1773/253 1938/29 1939/230
f 1710/103 1800/254 1939/230 1935/26
f 1993/426 1671/522 1940/523 2020/427
f 2058/360 1687/361 1941/362 2039/363
f 1762/364 1688/365 1942/366 1943/367
f 1820/368 1762/364 1943/367 1944/369
f 1687/361 1820/368 1944/369 1941/362
f 2020/427 1940/523 1949/489 2021/389
f 2039/363 1941/362 1945/18 2038/17
f 1943/367 1942/366 1946/22 1947/21
f 1944/369 1943/367 1947/21 1948/228
f 1941/362 1944/369 1948/228 1945/18
f 1761/24 1686/23 1950/370 1954/371
f 1992/390 1670/490 1952/524 2022/428
f 1685/19 1821/229 1953/372 1951/373
f 2059/20 1685/19 1951/373 2037/374
f 1821/229 1761/24 1954/371 1953/372
f 2022/428 1952/524 1959/487 2023/387
f 2037/374 1951/373 1955/10 2036/9
f 1954/371 1950/370 1956/14 1957/13
f 1953/372 1954/371 1957/13 1958/226
f 1951/373 1953/372 1958/226 1955/10
f 2060/12 1683/11 1963/2 2035/1
f 1822/227 1760/16 1961/5 1960/224
f 1683/11 1822/227 1960/224 1963/2
f 1991/388 1669/488 1964/525 2024/385
f 1760/16 1684/15 1962/6 1961/5
f 2001/408 1679/508 1965/505 2025/405
f 2046/92 1703/91 1966/82 2034/81
f 1770/96 1704/95 1967/86 1968/85
f 1878/247 1770/96 1968/85 1969/244
f 1703/91 1878/247 1969/244 1966/82
f 1997/400 1675/500 1970/521 2026/425
f 2042/60 1695/59 1971/355 2033/354
f 1766/64 1696/63 1972/357 1973/356
f 1826/239 1766/64 1973/356 1974/358
f 1695/59 1826/239 1974/358 1971/355
f 1697/375 1881/376 1980/377 1976/378
f 1767/379 1698/380 1975/381 1981/382
f 1881/376 1767/379 1981/382 1980/377
f 1998/429 1676/526 1977/527 2028/430
f 1716/115 1798/257 1979/240 1984/66
f 2057/116 1716/115 1984/66 2032/65
f 2049/383 1697/375 1976/378 2031/384
f 1798/257 1775/138 1978/69 1979/240
f 1775/138 1718/137 1983/70 1978/69
f 2006/417 1713/514 1982/501 2027/401
f 2028/430 1977/527 1989/499 2029/399
f 2031/384 1976/378 1985/58 2030/57
f 1981/382 1975/381 1986/62 1987/61
f 1980/377 1981/382 1987/61 1988/238
f 1976/378 1980/377 1988/238 1985/58
f 1962/6 2024/385 1990/386 1682/7
f 1956/14 2023/387 1991/388 1684/15
f 1946/22 2021/389 1992/390 1686/23
f 1936/30 2019/391 1993/392 1688/31
f 1921/38 2016/393 1994/394 1690/39
f 1927/46 2017/395 1995/396 1692/47
f 1932/54 2018/397 1996/398 1694/55
f 1986/62 2029/399 1997/400 1696/63
f 1983/70 2027/401 1998/402 1698/71
f 2071/78 2075/403 1999/404 1700/79
f 1967/86 2025/405 2000/406 1702/87
f 1706/94 2002/407 2001/408 1704/95
f 1896/106 2011/409 2003/410 1711/107
f 1869/411 2010/412 2004/413 1712/359
f 1906/118 2013/414 2005/415 1717/119
f 1811/326 2009/416 2006/417 1718/137
f 1717/119 2005/415 2008/418 1865/131
f 1865/131 2008/418 2009/416 1811/326
f 1812/123 2007/419 2010/412 1869/411
f 1711/107 2003/410 2007/419 1812/123
f 1690/332 1994/420 2011/409 1896/106
f 1692/47 1995/396 2012/421 1899/336
f 1700/342 1999/422 2013/414 1906/118
f 1702/87 2000/406 2014/423 1912/346
f 1694/55 1996/398 2015/424 1917/351
f 1899/336 2012/421 2016/393 1921/38
f 1917/351 2015/424 2017/395 1927/46
f 1972/357 2026/425 2018/397 1932/54
f 1712/359 2004/413 2019/391 1936/30
f 1688/365 1993/426 2020/427 1942/366
f 1942/366 2020/427 2021/389 1946/22
f 1686/23 1992/390 2022/428 1950/370
f 1950/370 2022/428 2023/387 1956/14
f 1684/15 1991/388 2024/385 1962/6
f 1704/95 2001/408 2025/405 1967/86
f 1696/63 1997/400 2026/425 1972/357
f 1698/380 1998/429 2028/430 1975/381
f 1718/137 2006/417 2027/401 1983/70
f 1975/381 2028/430 2029/399 1986/62
f 2014/423 1909/577 2074/503 2075/403
f 2065/345 1911/344 2070/74 2076/73
f 1913/347 1912/346 2071/78 2072/77
f 1914/348 1913/347 2072/77 2073/242
f 1911/344 1914/348 2073/242 2070/74
f 1912/346 2014/423 2075/403 2071/78
f 336/546 39/565 2077/530
f 2077/530 2164/578 2195/549
f 2077/530 1341/569 1371/568
f 2077/530 514/554 545/528
f 387/566 13/563 2077/530
f 2421/560 1680/537 2077/530
f 2077/530 2103/567 2164/578
f 2002/538 1706/539 2077/530
f 2403/1 2337/2 2078/3 2429/4
f 2335/5 2336/6 2079/7 2152/8
f 2404/9 2330/10 2080/11 2428/12
f 2332/13 2331/14 2081/15 2153/16
f 2406/17 2322/18 2082/19 2427/20
f 2324/21 2323/22 2083/23 2154/24
f 2408/25 2314/26 2084/27 2426/28
f 2316/29 2315/30 2085/31 2155/32
f 2431/33 2302/34 2086/35 2413/36
f 2304/37 2303/38 2087/39 2156/40
f 2430/41 2309/42 2088/43 2412/44
f 2307/45 2308/46 2089/47 2157/48
f 2409/49 2310/50 2090/51 2411/52
f 2312/53 2311/54 2091/55 2158/56
f 2398/57 2354/58 2092/59 2410/60
f 2356/61 2355/62 2093/63 2159/64
f 2400/65 2353/66 2094/67 2417/68
f 2348/69 2352/70 2095/71 2160/72
f 2443/73 2438/74 2096/75 2416/76
f 2440/77 2439/78 2097/79 2161/80
f 2402/81 2338/82 2098/83 2415/84
f 2340/85 2339/86 2099/87 2162/88
f 2421/89 2102/90 2100/91 2414/92
f 2164/93 2103/94 2101/95 2163/96
f 2436/97 2282/98 2104/99 2420/100
f 2437/101 2217/102 2105/103 2419/104
f 2284/105 2283/106 2106/107 2165/108
f 2434/109 2290/110 2108/111 2418/112
f 2423/113 2197/114 2109/115 2425/116
f 2292/117 2291/118 2110/119 2167/120
f 2240/476 2112/477 2105/103 2217/102
f 2232/121 2114/122 2106/107 2205/123
f 2170/252 2113/478 2107/359 2166/253
f 2224/127 2115/128 2109/115 2197/114
f 2236/129 2118/130 2110/119 2256/131
f 2189/132 2116/133 2108/111 2192/134
f 2172/135 2117/136 2111/137 2168/138
f 2273/572 2119/573 2121/144 2246/143
f 2255/139 2120/140 2124/141 2253/142
f 2246/143 2121/144 2125/145 2258/146
f 2257/147 2127/148 2123/149 2231/150
f 2254/151 2125/145 2121/144 2264/152
f 2253/142 2124/141 2128/153 2245/154
f 2252/155 2129/156 2125/145 2254/151
f 2258/146 2125/145 2129/156 2272/157
f 2267/158 2131/159 2127/148 2257/147
f 2262/160 2248/161 2133/162 2244/163
f 2279/164 2132/165 2128/166 2281/167
f 2247/168 2135/169 2131/170 2267/171
f 2244/163 2133/162 2129/172 2252/173
f 2180/174 2134/175 2130/176 2178/177
f 2266/178 2115/179 2136/180 2211/181
f 2237/182 2116/183 2137/184 2222/185
f 2241/186 2139/187 2118/188 2236/189
f 2242/190 2137/184 2116/183 2189/191
f 2211/181 2136/180 2140/192 2209/193
f 2210/194 2141/195 2137/184 2242/190
f 2222/185 2137/184 2141/195 2203/196
f 2202/197 2143/198 2139/187 2241/186
f 2209/193 2140/192 2144/199 2235/200
f 2203/196 2141/195 2145/201 2261/202
f 2207/203 2147/204 2143/198 2202/197
f 2208/205 2145/201 2141/195 2210/194
f 2212/206 2199/207 2149/208 2234/209
f 2259/210 2148/211 2144/212 2200/213
f 2198/214 2151/215 2147/216 2207/217
f 2234/209 2149/208 2145/218 2208/219
f 2188/220 2150/221 2146/222 2186/223
f 2334/224 2335/5 2152/8 2216/225
f 2333/226 2332/13 2153/16 2215/227
f 2325/228 2324/21 2154/24 2214/229
f 2317/230 2316/29 2155/32 2213/231
f 2305/232 2304/37 2156/40 2221/233
f 2306/234 2307/45 2157/48 2220/235
f 2313/236 2312/53 2158/56 2219/237
f 2357/238 2356/61 2159/64 2218/239
f 2349/240 2348/69 2160/72 2271/241
f 2441/242 2440/77 2161/80 2270/243
f 2341/244 2340/85 2162/88 2269/245
f 2195/246 2164/93 2163/96 2268/247
f 2285/248 2284/105 2165/108 2194/126
f 2293/249 2292/117 2167/120 2192/134
f 2114/122 2169/250 2165/108 2106/107
f 2118/130 2171/255 2167/120 2110/119
f 2266/256 2172/135 2168/138 2191/257
f 2122/258 2174/259 2176/260 2126/261
f 2127/148 2175/262 2173/263 2123/149
f 2126/261 2176/260 2178/264 2130/265
f 2131/159 2177/266 2175/262 2127/148
f 2247/168 2263/267 2179/268 2135/169
f 2135/169 2179/268 2177/269 2131/170
f 2243/270 2180/174 2178/177 2245/271
f 2117/272 2172/273 2182/274 2138/275
f 2139/187 2181/276 2171/277 2118/188
f 2138/275 2182/274 2184/278 2142/279
f 2143/198 2183/280 2181/276 2139/187
f 2142/279 2184/278 2186/281 2146/282
f 2147/204 2185/283 2183/280 2143/198
f 2198/214 2226/284 2187/285 2151/215
f 2151/215 2187/285 2185/286 2147/216
f 2233/287 2188/220 2186/223 2235/288
f 2354/58 2357/238 2218/239 2092/59
f 2171/255 2189/132 2192/134 2167/120
f 2142/293 2239/294 2276/295 2138/296
f 2282/98 2285/248 2194/126 2104/99
f 2274/297 2279/164 2248/161 2262/160
f 2249/298 2246/143 2258/146 2251/299
f 2102/90 2195/246 2268/247 2100/91
f 2243/270 2132/165 2279/164 2274/297
f 2310/50 2313/236 2219/237 2090/51
f 2302/34 2305/232 2221/233 2086/35
f 2176/260 2253/142 2245/154 2178/264
f 2224/300 2237/182 2222/185 2277/301
f 2169/250 2190/124 2194/126 2165/108
f 2130/302 2280/303 2227/304 2126/305
f 2172/273 2266/178 2211/181 2182/274
f 2330/10 2333/226 2215/227 2080/11
f 2148/211 2233/287 2235/288 2144/212
f 2126/305 2227/304 2250/290 2122/289
f 2138/296 2276/295 2225/306 2117/307
f 2184/278 2209/193 2235/200 2186/281
f 2140/192 2238/308 2200/309 2144/199
f 2182/274 2211/181 2209/193 2184/278
f 2179/268 2244/163 2252/173 2177/269
f 2290/110 2293/249 2192/134 2108/111
f 2177/266 2252/155 2254/151 2175/262
f 2201/310 2207/203 2202/197 2239/294
f 2322/18 2325/228 2214/229 2082/19
f 2275/311 2274/297 2262/160 2263/267
f 2263/267 2262/160 2244/163 2179/268
f 2181/276 2242/190 2189/191 2171/277
f 2124/141 2251/299 2281/312 2128/153
f 2420/100 2104/99 2206/313 2424/314
f 2115/179 2224/300 2277/301 2136/180
f 2276/295 2241/186 2236/189 2225/306
f 2175/262 2254/151 2264/152 2173/263
f 2424/314 2206/313 2217/102 2437/101
f 2230/315 2229/316 2226/284 2198/214
f 2185/283 2208/205 2210/194 2183/280
f 2174/259 2255/139 2253/142 2176/260
f 2132/165 2243/270 2245/271 2128/166
f 2183/280 2210/194 2242/190 2181/276
f 2314/26 2317/230 2213/231 2084/27
f 2233/287 2148/211 2259/210 2228/317
f 2115/128 2266/256 2191/257 2109/115
f 2353/66 2349/240 2271/241 2094/67
f 2277/301 2222/185 2203/196 2238/308
f 2248/161 2279/164 2281/167 2272/318
f 2239/294 2202/197 2241/186 2276/295
f 2226/284 2212/206 2234/209 2187/285
f 2338/82 2341/244 2269/245 2098/83
f 2337/2 2334/224 2216/225 2078/3
f 2438/74 2441/242 2270/243 2096/75
f 2422/319 2196/320 2197/114 2423/113
f 2418/112 2108/111 2196/320 2422/319
f 2187/285 2234/209 2208/219 2185/286
f 2228/317 2259/210 2199/207 2212/206
f 2309/42 2306/234 2220/235 2088/43
f 2150/221 2188/220 2229/316 2230/315
f 2180/174 2243/270 2274/297 2275/311
f 2134/175 2278/321 2280/322 2130/176
f 2237/323 2224/127 2197/114 2196/320
f 2199/207 2259/210 2200/213 2261/324
f 2117/136 2225/325 2204/326 2111/137
f 2230/315 2198/214 2207/217 2201/327
f 2280/303 2267/158 2257/147 2227/304
f 2251/299 2258/146 2272/157 2281/312
f 2188/220 2233/287 2228/317 2229/316
f 2146/328 2201/310 2239/294 2142/293
f 2133/162 2248/161 2272/318 2129/172
f 2116/133 2237/323 2196/320 2108/111
f 2120/140 2249/298 2251/299 2124/141
f 2134/175 2180/174 2275/311 2278/321
f 2149/208 2199/207 2261/324 2145/218
f 2225/325 2236/129 2256/131 2204/326
f 2278/321 2275/311 2263/267 2247/168
f 2278/321 2247/168 2267/171 2280/322
f 2136/180 2277/301 2238/308 2140/192
f 2227/304 2257/147 2231/150 2250/290
f 2150/221 2230/315 2201/327 2146/222
f 2238/308 2203/196 2261/202 2200/309
f 2229/316 2228/317 2212/206 2226/284
f 2413/329 2086/330 2282/98 2436/97
f 2156/331 2087/332 2283/106 2284/105
f 2221/333 2156/331 2284/105 2285/248
f 2086/330 2221/333 2285/248 2282/98
f 2088/43 2220/235 2288/334 2287/335
f 2157/48 2089/47 2286/336 2289/337
f 2220/235 2157/48 2289/337 2288/334
f 2412/44 2088/43 2287/335 2435/338
f 2416/339 2096/340 2290/110 2434/109
f 2161/341 2097/342 2291/118 2292/117
f 2270/343 2161/341 2292/117 2293/249
f 2096/340 2270/343 2293/249 2290/110
f 2415/84 2098/83 2294/344 2433/345
f 2162/88 2099/87 2295/346 2296/347
f 2269/245 2162/88 2296/347 2297/348
f 2098/83 2269/245 2297/348 2294/344
f 2411/52 2090/51 2298/349 2432/350
f 2158/56 2091/55 2299/351 2300/352
f 2219/237 2158/56 2300/352 2301/353
f 2090/51 2219/237 2301/353 2298/349
f 2435/338 2287/335 2302/34 2431/33
f 2289/337 2286/336 2303/38 2304/37
f 2288/334 2289/337 2304/37 2305/232
f 2287/335 2288/334 2305/232 2302/34
f 2300/352 2299/351 2308/46 2307/45
f 2298/349 2301/353 2306/234 2309/42
f 2432/350 2298/349 2309/42 2430/41
f 2301/353 2300/352 2307/45 2306/234
f 2401/354 2342/355 2310/50 2409/49
f 2344/356 2343/357 2311/54 2312/53
f 2345/358 2344/356 2312/53 2313/236
f 2342/355 2345/358 2313/236 2310/50
f 2419/104 2105/103 2314/26 2408/25
f 2166/253 2107/359 2315/30 2316/29
f 2193/254 2166/253 2316/29 2317/230
f 2105/103 2193/254 2317/230 2314/26
f 2426/360 2084/361 2318/362 2407/363
f 2155/364 2085/365 2319/366 2320/367
f 2213/368 2155/364 2320/367 2321/369
f 2084/361 2213/368 2321/369 2318/362
f 2407/363 2318/362 2322/18 2406/17
f 2320/367 2319/366 2323/22 2324/21
f 2321/369 2320/367 2324/21 2325/228
f 2318/362 2321/369 2325/228 2322/18
f 2154/24 2083/23 2326/370 2329/371
f 2082/19 2214/229 2328/372 2327/373
f 2427/20 2082/19 2327/373 2405/374
f 2214/229 2154/24 2329/371 2328/372
f 2405/374 2327/373 2330/10 2404/9
f 2329/371 2326/370 2331/14 2332/13
f 2328/372 2329/371 2332/13 2333/226
f 2327/373 2328/372 2333/226 2330/10
f 2428/12 2080/11 2337/2 2403/1
f 2215/227 2153/16 2335/5 2334/224
f 2080/11 2215/227 2334/224 2337/2
f 2153/16 2081/15 2336/6 2335/5
f 2414/92 2100/91 2338/82 2402/81
f 2163/96 2101/95 2339/86 2340/85
f 2268/247 2163/96 2340/85 2341/244
f 2100/91 2268/247 2341/244 2338/82
f 2410/60 2092/59 2342/355 2401/354
f 2159/64 2093/63 2343/357 2344/356
f 2218/239 2159/64 2344/356 2345/358
f 2092/59 2218/239 2345/358 2342/355
f 2094/375 2271/376 2350/377 2347/378
f 2160/379 2095/380 2346/381 2351/382
f 2271/376 2160/379 2351/382 2350/377
f 2109/115 2191/257 2349/240 2353/66
f 2425/116 2109/115 2353/66 2400/65
f 2417/383 2094/375 2347/378 2399/384
f 2191/257 2168/138 2348/69 2349/240
f 2168/138 2111/137 2352/70 2348/69
f 2399/384 2347/378 2354/58 2398/57
f 2351/382 2346/381 2355/62 2356/61
f 2350/377 2351/382 2356/61 2357/238
f 2347/378 2350/377 2357/238 2354/58
f 2336/6 2392/385 2358/386 2079/7
f 2331/14 2391/387 2359/388 2081/15
f 2323/22 2389/389 2360/390 2083/23
f 2315/30 2387/391 2361/392 2085/31
f 2303/38 2384/393 2362/394 2087/39
f 2308/46 2385/395 2363/396 2089/47
f 2311/54 2386/397 2364/398 2091/55
f 2355/62 2397/399 2365/400 2093/63
f 2352/70 2395/401 2366/402 2095/71
f 2439/78 2442/403 2367/404 2097/79
f 2339/86 2393/405 2368/406 2099/87
f 2103/94 2370/407 2369/408 2101/95
f 2283/106 2379/409 2371/410 2106/107
f 2260/411 2378/412 2372/413 2107/359
f 2291/118 2381/414 2373/415 2110/119
f 2204/326 2377/416 2374/417 2111/137
f 2110/119 2373/415 2376/418 2256/131
f 2256/131 2376/418 2377/416 2204/326
f 2205/123 2375/419 2378/412 2260/411
f 2106/107 2371/410 2375/419 2205/123
f 2087/332 2362/420 2379/409 2283/106
f 2089/47 2363/396 2380/421 2286/336
f 2097/342 2367/422 2381/414 2291/118
f 2099/87 2368/406 2382/423 2295/346
f 2091/55 2364/398 2383/424 2299/351
f 2286/336 2380/421 2384/393 2303/38
f 2299/351 2383/424 2385/395 2308/46
f 2343/357 2394/425 2386/397 2311/54
f 2107/359 2372/413 2387/391 2315/30
f 2085/365 2361/426 2388/427 2319/366
f 2319/366 2388/427 2389/389 2323/22
f 2083/23 2360/390 2390/428 2326/370
f 2326/370 2390/428 2391/387 2331/14
f 2081/15 2359/388 2392/385 2336/6
f 2101/95 2369/408 2393/405 2339/86
f 2093/63 2365/400 2394/425 2343/357
f 2095/380 2366/429 2396/430 2346/381
f 2111/137 2374/417 2395/401 2352/70
f 2346/381 2396/430 2397/399 2355/62
f 2433/345 2294/344 2438/74 2443/73
f 2296/347 2295/346 2439/78 2440/77
f 2297/348 2296/347 2440/77 2441/242
f 2294/344 2297/348 2441/242 2438/74
f 2295/346 2382/423 2442/403 2439/78
f 2476/579 2458/580 2457/581 2485/582
f 2477/583 2484/584 2454/585 2463/586
f 2478/587 2459/588 2458/580 2476/579
f 2479/589 2460/590 2459/588 2478/587
f 2480/591 2455/592 2454/585 2484/584
f 2481/593 2461/594 2460/590 2479/589
f 2482/595 2456/596 2455/592 2480/591
f 2483/597 2462/598 2461/599 2481/600
f 2485/582 2457/581 2456/596 2482/595
f 2477/583 2463/586 2462/598 2483/597
f 2453/601 2471/602 2475/603 2452/604
f 2447/605 2474/606 2466/607 2446/608
f 2452/604 2475/603 2467/609 2451/610
f 2446/608 2466/607 2468/611 2445/612
f 2451/613 2467/614 2469/615 2450/616
f 2445/612 2468/611 2472/617 2444/618
f 2450/616 2469/615 2470/619 2449/620
f 2449/620 2470/619 2473/621 2448/622
f 2453/601 2444/618 2472/617 2471/602
f 2448/622 2473/621 2474/606 2447/605
f 2463/623 2454/624 2464/625
f 2459/626 2464/625 2458/627
f 2460/628 2464/625 2459/626
f 2455/629 2464/625 2454/624
f 2461/630 2464/625 2460/628
f 2456/631 2464/625 2455/629
f 2462/632 2464/625 2461/630
f 2457/633 2464/625 2456/631
f 2463/623 2464/625 2462/632
f 2458/627 2464/625 2457/633
f 2465/634 2453/635 2452/636
f 2465/634 2447/637 2446/638
f 2465/634 2452/636 2451/639
f 2465/634 2446/638 2445/640
f 2465/634 2451/639 2450/641
f 2465/634 2445/640 2444/642
f 2465/634 2450/641 2449/643
f 2465/634 2449/643 2448/644
f 2465/634 2444/642 2453/635
f 2465/634 2448/644 2447/637
f 2466/607 2482/595 2480/591 2468/611
f 2470/619 2478/587 2476/579 2473/621
f 2471/602 2472/617 2484/584 2477/583
f 2467/614 2481/593 2479/589 2469/615
f 2475/603 2483/597 2481/600 2467/609
f 2473/621 2476/579 2485/582 2474/606
f 2471/602 2477/583 2483/597 2475/603
f 2469/615 2479/589 2478/587 2470/619
f 2468/611 2480/591 2484/584 2472/617
f 2474/606 2485/582 2482/595 2466/607
f 358/385 704/525 411/570 324/386
f 357/387 699/487 412/488 325/388
f 355/389 689/489 413/490 326/390
f 353/391 677/491 414/492 327/392
f 350/393 664/493 415/494 328/394
f 351/395 669/495 416/496 329/396
f 352/397 670/497 417/498 330/398
f 363/399 727/499 418/500 331/400
f 361/401 720/501 419/502 332/402
f 409/403 812/503 420/504 333/404
f 359/405 297/505 421/506 334/406
f 336/407 423/507 422/508 335/408
f 345/409 635/571 451/517 337/410
f 344/412 568/509 450/510 338/413
f 347/414 645/511 457/512 339/415
f 343/416 175/513 456/514 340/417
f 184/476 58/477 43/103 159/102
f 110/252 59/478 45/359 106/253
f 130/483 58/484 60/140 199/139
f 218/572 52/573 61/144 190/143
f 174/150 63/149 53/574 176/645
f 210/152 61/144 52/573 131/481
f 59/485 110/486 114/259 62/258
f 63/149 113/263 109/482 53/574
f 110/486 130/483 199/139 114/259
f 218/479 184/476 159/102 147/313
f 58/477 130/251 134/254 43/103
f 165/480 176/121 146/123 204/411
f 194/290 174/150 176/645 165/291
f 339/415 457/512 614/515 342/418
f 113/263 210/152 131/481 109/482
f 52/125 218/479 147/313 42/99
f 342/418 614/515 175/513 343/416
f 184/575 218/572 190/143 193/298
f 341/419 616/516 568/509 344/412
f 337/410 451/517 616/516 341/419
f 58/484 184/575 193/298 60/140
f 59/478 165/480 204/411 45/359
f 328/420 415/576 635/571 345/409
f 329/396 416/496 642/518 346/421
f 333/422 420/519 645/511 347/414
f 334/406 421/506 650/577 348/423
f 330/398 417/498 655/520 349/424
f 346/421 642/518 664/493 350/393
f 349/424 655/520 669/495 351/395
f 360/425 709/521 670/497 352/397
f 338/413 450/510 677/491 353/391
f 327/426 414/522 680/523 354/427
f 354/427 680/523 689/489 355/389
f 326/390 413/490 692/524 356/428
f 356/428 692/524 699/487 357/387
f 325/388 412/488 704/525 358/385
f 335/408 422/508 297/505 359/405
f 331/400 418/500 709/521 360/425
f 332/429 419/526 311/527 362/430
f 340/417 456/514 720/501 361/401
f 362/430 311/527 727/499 363/399
f 348/423 650/577 812/503 409/403
f 762/385 1109/525 815/570 728/386
f 761/387 1104/487 816/488 729/388
f 759/389 1094/489 817/490 730/390
f 757/391 1082/491 818/492 731/392
f 754/393 1069/493 819/494 732/394
f 755/395 1074/495 820/496 733/396
f 756/397 1075/497 821/498 734/398
f 767/399 1134/499 822/500 735/400
f 765/401 1127/501 823/502 736/402
f 813/403 1219/503 824/504 737/404
f 763/405 1110/505 825/506 738/406
f 740/407 827/507 826/508 739/408
f 749/409 1040/571 855/517 741/410
f 748/412 972/509 854/510 742/413
f 751/414 1050/511 861/512 743/415
f 747/416 981/513 860/514 744/417
f 619/124 463/125 452/99 544/126
f 540/483 462/484 470/140 607/139
f 547/572 463/573 471/144 598/143
f 582/150 473/149 465/574 583/645
f 618/152 471/144 463/573 619/481
f 465/122 522/250 515/108 454/107
f 464/485 519/486 524/259 472/258
f 473/149 523/263 522/482 465/574
f 519/486 540/483 607/139 524/259
f 472/289 602/290 592/291 464/292
f 602/290 582/150 583/645 592/291
f 522/250 619/124 544/126 515/108
f 743/415 861/512 1018/515 746/418
f 746/418 1018/515 981/513 747/416
f 591/575 547/572 598/143 601/298
f 745/419 1020/516 972/509 748/412
f 741/410 855/517 1020/516 745/419
f 462/484 591/575 601/298 470/140
f 732/420 819/576 1040/571 749/409
f 733/396 820/496 1047/518 750/421
f 737/422 824/519 1050/511 751/414
f 738/406 825/506 1055/577 752/423
f 734/398 821/498 1060/520 753/424
f 750/421 1047/518 1069/493 754/393
f 753/424 1060/520 1074/495 755/395
f 764/425 1115/521 1075/497 756/397
f 742/413 854/510 1082/491 757/391
f 731/426 818/522 1085/523 758/427
f 758/427 1085/523 1094/489 759/389
f 730/390 817/490 1097/524 760/428
f 760/428 1097/524 1104/487 761/387
f 729/388 816/488 1109/525 762/385
f 739/408 826/508 1110/505 763/405
f 735/400 822/500 1115/521 764/425
f 736/429 823/526 1122/527 766/430
f 744/417 860/514 1127/501 765/401
f 766/430 1122/527 1134/499 767/399
f 419/435 787/383 769/384 311/436
f 614/450 792/319 793/113 175/451
f 297/459 772/81 785/84 421/455
f 311/436 769/384 768/57 727/439
f 175/451 793/113 795/116 456/454
f 422/475 784/92 772/81 297/459
f 752/423 1055/577 1219/503 813/403
f 1169/385 1547/525 1222/570 1135/386
f 1168/387 1541/487 1224/488 1136/388
f 1166/389 1530/489 1226/490 1137/390
f 1164/391 1516/491 1228/492 1138/392
f 1161/393 1499/493 1230/494 1139/394
f 1162/395 1505/495 1232/496 1140/396
f 1163/397 1508/497 1234/498 1141/398
f 1174/399 1577/499 1236/500 1142/400
f 1172/401 1569/501 1238/502 1143/402
f 1220/403 1664/503 1240/504 1144/404
f 1170/405 1550/505 1242/506 1145/406
f 1147/407 1246/507 1244/508 1146/408
f 1156/409 1467/571 1276/517 1148/410
f 1155/412 1395/509 1275/510 1149/413
f 1158/414 1479/511 1284/512 1150/415
f 1154/416 1405/513 1283/514 1151/417
f 995/476 871/477 857/103 973/102
f 1031/121 866/122 858/107 960/123
f 944/124 872/125 856/99 948/126
f 926/252 873/478 859/359 920/253
f 951/572 872/573 875/144 1002/143
f 987/150 877/149 866/574 1031/645
f 1022/152 875/144 872/573 944/481
f 866/122 925/250 919/108 858/107
f 1023/251 926/252 920/253 947/254
f 877/149 927/263 925/482 866/574
f 876/289 1006/290 996/291 873/292
f 871/477 1023/251 947/254 857/103
f 996/480 1031/121 960/123 1016/411
f 1006/290 987/150 1031/645 996/291
f 925/250 944/124 948/126 919/108
f 1150/415 1284/512 1443/515 1153/418
f 927/263 1022/152 944/481 925/482
f 872/125 951/479 961/313 856/99
f 1153/418 1443/515 1405/513 1154/416
f 995/575 951/572 1002/143 1005/298
f 1152/419 1446/516 1395/509 1155/412
f 1148/410 1276/517 1446/516 1152/419
f 871/484 995/575 1005/298 874/140
f 873/478 996/480 1016/411 859/359
f 1139/420 1230/576 1467/571 1156/409
f 1140/396 1232/496 1474/518 1157/421
f 1144/422 1240/519 1479/511 1158/414
f 1145/406 1242/506 1484/577 1159/423
f 1141/398 1234/498 1490/520 1160/424
f 1157/421 1474/518 1499/493 1161/393
f 1160/424 1490/520 1505/495 1162/395
f 1171/425 1556/521 1508/497 1163/397
f 1149/413 1275/510 1516/491 1164/391
f 1138/426 1228/522 1520/523 1165/427
f 1165/427 1520/523 1530/489 1166/389
f 1137/390 1226/490 1533/524 1167/428
f 1167/428 1533/524 1541/487 1168/387
f 1136/388 1224/488 1547/525 1169/385
f 1146/408 1244/508 1550/505 1170/405
f 1142/400 1236/500 1556/521 1171/425
f 1143/429 1238/526 1563/527 1173/430
f 1151/417 1283/514 1569/501 1172/401
f 1173/430 1563/527 1577/499 1174/399
f 1159/423 1484/577 1664/503 1220/403
f 1613/385 1548/525 1668/570 1579/386
f 1600/409 1894/571 1274/517 1592/410
f 1421/476 1296/477 1278/103 1396/102
f 1450/124 1289/125 1277/99 1370/126
f 1373/572 1289/573 1298/144 1427/143
f 1411/150 1300/149 1291/574 1413/645
f 1448/152 1298/144 1289/573 1450/481
f 1291/122 1349/250 1342/108 1279/107
f 1449/251 1346/252 1343/253 1369/254
f 1290/485 1346/486 1351/259 1299/258
f 1300/149 1350/263 1349/482 1291/574
f 1346/486 1449/483 1436/139 1351/259
f 1299/289 1431/290 1402/291 1290/292
f 1296/477 1449/251 1369/254 1278/103
f 1402/480 1413/121 1382/123 1441/411
f 1431/290 1411/150 1413/645 1402/291
f 1349/250 1450/124 1370/126 1342/108
f 1421/575 1373/572 1427/143 1430/298
f 1296/484 1421/575 1430/298 1297/140
f 1290/478 1402/480 1441/411 1280/359
f 1583/420 1229/576 1894/571 1600/409
f 1589/406 1241/506 1910/577 1603/423
f 1603/423 1910/577 1663/503 1665/403
f 1849/476 1723/477 1710/103 1825/102
f 1841/121 1726/122 1711/107 1812/123
f 1875/124 1724/125 1709/99 1801/126
f 1779/252 1725/478 1712/359 1773/253
f 1797/483 1723/484 1727/140 1864/139
f 1839/150 1730/149 1726/574 1841/645
f 1726/122 1778/250 1772/108 1711/107
f 1797/251 1779/252 1773/253 1800/254
f 1779/486 1797/483 1864/139 1781/259
f 1883/479 1849/476 1825/102 1813/313
f 1723/477 1797/251 1800/254 1710/103
f 1831/480 1841/121 1812/123 1869/411
f 1859/290 1839/150 1841/645 1831/291
f 1778/250 1875/124 1801/126 1772/108
f 1724/125 1883/479 1813/313 1709/99
f 1725/478 1831/480 1869/411 1712/359
f 1663/431 2076/73 2048/76 1239/432
f 1229/433 2045/329 2068/97 1894/434
f 1237/435 2049/383 2031/384 1564/436
f 1570/437 2032/65 2049/68 1237/438
f 1578/439 2030/57 2042/60 1235/440
f 1239/441 2048/339 2066/109 1478/442
f 1223/443 2060/12 2035/1 1548/444
f 1489/445 2064/350 2062/41 1506/446
f 1231/447 2044/44 2067/338 1475/448
f 1542/449 2036/9 2060/12 1223/443
f 1444/450 2054/319 2055/113 1412/451
f 1534/452 2037/374 2036/9 1542/449
f 1233/453 2043/52 2064/350 1489/445
f 1281/454 2057/116 2032/65 1570/437
f 1241/455 2047/84 2065/345 1910/456
f 1225/457 2059/20 2037/374 1534/452
f 1529/458 2038/17 2059/20 1225/457
f 1549/459 2034/81 2047/84 1241/455
f 1894/434 2068/97 2052/100 1274/460
f 1273/461 2051/104 2040/25 1515/462
f 1564/436 2031/384 2030/57 1578/439
f 1519/463 2039/363 2038/17 1529/458
f 1458/464 2056/314 2069/101 1394/465
f 1274/460 2052/100 2056/314 1458/464
f 1475/448 2067/338 2063/33 1500/466
f 1412/451 2055/113 2057/116 1281/454
f 1515/462 2040/25 2058/28 1227/467
f 1227/468 2058/360 2039/363 1519/463
f 1478/442 2066/109 2050/112 1282/469
f 1500/466 2063/33 2045/36 1229/470
f 1548/444 2035/1 2061/4 1668/471
f 1555/472 2033/354 2041/49 1507/473
f 1507/473 2041/49 2043/52 1233/453
f 1394/465 2069/101 2051/104 1273/461
f 1282/469 2050/112 2054/319 1444/450
f 1235/440 2042/60 2033/354 1555/472
f 1506/446 2062/41 2044/44 1231/447
f 1245/474 2053/89 2046/92 1243/475
f 1243/475 2046/92 2034/81 1549/459
f 1910/456 2065/345 2076/73 1663/431
f 1/570 2358/386 2392/385 296/525
f 2391/387 291/487 2/488 2359/388
f 2389/389 281/489 3/490 2360/390
f 2387/391 269/491 4/492 2361/392
f 2384/393 256/493 5/494 2362/394
f 2385/395 261/495 6/496 2363/396
f 2386/397 262/497 7/498 2364/398
f 2397/399 323/499 8/500 2365/400
f 2395/401 316/501 9/502 2366/402
f 2442/403 408/503 10/504 2367/404
f 2393/405 298/505 11/506 2368/406
f 2370/407 13/507 12/508 2369/408
f 2379/409 227/571 41/517 2371/410
f 2378/412 158/509 40/510 2372/413
f 2381/414 237/511 47/512 2373/415
f 2377/416 168/513 46/514 2374/417
f 2190/124 2119/125 2104/99 2194/126
f 2265/483 2112/484 2120/140 2255/139
f 2231/150 2123/149 2114/574 2232/645
f 2264/152 2121/144 2119/573 2190/481
f 2265/251 2170/252 2166/253 2193/254
f 2113/485 2170/486 2174/259 2122/258
f 2123/149 2173/263 2169/482 2114/574
f 2170/486 2265/483 2255/139 2174/259
f 2122/289 2250/290 2223/291 2113/292
f 2273/479 2240/476 2217/102 2206/313
f 2112/477 2265/251 2193/254 2105/103
f 2223/480 2232/121 2205/123 2260/411
f 2250/290 2231/150 2232/645 2223/291
f 2373/415 47/512 206/515 2376/418
f 2173/263 2264/152 2190/481 2169/482
f 2119/125 2273/479 2206/313 2104/99
f 2376/418 206/515 168/513 2377/416
f 2240/575 2273/572 2246/143 2249/298
f 2375/419 208/516 158/509 2378/412
f 2371/410 41/517 208/516 2375/419
f 2112/484 2240/575 2249/298 2120/140
f 2113/478 2223/480 2260/411 2107/359
f 2362/420 5/576 227/571 2379/409
f 2363/396 6/496 234/518 2380/421
f 2367/422 10/519 237/511 2381/414
f 2368/406 11/506 242/577 2382/423
f 2364/398 7/498 247/520 2383/424
f 2380/421 234/518 256/493 2384/393
f 2383/424 247/520 261/495 2385/395
f 2394/425 303/521 262/497 2386/397
f 2372/413 40/510 269/491 2387/391
f 2361/426 4/522 272/523 2388/427
f 2388/427 272/523 281/489 2389/389
f 2360/390 3/490 284/524 2390/428
f 2390/428 284/524 291/487 2391/387
f 2359/388 2/488 296/525 2392/385
f 2369/408 12/508 298/505 2393/405
f 2365/400 8/500 303/521 2394/425
f 2366/429 9/526 310/527 2396/430
f 2374/417 46/514 316/501 2395/401
f 2396/430 310/527 323/499 2397/399
f 2074/431 2443/73 2416/76 1677/432
f 1672/433 2413/329 2436/97 1893/434
f 1676/435 2417/383 2399/384 1977/436
f 1982/437 2400/65 2417/68 1676/438
f 1989/439 2398/57 2410/60 1675/440
f 1677/441 2416/339 2434/109 1904/442
f 1669/443 2428/12 2403/1 1964/444
f 1915/445 2432/350 2430/41 1929/446
f 1673/447 2412/44 2435/338 1901/448
f 1959/449 2404/9 2428/12 1669/443
f 1871/450 2422/319 2423/113 1840/451
f 1952/452 2405/374 2404/9 1959/449
f 1674/453 2411/52 2432/350 1915/445
f 1713/454 2425/116 2400/65 1982/437
f 1678/455 2415/84 2433/345 1909/456
f 1670/457 2427/20 2405/374 1952/452
f 1949/458 2406/17 2427/20 1670/457
f 1965/459 2402/81 2415/84 1678/455
f 1893/434 2436/97 2420/100 1708/460
f 1707/461 2419/104 2408/25 1937/462
f 1977/436 2399/384 2398/57 1989/439
f 1940/463 2407/363 2406/17 1949/458
f 1884/464 2424/314 2437/101 1824/465
f 1708/460 2420/100 2424/314 1884/464
f 1901/448 2435/338 2431/33 1924/466
f 1840/451 2423/113 2425/116 1713/454
f 1937/462 2408/25 2426/28 1671/467
f 1671/468 2426/360 2407/363 1940/463
f 1904/442 2434/109 2418/112 1714/469
f 1924/466 2431/33 2413/36 1672/470
f 1964/444 2403/1 2429/4 1667/471
f 1970/472 2401/354 2409/49 1930/473
f 1930/473 2409/49 2411/52 1674/453
f 1824/465 2437/101 2419/104 1707/461
f 1714/469 2418/112 2422/319 1871/450
f 1675/440 2410/60 2401/354 1970/472
f 1929/446 2430/41 2412/44 1673/447
f 1680/474 2421/89 2414/92 1679/475
f 1679/475 2414/92 2402/81 1965/459
f 2382/423 242/577 408/503 2442/403
f 1909/456 2433/345 2443/73 2074/431
f 2518/579 2500/580 2499/581 2527/582
f 2519/583 2526/584 2496/585 2505/586
f 2520/587 2501/588 2500/580 2518/579
f 2521/589 2502/590 2501/588 2520/587
f 2522/591 2497/592 2496/585 2526/584
f 2523/593 2503/594 2502/590 2521/589
f 2524/595 2498/596 2497/592 2522/591
f 2525/597 2504/598 2503/599 2523/600
f 2527/582 2499/581 2498/596 2524/595
f 2519/583 2505/586 2504/598 2525/597
f 2495/601 2513/602 2517/603 2494/604
f 2489/605 2516/606 2508/607 2488/608
f 2494/604 2517/603 2509/609 2493/610
f 2488/608 2508/607 2510/611 2487/612
f 2493/613 2509/614 2511/615 2492/616
f 2487/612 2510/611 2514/617 2486/618
f 2492/616 2511/615 2512/619 2491/620
f 2491/620 2512/619 2515/621 2490/622
f 2495/601 2486/618 2514/617 2513/602
f 2490/622 2515/621 2516/606 2489/605
f 2505/623 2496/624 2506/625
f 2501/626 2506/625 2500/627
f 2502/628 2506/625 2501/626
f 2497/629 2506/625 2496/624
f 2503/630 2506/625 2502/628
f 2498/631 2506/625 2497/629
f 2504/632 2506/625 2503/630
f 2499/633 2506/625 2498/631
f 2505/623 2506/625 2504/632
f 2500/627 2506/625 2499/633
f 2507/634 2495/635 2494/636
f 2507/634 2489/637 2488/638
f 2507/634 2494/636 2493/639
f 2507/634 2488/638 2487/640
f 2507/634 2493/639 2492/641
f 2507/634 2487/640 2486/642
f 2507/634 2492/641 2491/643
f 2507/634 2491/643 2490/644
f 2507/634 2486/642 2495/635
f 2507/634 2490/644 2489/637
f 2508/607 2524/595 2522/591 2510/611
f 2512/619 2520/587 2518/579 2515/621
f 2513/602 2514/617 2526/584 2519/583
f 2509/614 2523/593 2521/589 2511/615
f 2517/603 2525/597 2523/600 2509/609
f 2515/621 2518/579 2527/582 2516/606
f 2513/602 2519/583 2525/597 2517/603
f 2511/615 2521/589 2520/587 2512/619
f 2510/611 2522/591 2526/584 2514/617
f 2516/606 2527/582 2524/595 2508/607
f 2560/579 2542/580 2541/581 2569/582
f 2561/583 2568/584 2538/585 2547/586
f 2562/587 2543/588 2542/580 2560/579
f 2563/589 2544/590 2543/588 2562/587
f 2564/591 2539/592 2538/585 2568/584
f 2565/593 2545/594 2544/590 2563/589
f 2566/595 2540/596 2539/592 2564/591
f 2567/597 2546/598 2545/599 2565/600
f 2569/582 2541/581 2540/596 2566/595
f 2561/583 2547/586 2546/598 2567/597
f 2537/601 2555/602 2559/603 2536/604
f 2531/605 2558/606 2550/607 2530/608
f 2536/604 2559/603 2551/609 2535/610
f 2530/608 2550/607 2552/611 2529/612
f 2535/613 2551/614 2553/615 2534/616
f 2529/612 2552/611 2556/617 2528/618
f 2534/616 2553/615 2554/619 2533/620
f 2533/620 2554/619 2557/621 2532/622
f 2537/601 2528/618 2556/617 2555/602
f 2532/622 2557/621 2558/606 2531/605
f 2547/623 2538/624 2548/625
f 2543/626 2548/625 2542/627
f 2544/628 2548/625 2543/626
f 2539/629 2548/625 2538/624
f 2545/630 2548/625 2544/628
f 2540/631 2548/625 2539/629
f 2546/632 2548/625 2545/630
f 2541/633 2548/625 2540/631
f 2547/623 2548/625 2546/632
f 2542/627 2548/625 2541/633
f 2549/634 2537/635 2536/636
f 2549/634 2531/637 2530/638
f 2549/634 2536/636 2535/639
f 2549/634 2530/638 2529/640
f 2549/634 2535/639 2534/641
f 2549/634 2529/640 2528/642
f 2549/634 2534/641 2533/643
f 2549/634 2533/643 2532/644
f 2549/634 2528/642 2537/635
f 2549/634 2532/644 2531/637
f 2550/607 2566/595 2564/591 2552/611
f 2554/619 2562/587 2560/579 2557/621
f 2555/602 2556/617 2568/584 2561/583
f 2551/614 2565/593 2563/589 2553/615
f 2559/603 2567/597 2565/600 2551/609
f 2557/621 2560/579 2569/582 2558/606
f 2555/602 2561/583 2567/597 2559/603
f 2553/615 2563/589 2562/587 2554/619
f 2552/611 2564/591 2568/584 2556/617
f 2558/606 2569/582 2566/595 2550/607
f 2602/579 2584/580 2583/581 2611/582
f 2603/583 2610/584 2580/585 2589/586
f 2604/587 2585/588 2584/580 2602/579
f 2605/589 2586/590 2585/588 2604/587
f 2606/591 2581/592 2580/585 2610/584
f 2607/593 2587/594 2586/590 2605/589
f 2608/595 2582/596 2581/592 2606/591
f 2609/597 2588/598 2587/599 2607/600
f 2611/582 2583/581 2582/596 2608/595
f 2603/583 2589/586 2588/598 2609/597
f 2579/601 2597/602 2601/603 2578/604
f 2573/605 2600/606 2592/607 2572/608
f 2578/604 2601/603 2593/609 2577/610
f 2572/608 2592/607 2594/611 2571/612
f 2577/613 2593/614 2595/615 2576/616
f 2571/612 2594/611 2598/617 2570/618
f 2576/616 2595/615 2596/619 2575/620
f 2575/620 2596/619 2599/621 2574/622
f 2579/601 2570/618 2598/617 2597/602
f 2574/622 2599/621 2600/606 2573/605
f 2589/623 2580/624 2590/625
f 2585/626 2590/625 2584/627
f 2586/628 2590/625 2585/626
f 2581/629 2590/625 2580/624
f 2587/630 2590/625 2586/628
f 2582/631 2590/625 2581/629
f 2588/632 2590/625 2587/630
f 2583/633 2590/625 2582/631
f 2589/623 2590/625 2588/632
f 2584/627 2590/625 2583/633
f 2591/634 2579/635 2578/636
f 2591/634 2573/637 2572/638
f 2591/634 2578/636 2577/639
f 2591/634 2572/638 2571/640
f 2591/634 2577/639 2576/641
f 2591/634 2571/640 2570/642
f 2591/634 2576/641 2575/643
f 2591/634 2575/643 2574/644
f 2591/634 2570/642 2579/635
f 2591/634 2574/644 2573/637
f 2592/607 2608/595 2606/591 2594/611
f 2596/619 2604/587 2602/579 2599/621
f 2597/602 2598/617 2610/584 2603/583
f 2593/614 2607/593 2605/589 2595/615
f 2601/603 2609/597 2607/600 2593/609
f 2599/621 2602/579 2611/582 2600/606
f 2597/602 2603/583 2609/597 2601/603
f 2595/615 2605/589 2604/587 2596/619
f 2594/611 2606/591 2610/584 2598/617
f 2600/606 2611/582 2608/595 2592/607
f 2644/579 2626/580 2625/581 2653/582
f 2645/583 2652/584 2622/585 2631/586
f 2646/587 2627/588 2626/580 2644/579
f 2647/589 2628/590 2627/588 2646/587
f 2648/591 2623/592 2622/585 2652/584
f 2649/593 2629/594 2628/590 2647/589
f 2650/595 2624/596 2623/592 2648/591
f 2651/597 2630/598 2629/599 2649/600
f 2653/582 2625/581 2624/596 2650/595
f 2645/583 2631/586 2630/598 2651/597
f 2621/601 2639/602 2643/603 2620/604
f 2615/605 2642/606 2634/607 2614/608
f 2620/604 2643/603 2635/609 2619/610
f 2614/608 2634/607 2636/611 2613/612
f 2619/613 2635/614 2637/615 2618/616
f 2613/612 2636/611 2640/617 2612/618
f 2618/616 2637/615 2638/619 2617/620
f 2617/620 2638/619 2641/621 2616/622
f 2621/601 2612/618 2640/617 2639/602
f 2616/622 2641/621 2642/606 2615/605
f 2631/623 2622/624 2632/625
f 2627/626 2632/625 2626/627
f 2628/628 2632/625 2627/626
f 2623/629 2632/625 2622/624
f 2629/630 2632/625 2628/628
f 2624/631 2632/625 2623/629
f 2630/632 2632/625 2629/630
f 2625/633 2632/625 2624/631
f 2631/623 2632/625 2630/632
f 2626/627 2632/625 2625/633
f 2633/634 2621/635 2620/636
f 2633/634 2615/637 2614/638
f 2633/634 2620/636 2619/639
f 2633/634 2614/638 2613/640
f 2633/634 2619/639 2618/641
f 2633/634 2613/640 2612/642
f 2633/634 2618/641 2617/643
f 2633/634 2617/643 2616/644
f 2633/634 2612/642 2621/635
f 2633/634 2616/644 2615/637
f 2634/607 2650/595 2648/591 2636/611
f 2638/619 2646/587 2644/579 2641/621
f 2639/602 2640/617 2652/584 2645/583
f 2635/614 2649/593 2647/589 2637/615
f 2643/603 2651/597 2649/600 2635/609
f 2641/621 2644/579 2653/582 2642/606
f 2639/602 2645/583 2651/597 2643/603
f 2637/615 2647/589 2646/587 2638/619
f 2636/611 2648/591 2652/584 2640/617
f 2642/606 2653/582 2650/595 2634/607
f 2686/579 2668/580 2667/581 2695/582
f 2687/583 2694/584 2664/585 2673/586
f 2688/587 2669/588 2668/580 2686/579
f 2689/589 2670/590 2669/588 2688/587
f 2690/591 2665/592 2664/585 2694/584
f 2691/593 2671/594 2670/590 2689/589
f 2692/595 2666/596 2665/592 2690/591
f 2693/597 2672/598 2671/599 2691/600
f 2695/582 2667/581 2666/596 2692/595
f 2687/583 2673/586 2672/598 2693/597
f 2663/601 2681/602 2685/603 2662/604
f 2657/605 2684/606 2676/607 2656/608
f 2662/604 2685/603 2677/609 2661/610
f 2656/608 2676/607 2678/611 2655/612
f 2661/613 2677/614 2679/615 2660/616
f 2655/612 2678/611 2682/617 2654/618
f 2660/616 2679/615 2680/619 2659/620
f 2659/620 2680/619 2683/621 2658/622
f 2663/601 2654/618 2682/617 2681/602
f 2658/622 2683/621 2684/606 2657/605
f 2673/623 2664/624 2674/625
f 2669/626 2674/625 2668/627
f 2670/628 2674/625 2669/626
f 2665/629 2674/625 2664/624
f 2671/630 2674/625 2670/628
f 2666/631 2674/625 2665/629
f 2672/632 2674/625 2671/630
f 2667/633 2674/625 2666/631
f 2673/623 2674/625 2672/632
f 2668/627 2674/625 2667/633
f 2675/634 2663/635 2662/636
f 2675/634 2657/637 2656/638
f 2675/634 2662/636 2661/639
f 2675/634 2656/638 2655/640
f 2675/634 2661/639 2660/641
f 2675/634 2655/640 2654/642
f 2675/634 2660/641 2659/643
f 2675/634 2659/643 2658/644
f 2675/634 2654/642 2663/635
f 2675/634 2658/644 2657/637
f 2676/607 2692/595 2690/591 2678/611
f 2680/619 2688/587 2686/579 2683/621
f 2681/602 2682/617 2694/584 2687/583
f 2677/614 2691/593 2689/589 2679/615
f 2685/603 2693/597 2691/600 2677/609
f 2683/621 2686/579 2695/582 2684/606
f 2681/602 2687/583 2693/597 2685/603
f 2679/615 2689/589 2688/587 2680/619
f 2678/611 2690/591 2694/584 2682/617
f 2684/606 2695/582 2692/595 2676/607
f 2728/579 2710/580 2709/581 2737/582
f 2729/583 2736/584 2706/585 2715/586
f 2730/587 2711/588 2710/580 2728/579
f 2731/589 2712/590 2711/588 2730/587
f 2732/591 2707/592 2706/585 2736/584
f 2733/593 2713/594 2712/590 2731/589
f 2734/595 2708/596 2707/592 2732/591
f 2735/597 2714/598 2713/599 2733/600
f 2737/582 2709/581 2708/596 2734/595
f 2729/583 2715/586 2714/598 2735/597
f 2705/601 2723/602 2727/603 2704/604
f 2699/605 2726/606 2718/607 2698/608
f 2704/604 2727/603 2719/609 2703/610
f 2698/608 2718/607 2720/611 2697/612
f 2703/613 2719/614 2721/615 2702/616
f 2697/612 2720/611 2724/617 2696/618
f 2702/616 2721/615 2722/619 2701/620
f 2701/620 2722/619 2725/621 2700/622
f 2705/601 2696/618 2724/617 2723/602
f 2700/622 2725/621 2726/606 2699/605
f 2715/623 2706/624 2716/625
f 2711/626 2716/625 2710/627
f 2712/628 2716/625 2711/626
f 2707/629 2716/625 2706/624
f 2713/630 2716/625 2712/628
f 2708/631 2716/625 2707/629
f 2714/632 2716/625 2713/630
f 2709/633 2716/625 2708/631
f 2715/623 2716/625 2714/632
f 2710/627 2716/625 2709/633
f 2717/634 2705/635 2704/636
f 2717/634 2699/637 2698/638
f 2717/634 2704/636 2703/639
f 2717/634 2698/638 2697/640
f 2717/634 2703/639 2702/641
f 2717/634 2697/640 2696/642
f 2717/634 2702/641 2701/643
f 2717/634 2701/643 2700/644
f 2717/634 2696/642 2705/635
f 2717/634 2700/644 2699/637
f 2718/607 2734/595 2732/591 2720/611
f 2722/619 2730/587 2728/579 2725/621
f 2723/602 2724/617 2736/584 2729/583
f 2719/614 2733/593 2731/589 2721/615
f 2727/603 2735/597 2733/600 2719/609
f 2725/621 2728/579 2737/582 2726/606
f 2723/602 2729/583 2735/597 2727/603
f 2721/615 2731/589 2730/587 2722/619
f 2720/611 2732/591 2736/584 2724/617
f 2726/606 2737/582 2734/595 2718/607
f 2770/579 2752/580 2751/581 2779/582
f 2771/583 2778/584 2748/585 2757/586
f 2772/587 2753/588 2752/580 2770/579
f 2773/589 2754/590 2753/588 2772/587
f 2774/591 2749/592 2748/585 2778/584
f 2775/593 2755/594 2754/590 2773/589
f 2776/595 2750/596 2749/592 2774/591
f 2777/597 2756/598 2755/599 2775/600
f 2779/582 2751/581 2750/596 2776/595
f 2771/583 2757/586 2756/598 2777/597
f 2747/601 2765/602 2769/603 2746/604
f 2741/605 2768/606 2760/607 2740/608
f 2746/604 2769/603 2761/609 2745/610
f 2740/608 2760/607 2762/611 2739/612
f 2745/613 2761/614 2763/615 2744/616
f 2739/612 2762/611 2766/617 2738/618
f 2744/616 2763/615 2764/619 2743/620
f 2743/620 2764/619 2767/621 2742/622
f 2747/601 2738/618 2766/617 2765/602
f 2742/622 2767/621 2768/606 2741/605
f 2757/623 2748/624 2758/625
f 2753/626 2758/625 2752/627
f 2754/628 2758/625 2753/626
f 2749/629 2758/625 2748/624
f 2755/630 2758/625 2754/628
f 2750/631 2758/625 2749/629
f 2756/632 2758/625 2755/630
f 2751/633 2758/625 2750/631
f 2757/623 2758/625 2756/632
f 2752/627 2758/625 2751/633
f 2759/634 2747/635 2746/636
f 2759/634 2741/637 2740/638
f 2759/634 2746/636 2745/639
f 2759/634 2740/638 2739/640
f 2759/634 2745/639 2744/641
f 2759/634 2739/640 2738/642
f 2759/634 2744/641 2743/643
f 2759/634 2743/643 2742/644
f 2759/634 2738/642 2747/635
f 2759/634 2742/644 2741/637
f 2760/607 2776/595 2774/591 2762/611
f 2764/619 2772/587 2770/579 2767/621
f 2765/602 2766/617 2778/584 2771/583
f 2761/614 2775/593 2773/589 2763/615
f 2769/603 2777/597 2775/600 2761/609
f 2767/621 2770/579 2779/582 2768/606
f 2765/602 2771/583 2777/597 2769/603
f 2763/615 2773/589 2772/587 2764/619
f 2762/611 2774/591 2778/584 2766/617
f 2768/606 2779/582 2776/595 2760/607
f 2791/606 2780/582 2783/595 2799/607
f 2797/611 2785/591 2781/584 2793/617
f 2796/615 2786/589 2787/587 2795/619
f 2794/602 2788/583 2782/597 2790/603
f 2792/621 2789/579 2780/582 2791/606
f 2790/603 2782/597 2784/600 2798/609
f 2798/614 2784/593 2786/589 2796/615
f 2794/602 2793/617 2781/584 2788/583
f 2795/619 2787/587 2789/579 2792/621
f 2799/607 2783/595 2785/591 2797/611
f 2800/634 2817/644 2818/637
f 2800/634 2821/642 2812/635
f 2800/634 2816/643 2817/644
f 2800/634 2815/641 2816/643
f 2800/634 2820/640 2821/642
f 2800/634 2814/639 2815/641
f 2800/634 2819/638 2820/640
f 2800/634 2813/636 2814/639
f 2800/634 2818/637 2819/638
f 2800/634 2812/635 2813/636
f 2807/627 2801/625 2808/633
f 2802/623 2801/625 2803/632
f 2808/633 2801/625 2809/631
f 2803/632 2801/625 2804/630
f 2809/631 2801/625 2810/629
f 2804/630 2801/625 2805/628
f 2810/629 2801/625 2811/624
f 2805/628 2801/625 2806/626
f 2806/626 2801/625 2807/627
f 2802/623 2811/624 2801/625
f 2817/622 2792/621 2791/606 2818/605
f 2812/601 2821/618 2793/617 2794/602
f 2816/620 2795/619 2792/621 2817/622
f 2815/616 2796/615 2795/619 2816/620
f 2820/612 2797/611 2793/617 2821/618
f 2814/613 2798/614 2796/615 2815/616
f 2819/608 2799/607 2797/611 2820/612
f 2813/604 2790/603 2798/609 2814/610
f 2818/605 2791/606 2799/607 2819/608
f 2812/601 2794/602 2790/603 2813/604
f 2788/583 2802/586 2803/598 2782/597
f 2780/582 2808/581 2809/596 2783/595
f 2782/597 2803/598 2804/599 2784/600
f 2783/595 2809/596 2810/592 2785/591
f 2784/593 2804/594 2805/590 2786/589
f 2785/591 2810/592 2811/585 2781/584
f 2786/589 2805/590 2806/588 2787/587
f 2787/587 2806/588 2807/580 2789/579
f 2788/583 2781/584 2811/585 2802/586
f 2789/579 2807/580 2808/581 2780/582
f 2854/579 2836/580 2835/581 2863/582
f 2855/583 2862/584 2832/585 2841/586
f 2856/587 2837/588 2836/580 2854/579
f 2857/589 2838/590 2837/588 2856/587
f 2858/591 2833/592 2832/585 2862/584
f 2859/593 2839/594 2838/590 2857/589
f 2860/595 2834/596 2833/592 2858/591
f 2861/597 2840/598 2839/599 2859/600
f 2863/582 2835/581 2834/596 2860/595
f 2855/583 2841/586 2840/598 2861/597
f 2831/601 2849/602 2853/603 2830/604
f 2825/605 2852/606 2844/607 2824/608
f 2830/604 2853/603 2845/609 2829/610
f 2824/608 2844/607 2846/611 2823/612
f 2829/613 2845/614 2847/615 2828/616
f 2823/612 2846/611 2850/617 2822/618
f 2828/616 2847/615 2848/619 2827/620
f 2827/620 2848/619 2851/621 2826/622
f 2831/601 2822/618 2850/617 2849/602
f 2826/622 2851/621 2852/606 2825/605
f 2841/623 2832/624 2842/625
f 2837/626 2842/625 2836/627
f 2838/628 2842/625 2837/626
f 2833/629 2842/625 2832/624
f 2839/630 2842/625 2838/628
f 2834/631 2842/625 2833/629
f 2840/632 2842/625 2839/630
f 2835/633 2842/625 2834/631
f 2841/623 2842/625 2840/632
f 2836/627 2842/625 2835/633
f 2843/634 2831/635 2830/636
f 2843/634 2825/637 2824/638
f 2843/634 2830/636 2829/639
f 2843/634 2824/638 2823/640
f 2843/634 2829/639 2828/641
f 2843/634 2823/640 2822/642
f 2843/634 2828/641 2827/643
f 2843/634 2827/643 2826/644
f 2843/634 2822/642 2831/635
f 2843/634 2826/644 2825/637
f 2844/607 2860/595 2858/591 2846/611
f 2848/619 2856/587 2854/579 2851/621
f 2849/602 2850/617 2862/584 2855/583
f 2845/614 2859/593 2857/589 2847/615
f 2853/603 2861/597 2859/600 2845/609
f 2851/621 2854/579 2863/582 2852/606
f 2849/602 2855/583 2861/597 2853/603
f 2847/615 2857/589 2856/587 2848/619
f 2846/611 2858/591 2862/584 2850/617
f 2852/606 2863/582 2860/595 2844/607
f 2896/579 2878/580 2877/581 2905/582
f 2897/583 2904/584 2874/585 2883/586
f 2898/587 2879/588 2878/580 2896/579
f 2899/589 2880/590 2879/588 2898/587
f 2900/591 2875/592 2874/585 2904/584
f 2901/593 2881/594 2880/590 2899/589
f 2902/595 2876/596 2875/592 2900/591
f 2903/597 2882/598 2881/599 2901/600
f 2905/582 2877/581 2876/596 2902/595
f 2897/583 2883/586 2882/598 2903/597
f 2873/601 2891/602 2895/603 2872/604
f 2867/605 2894/606 2886/607 2866/608
f 2872/604 2895/603 2887/609 2871/610
f 2866/608 2886/607 2888/611 2865/612
f 2871/613 2887/614 2889/615 2870/616
f 2865/612 2888/611 2892/617 2864/618
f 2870/616 2889/615 2890/619 2869/620
f 2869/620 2890/619 2893/621 2868/622
f 2873/601 2864/618 2892/617 2891/602
f 2868/622 2893/621 2894/606 2867/605
f 2883/623 2874/624 2884/625
f 2879/626 2884/625 2878/627
f 2880/628 2884/625 2879/626
f 2875/629 2884/625 2874/624
f 2881/630 2884/625 2880/628
f 2876/631 2884/625 2875/629
f 2882/632 2884/625 2881/630
f 2877/633 2884/625 2876/631
f 2883/623 2884/625 2882/632
f 2878/627 2884/625 2877/633
f 2885/634 2873/635 2872/636
f 2885/634 2867/637 2866/638
f 2885/634 2872/636 2871/639
f 2885/634 2866/638 2865/640
f 2885/634 2871/639 2870/641
f 2885/634 2865/640 2864/642
f 2885/634 2870/641 2869/643
f 2885/634 2869/643 2868/644
f 2885/634 2864/642 2873/635
f 2885/634 2868/644 2867/637
f 2886/607 2902/595 2900/591 2888/611
f 2890/619 2898/587 2896/579 2893/621
f 2891/602 2892/617 2904/584 2897/583
f 2887/614 2901/593 2899/589 2889/615
f 2895/603 2903/597 2901/600 2887/609
f 2893/621 2896/579 2905/582 2894/606
f 2891/602 2897/583 2903/597 2895/603
f 2889/615 2899/589 2898/587 2890/619
f 2888/611 2900/591 2904/584 2892/617
f 2894/606 2905/582 2902/595 2886/607
f 2938/579 2920/580 2919/581 2947/582
f 2939/583 2946/584 2916/585 2925/586
f 2940/587 2921/588 2920/580 2938/579
f 2941/589 2922/590 2921/588 2940/587
f 2942/591 2917/592 2916/585 2946/584
f 2943/593 2923/594 2922/590 2941/589
f 2944/595 2918/596 2917/592 2942/591
f 2945/597 2924/598 2923/599 2943/600
f 2947/582 2919/581 2918/596 2944/595
f 2939/583 2925/586 2924/598 2945/597
f 2915/601 2933/602 2937/603 2914/604
f 2909/605 2936/606 2928/607 2908/608
f 2914/604 2937/603 2929/609 2913/610
f 2908/608 2928/607 2930/611 2907/612
f 2913/613 2929/614 2931/615 2912/616
f 2907/612 2930/611 2934/617 2906/618
f 2912/616 2931/615 2932/619 2911/620
f 2911/620 2932/619 2935/621 2910/622
f 2915/601 2906/618 2934/617 2933/602
f 2910/622 2935/621 2936/606 2909/605
f 2925/623 2916/624 2926/625
f 2921/626 2926/625 2920/627
f 2922/628 2926/625 2921/626
f 2917/629 2926/625 2916/624
f 2923/630 2926/625 2922/628
f 2918/631 2926/625 2917/629
f 2924/632 2926/625 2923/630
f 2919/633 2926/625 2918/631
f 2925/623 2926/625 2924/632
f 2920/627 2926/625 2919/633
f 2927/634 2915/635 2914/636
f 2927/634 2909/637 2908/638
f 2927/634 2914/636 2913/639
f 2927/634 2908/638 2907/640
f 2927/634 2913/639 2912/641
f 2927/634 2907/640 2906/642
f 2927/634 2912/641 2911/643
f 2927/634 2911/643 2910/644
f 2927/634 2906/642 2915/635
f 2927/634 2910/644 2909/637
f 2928/607 2944/595 2942/591 2930/611
f 2932/619 2940/587 2938/579 2935/621
f 2933/602 2934/617 2946/584 2939/583
f 2929/614 2943/593 2941/589 2931/615
f 2937/603 2945/597 2943/600 2929/609
f 2935/621 2938/579 2947/582 2936/606
f 2933/602 2939/583 2945/597 2937/603
f 2931/615 2941/589 2940/587 2932/619
f 2930/611 2942/591 2946/584 2934/617
f 2936/606 2947/582 2944/595 2928/607
f 2959/606 2948/582 2951/595 2967/607
f 2965/611 2953/591 2949/584 2961/617
f 2964/615 2954/589 2955/587 2963/619
f 2962/602 2956/583 2950/597 2958/603
f 2960/621 2957/579 2948/582 2959/606
f 2958/603 2950/597 2952/600 2966/609
f 2966/614 2952/593 2954/589 2964/615
f 2962/602 2961/617 2949/584 2956/583
f 2963/619 2955/587 2957/579 2960/621
f 2967/607 2951/595 2953/591 2965/611
f 2968/634 2985/644 2986/637
f 2968/634 2989/642 2980/635
f 2968/634 2984/643 2985/644
f 2968/634 2983/641 2984/643
f 2968/634 2988/640 2989/642
f 2968/634 2982/639 2983/641
f 2968/634 2987/638 2988/640
f 2968/634 2981/636 2982/639
f 2968/634 2986/637 2987/638
f 2968/634 2980/635 2981/636
f 2975/627 2969/625 2976/633
f 2970/623 2969/625 2971/632
f 2976/633 2969/625 2977/631
f 2971/632 2969/625 2972/630
f 2977/631 2969/625 2978/629
f 2972/630 2969/625 2973/628
f 2978/629 2969/625 2979/624
f 2973/628 2969/625 2974/626
f 2974/626 2969/625 2975/627
f 2970/623 2979/624 2969/625
f 2985/622 2960/621 2959/606 2986/605
f 2980/601 2989/618 2961/617 2962/602
f 2984/620 2963/619 2960/621 2985/622
f 2983/616 2964/615 2963/619 2984/620
f 2988/612 2965/611 2961/617 2989/618
f 2982/613 2966/614 2964/615 2983/616
f 2987/608 2967/607 2965/611 2988/612
f 2981/604 2958/603 2966/609 2982/610
f 2986/605 2959/606 2967/607 2987/608
f 2980/601 2962/602 2958/603 2981/604
f 2956/583 2970/586 2971/598 2950/597
f 2948/582 2976/581 2977/596 2951/595
f 2950/597 2971/598 2972/599 2952/600
f 2951/595 2977/596 2978/592 2953/591
f 2952/593 2972/594 2973/590 2954/589
f 2953/591 2978/592 2979/585 2949/584
f 2954/589 2973/590 2974/588 2955/587
f 2955/587 2974/588 2975/580 2957/579
f 2956/583 2949/584 2979/585 2970/586
f 2957/579 2975/580 2976/581 2948/582
